2026-08-16 15:11:55 | WARNING | (trapped) error reading bcrypt version
Traceback (most recent call last):
  File "C:\Users\HP PC\AppData\Roaming\Python\Python313\site-packages\passlib\handlers\bcrypt.py", line 620, in _load_backend_mixin
    version = _bcrypt.__about__.__version__
              ^^^^^^^^^^^^^^^^^
AttributeError: module 'bcrypt' has no attribute '__about__'
2026-08-16 16:08:25 | ERROR | Task exception was never retrieved
future: <Task finished name='Task-3' coro=<periodic_payment_check() done, defined at C:\Users\HP PC\Desktop\sweetsnipe\web\backend\main.py:43> exception=NameError("name 'logger' is not defined")>
Traceback (most recent call last):
  File "C:\Users\HP PC\AppData\Roaming\Python\Python313\site-packages\sqlalchemy\engine\base.py", line 1967, in _exec_single_context
    self.dialect.do_execute(
    ~~~~~~~~~~~~~~~~~~~~~~~^
        cursor, str_statement, effective_parameters, context
        ^^^^^^^^^^^^^^^^^^^^^^^^^^^^^^^^^^^^^^^^^^^^^^^^^^^^
    )
    ^
  File "C:\Users\HP PC\AppData\Roaming\Python\Python313\site-packages\sqlalchemy\engine\default.py", line 941, in do_execute
    cursor.execute(statement, parameters)
    ~~~~~~~~~~~~~~^^^^^^^^^^^^^^^^^^^^^^^
sqlite3.OperationalError: no such column: payments.network

The above exception was the direct cause of the following exception:

Traceback (most recent call last):
  File "C:\Users\HP PC\Desktop\sweetsnipe\web\backend\main.py", line 47, in periodic_payment_check
    pending = db.query(Payment).filter(Payment.status == "pending").all()
  File "C:\Users\HP PC\AppData\Roaming\Python\Python313\site-packages\sqlalchemy\orm\query.py", line 2673, in all
    return self._iter().all()  # type: ignore
           ~~~~~~~~~~^^
  File "C:\Users\HP PC\AppData\Roaming\Python\Python313\site-packages\sqlalchemy\orm\query.py", line 2827, in _iter
    result: Union[ScalarResult[_T], Result[_T]] = self.session.execute(
                                                  ~~~~~~~~~~~~~~~~~~~~^
        statement,
        ^^^^^^^^^^
        params,
        ^^^^^^^
        execution_options={"_sa_orm_load_options": self.load_options},
        ^^^^^^^^^^^^^^^^^^^^^^^^^^^^^^^^^^^^^^^^^^^^^^^^^^^^^^^^^^^^^^
    )
    ^
  File "C:\Users\HP PC\AppData\Roaming\Python\Python313\site-packages\sqlalchemy\orm\session.py", line 2362, in execute
    return self._execute_internal(
           ~~~~~~~~~~~~~~~~~~~~~~^
        statement,
        ^^^^^^^^^^
    ...<4 lines>...
        _add_event=_add_event,
        ^^^^^^^^^^^^^^^^^^^^^^
    )
    ^
  File "C:\Users\HP PC\AppData\Roaming\Python\Python313\site-packages\sqlalchemy\orm\session.py", line 2247, in _execute_internal
    result: Result[Any] = compile_state_cls.orm_execute_statement(
                          ~~~~~~~~~~~~~~~~~~~~~~~~~~~~~~~~~~~~~~~^
        self,
        ^^^^^
    ...<4 lines>...
        conn,
        ^^^^^
    )
    ^
  File "C:\Users\HP PC\AppData\Roaming\Python\Python313\site-packages\sqlalchemy\orm\context.py", line 305, in orm_execute_statement
    result = conn.execute(
        statement, params or {}, execution_options=execution_options
    )
  File "C:\Users\HP PC\AppData\Roaming\Python\Python313\site-packages\sqlalchemy\engine\base.py", line 1418, in execute
    return meth(
        self,
        distilled_parameters,
        execution_options or NO_OPTIONS,
    )
  File "C:\Users\HP PC\AppData\Roaming\Python\Python313\site-packages\sqlalchemy\sql\elements.py", line 515, in _execute_on_connection
    return connection._execute_clauseelement(
           ~~~~~~~~~~~~~~~~~~~~~~~~~~~~~~~~~^
        self, distilled_params, execution_options
        ^^^^^^^^^^^^^^^^^^^^^^^^^^^^^^^^^^^^^^^^^
    )
    ^
  File "C:\Users\HP PC\AppData\Roaming\Python\Python313\site-packages\sqlalchemy\engine\base.py", line 1640, in _execute_clauseelement
    ret = self._execute_context(
        dialect,
    ...<8 lines>...
        cache_hit=cache_hit,
    )
  File "C:\Users\HP PC\AppData\Roaming\Python\Python313\site-packages\sqlalchemy\engine\base.py", line 1846, in _execute_context
    return self._exec_single_context(
           ~~~~~~~~~~~~~~~~~~~~~~~~~^
        dialect, context, statement, parameters
        ^^^^^^^^^^^^^^^^^^^^^^^^^^^^^^^^^^^^^^^
    )
    ^
  File "C:\Users\HP PC\AppData\Roaming\Python\Python313\site-packages\sqlalchemy\engine\base.py", line 1986, in _exec_single_context
    self._handle_dbapi_exception(
    ~~~~~~~~~~~~~~~~~~~~~~~~~~~~^
        e, str_statement, effective_parameters, cursor, context
        ^^^^^^^^^^^^^^^^^^^^^^^^^^^^^^^^^^^^^^^^^^^^^^^^^^^^^^^
    )
    ^
  File "C:\Users\HP PC\AppData\Roaming\Python\Python313\site-packages\sqlalchemy\engine\base.py", line 2355, in _handle_dbapi_exception
    raise sqlalchemy_exception.with_traceback(exc_info[2]) from e
  File "C:\Users\HP PC\AppData\Roaming\Python\Python313\site-packages\sqlalchemy\engine\base.py", line 1967, in _exec_single_context
    self.dialect.do_execute(
    ~~~~~~~~~~~~~~~~~~~~~~~^
        cursor, str_statement, effective_parameters, context
        ^^^^^^^^^^^^^^^^^^^^^^^^^^^^^^^^^^^^^^^^^^^^^^^^^^^^
    )
    ^
  File "C:\Users\HP PC\AppData\Roaming\Python\Python313\site-packages\sqlalchemy\engine\default.py", line 941, in do_execute
    cursor.execute(statement, parameters)
    ~~~~~~~~~~~~~~^^^^^^^^^^^^^^^^^^^^^^^
sqlalchemy.exc.OperationalError: (sqlite3.OperationalError) no such column: payments.network
[SQL: SELECT payments.id AS payments_id, payments.user_id AS payments_user_id, payments.tx_hash AS payments_tx_hash, payments.amount AS payments_amount, payments.currency AS payments_currency, payments.network AS payments_network, payments.status AS payments_status, payments.error_message AS payments_error_message, payments.created_at AS payments_created_at, payments.verified_at AS payments_verified_at 
FROM payments 
WHERE payments.status = ?]
[parameters: ('pending',)]
(Background on this error at: https://sqlalche.me/e/20/e3q8)

During handling of the above exception, another exception occurred:

Traceback (most recent call last):
  File "C:\Users\HP PC\Desktop\sweetsnipe\web\backend\main.py", line 52, in periodic_payment_check
    logger.error(f"Periodic check error: {e}")
    ^^^^^^
NameError: name 'logger' is not defined
2026-08-16 16:24:09 | ERROR | Task exception was never retrieved
future: <Task finished name='Task-3' coro=<periodic_payment_check() done, defined at C:\Users\HP PC\Desktop\sweetsnipe\web\backend\main.py:43> exception=NameError("name 'logger' is not defined")>
Traceback (most recent call last):
  File "C:\Users\HP PC\AppData\Roaming\Python\Python313\site-packages\sqlalchemy\engine\base.py", line 1967, in _exec_single_context
    self.dialect.do_execute(
    ~~~~~~~~~~~~~~~~~~~~~~~^
        cursor, str_statement, effective_parameters, context
        ^^^^^^^^^^^^^^^^^^^^^^^^^^^^^^^^^^^^^^^^^^^^^^^^^^^^
    )
    ^
  File "C:\Users\HP PC\AppData\Roaming\Python\Python313\site-packages\sqlalchemy\engine\default.py", line 941, in do_execute
    cursor.execute(statement, parameters)
    ~~~~~~~~~~~~~~^^^^^^^^^^^^^^^^^^^^^^^
sqlite3.OperationalError: no such column: payments.network

The above exception was the direct cause of the following exception:

Traceback (most recent call last):
  File "C:\Users\HP PC\Desktop\sweetsnipe\web\backend\main.py", line 47, in periodic_payment_check
    pending = db.query(Payment).filter(Payment.status == "pending").all()
  File "C:\Users\HP PC\AppData\Roaming\Python\Python313\site-packages\sqlalchemy\orm\query.py", line 2673, in all
    return self._iter().all()  # type: ignore
           ~~~~~~~~~~^^
  File "C:\Users\HP PC\AppData\Roaming\Python\Python313\site-packages\sqlalchemy\orm\query.py", line 2827, in _iter
    result: Union[ScalarResult[_T], Result[_T]] = self.session.execute(
                                                  ~~~~~~~~~~~~~~~~~~~~^
        statement,
        ^^^^^^^^^^
        params,
        ^^^^^^^
        execution_options={"_sa_orm_load_options": self.load_options},
        ^^^^^^^^^^^^^^^^^^^^^^^^^^^^^^^^^^^^^^^^^^^^^^^^^^^^^^^^^^^^^^
    )
    ^
  File "C:\Users\HP PC\AppData\Roaming\Python\Python313\site-packages\sqlalchemy\orm\session.py", line 2362, in execute
    return self._execute_internal(
           ~~~~~~~~~~~~~~~~~~~~~~^
        statement,
        ^^^^^^^^^^
    ...<4 lines>...
        _add_event=_add_event,
        ^^^^^^^^^^^^^^^^^^^^^^
    )
    ^
  File "C:\Users\HP PC\AppData\Roaming\Python\Python313\site-packages\sqlalchemy\orm\session.py", line 2247, in _execute_internal
    result: Result[Any] = compile_state_cls.orm_execute_statement(
                          ~~~~~~~~~~~~~~~~~~~~~~~~~~~~~~~~~~~~~~~^
        self,
        ^^^^^
    ...<4 lines>...
        conn,
        ^^^^^
    )
    ^
  File "C:\Users\HP PC\AppData\Roaming\Python\Python313\site-packages\sqlalchemy\orm\context.py", line 305, in orm_execute_statement
    result = conn.execute(
        statement, params or {}, execution_options=execution_options
    )
  File "C:\Users\HP PC\AppData\Roaming\Python\Python313\site-packages\sqlalchemy\engine\base.py", line 1418, in execute
    return meth(
        self,
        distilled_parameters,
        execution_options or NO_OPTIONS,
    )
  File "C:\Users\HP PC\AppData\Roaming\Python\Python313\site-packages\sqlalchemy\sql\elements.py", line 515, in _execute_on_connection
    return connection._execute_clauseelement(
           ~~~~~~~~~~~~~~~~~~~~~~~~~~~~~~~~~^
        self, distilled_params, execution_options
        ^^^^^^^^^^^^^^^^^^^^^^^^^^^^^^^^^^^^^^^^^
    )
    ^
  File "C:\Users\HP PC\AppData\Roaming\Python\Python313\site-packages\sqlalchemy\engine\base.py", line 1640, in _execute_clauseelement
    ret = self._execute_context(
        dialect,
    ...<8 lines>...
        cache_hit=cache_hit,
    )
  File "C:\Users\HP PC\AppData\Roaming\Python\Python313\site-packages\sqlalchemy\engine\base.py", line 1846, in _execute_context
    return self._exec_single_context(
           ~~~~~~~~~~~~~~~~~~~~~~~~~^
        dialect, context, statement, parameters
        ^^^^^^^^^^^^^^^^^^^^^^^^^^^^^^^^^^^^^^^
    )
    ^
  File "C:\Users\HP PC\AppData\Roaming\Python\Python313\site-packages\sqlalchemy\engine\base.py", line 1986, in _exec_single_context
    self._handle_dbapi_exception(
    ~~~~~~~~~~~~~~~~~~~~~~~~~~~~^
        e, str_statement, effective_parameters, cursor, context
        ^^^^^^^^^^^^^^^^^^^^^^^^^^^^^^^^^^^^^^^^^^^^^^^^^^^^^^^
    )
    ^
  File "C:\Users\HP PC\AppData\Roaming\Python\Python313\site-packages\sqlalchemy\engine\base.py", line 2355, in _handle_dbapi_exception
    raise sqlalchemy_exception.with_traceback(exc_info[2]) from e
  File "C:\Users\HP PC\AppData\Roaming\Python\Python313\site-packages\sqlalchemy\engine\base.py", line 1967, in _exec_single_context
    self.dialect.do_execute(
    ~~~~~~~~~~~~~~~~~~~~~~~^
        cursor, str_statement, effective_parameters, context
        ^^^^^^^^^^^^^^^^^^^^^^^^^^^^^^^^^^^^^^^^^^^^^^^^^^^^
    )
    ^
  File "C:\Users\HP PC\AppData\Roaming\Python\Python313\site-packages\sqlalchemy\engine\default.py", line 941, in do_execute
    cursor.execute(statement, parameters)
    ~~~~~~~~~~~~~~^^^^^^^^^^^^^^^^^^^^^^^
sqlalchemy.exc.OperationalError: (sqlite3.OperationalError) no such column: payments.network
[SQL: SELECT payments.id AS payments_id, payments.user_id AS payments_user_id, payments.tx_hash AS payments_tx_hash, payments.amount AS payments_amount, payments.currency AS payments_currency, payments.network AS payments_network, payments.status AS payments_status, payments.error_message AS payments_error_message, payments.created_at AS payments_created_at, payments.verified_at AS payments_verified_at 
FROM payments 
WHERE payments.status = ?]
[parameters: ('pending',)]
(Background on this error at: https://sqlalche.me/e/20/e3q8)

During handling of the above exception, another exception occurred:

Traceback (most recent call last):
  File "C:\Users\HP PC\Desktop\sweetsnipe\web\backend\main.py", line 52, in periodic_payment_check
    logger.error(f"Periodic check error: {e}")
    ^^^^^^
NameError: name 'logger' is not defined
2026-08-16 16:35:49 | ERROR | Task exception was never retrieved
future: <Task finished name='Task-3' coro=<periodic_payment_check() done, defined at C:\Users\HP PC\Desktop\sweetsnipe\web\backend\main.py:43> exception=NameError("name 'logger' is not defined")>
Traceback (most recent call last):
  File "C:\Users\HP PC\AppData\Roaming\Python\Python313\site-packages\sqlalchemy\engine\base.py", line 1967, in _exec_single_context
    self.dialect.do_execute(
    ~~~~~~~~~~~~~~~~~~~~~~~^
        cursor, str_statement, effective_parameters, context
        ^^^^^^^^^^^^^^^^^^^^^^^^^^^^^^^^^^^^^^^^^^^^^^^^^^^^
    )
    ^
  File "C:\Users\HP PC\AppData\Roaming\Python\Python313\site-packages\sqlalchemy\engine\default.py", line 941, in do_execute
    cursor.execute(statement, parameters)
    ~~~~~~~~~~~~~~^^^^^^^^^^^^^^^^^^^^^^^
sqlite3.OperationalError: no such column: payments.network

The above exception was the direct cause of the following exception:

Traceback (most recent call last):
  File "C:\Users\HP PC\Desktop\sweetsnipe\web\backend\main.py", line 47, in periodic_payment_check
    pending = db.query(Payment).filter(Payment.status == "pending").all()
  File "C:\Users\HP PC\AppData\Roaming\Python\Python313\site-packages\sqlalchemy\orm\query.py", line 2673, in all
    return self._iter().all()  # type: ignore
           ~~~~~~~~~~^^
  File "C:\Users\HP PC\AppData\Roaming\Python\Python313\site-packages\sqlalchemy\orm\query.py", line 2827, in _iter
    result: Union[ScalarResult[_T], Result[_T]] = self.session.execute(
                                                  ~~~~~~~~~~~~~~~~~~~~^
        statement,
        ^^^^^^^^^^
        params,
        ^^^^^^^
        execution_options={"_sa_orm_load_options": self.load_options},
        ^^^^^^^^^^^^^^^^^^^^^^^^^^^^^^^^^^^^^^^^^^^^^^^^^^^^^^^^^^^^^^
    )
    ^
  File "C:\Users\HP PC\AppData\Roaming\Python\Python313\site-packages\sqlalchemy\orm\session.py", line 2362, in execute
    return self._execute_internal(
           ~~~~~~~~~~~~~~~~~~~~~~^
        statement,
        ^^^^^^^^^^
    ...<4 lines>...
        _add_event=_add_event,
        ^^^^^^^^^^^^^^^^^^^^^^
    )
    ^
  File "C:\Users\HP PC\AppData\Roaming\Python\Python313\site-packages\sqlalchemy\orm\session.py", line 2247, in _execute_internal
    result: Result[Any] = compile_state_cls.orm_execute_statement(
                          ~~~~~~~~~~~~~~~~~~~~~~~~~~~~~~~~~~~~~~~^
        self,
        ^^^^^
    ...<4 lines>...
        conn,
        ^^^^^
    )
    ^
  File "C:\Users\HP PC\AppData\Roaming\Python\Python313\site-packages\sqlalchemy\orm\context.py", line 305, in orm_execute_statement
    result = conn.execute(
        statement, params or {}, execution_options=execution_options
    )
  File "C:\Users\HP PC\AppData\Roaming\Python\Python313\site-packages\sqlalchemy\engine\base.py", line 1418, in execute
    return meth(
        self,
        distilled_parameters,
        execution_options or NO_OPTIONS,
    )
  File "C:\Users\HP PC\AppData\Roaming\Python\Python313\site-packages\sqlalchemy\sql\elements.py", line 515, in _execute_on_connection
    return connection._execute_clauseelement(
           ~~~~~~~~~~~~~~~~~~~~~~~~~~~~~~~~~^
        self, distilled_params, execution_options
        ^^^^^^^^^^^^^^^^^^^^^^^^^^^^^^^^^^^^^^^^^
    )
    ^
  File "C:\Users\HP PC\AppData\Roaming\Python\Python313\site-packages\sqlalchemy\engine\base.py", line 1640, in _execute_clauseelement
    ret = self._execute_context(
        dialect,
    ...<8 lines>...
        cache_hit=cache_hit,
    )
  File "C:\Users\HP PC\AppData\Roaming\Python\Python313\site-packages\sqlalchemy\engine\base.py", line 1846, in _execute_context
    return self._exec_single_context(
           ~~~~~~~~~~~~~~~~~~~~~~~~~^
        dialect, context, statement, parameters
        ^^^^^^^^^^^^^^^^^^^^^^^^^^^^^^^^^^^^^^^
    )
    ^
  File "C:\Users\HP PC\AppData\Roaming\Python\Python313\site-packages\sqlalchemy\engine\base.py", line 1986, in _exec_single_context
    self._handle_dbapi_exception(
    ~~~~~~~~~~~~~~~~~~~~~~~~~~~~^
        e, str_statement, effective_parameters, cursor, context
        ^^^^^^^^^^^^^^^^^^^^^^^^^^^^^^^^^^^^^^^^^^^^^^^^^^^^^^^
    )
    ^
  File "C:\Users\HP PC\AppData\Roaming\Python\Python313\site-packages\sqlalchemy\engine\base.py", line 2355, in _handle_dbapi_exception
    raise sqlalchemy_exception.with_traceback(exc_info[2]) from e
  File "C:\Users\HP PC\AppData\Roaming\Python\Python313\site-packages\sqlalchemy\engine\base.py", line 1967, in _exec_single_context
    self.dialect.do_execute(
    ~~~~~~~~~~~~~~~~~~~~~~~^
        cursor, str_statement, effective_parameters, context
        ^^^^^^^^^^^^^^^^^^^^^^^^^^^^^^^^^^^^^^^^^^^^^^^^^^^^
    )
    ^
  File "C:\Users\HP PC\AppData\Roaming\Python\Python313\site-packages\sqlalchemy\engine\default.py", line 941, in do_execute
    cursor.execute(statement, parameters)
    ~~~~~~~~~~~~~~^^^^^^^^^^^^^^^^^^^^^^^
sqlalchemy.exc.OperationalError: (sqlite3.OperationalError) no such column: payments.network
[SQL: SELECT payments.id AS payments_id, payments.user_id AS payments_user_id, payments.tx_hash AS payments_tx_hash, payments.amount AS payments_amount, payments.currency AS payments_currency, payments.network AS payments_network, payments.status AS payments_status, payments.error_message AS payments_error_message, payments.created_at AS payments_created_at, payments.verified_at AS payments_verified_at 
FROM payments 
WHERE payments.status = ?]
[parameters: ('pending',)]
(Background on this error at: https://sqlalche.me/e/20/e3q8)

During handling of the above exception, another exception occurred:

Traceback (most recent call last):
  File "C:\Users\HP PC\Desktop\sweetsnipe\web\backend\main.py", line 52, in periodic_payment_check
    logger.error(f"Periodic check error: {e}")
    ^^^^^^
NameError: name 'logger' is not defined
2026-08-16 17:26:07 | ERROR | Task exception was never retrieved
future: <Task finished name='Task-3' coro=<periodic_payment_check() done, defined at C:\Users\HP PC\Desktop\sweetsnipe\web\backend\main.py:43> exception=NameError("name 'logger' is not defined")>
Traceback (most recent call last):
  File "C:\Users\HP PC\AppData\Roaming\Python\Python313\site-packages\sqlalchemy\engine\base.py", line 1967, in _exec_single_context
    self.dialect.do_execute(
    ~~~~~~~~~~~~~~~~~~~~~~~^
        cursor, str_statement, effective_parameters, context
        ^^^^^^^^^^^^^^^^^^^^^^^^^^^^^^^^^^^^^^^^^^^^^^^^^^^^
    )
    ^
  File "C:\Users\HP PC\AppData\Roaming\Python\Python313\site-packages\sqlalchemy\engine\default.py", line 941, in do_execute
    cursor.execute(statement, parameters)
    ~~~~~~~~~~~~~~^^^^^^^^^^^^^^^^^^^^^^^
sqlite3.OperationalError: no such column: payments.network

The above exception was the direct cause of the following exception:

Traceback (most recent call last):
  File "C:\Users\HP PC\Desktop\sweetsnipe\web\backend\main.py", line 47, in periodic_payment_check
    pending = db.query(Payment).filter(Payment.status == "pending").all()
  File "C:\Users\HP PC\AppData\Roaming\Python\Python313\site-packages\sqlalchemy\orm\query.py", line 2673, in all
    return self._iter().all()  # type: ignore
           ~~~~~~~~~~^^
  File "C:\Users\HP PC\AppData\Roaming\Python\Python313\site-packages\sqlalchemy\orm\query.py", line 2827, in _iter
    result: Union[ScalarResult[_T], Result[_T]] = self.session.execute(
                                                  ~~~~~~~~~~~~~~~~~~~~^
        statement,
        ^^^^^^^^^^
        params,
        ^^^^^^^
        execution_options={"_sa_orm_load_options": self.load_options},
        ^^^^^^^^^^^^^^^^^^^^^^^^^^^^^^^^^^^^^^^^^^^^^^^^^^^^^^^^^^^^^^
    )
    ^
  File "C:\Users\HP PC\AppData\Roaming\Python\Python313\site-packages\sqlalchemy\orm\session.py", line 2362, in execute
    return self._execute_internal(
           ~~~~~~~~~~~~~~~~~~~~~~^
        statement,
        ^^^^^^^^^^
    ...<4 lines>...
        _add_event=_add_event,
        ^^^^^^^^^^^^^^^^^^^^^^
    )
    ^
  File "C:\Users\HP PC\AppData\Roaming\Python\Python313\site-packages\sqlalchemy\orm\session.py", line 2247, in _execute_internal
    result: Result[Any] = compile_state_cls.orm_execute_statement(
                          ~~~~~~~~~~~~~~~~~~~~~~~~~~~~~~~~~~~~~~~^
        self,
        ^^^^^
    ...<4 lines>...
        conn,
        ^^^^^
    )
    ^
  File "C:\Users\HP PC\AppData\Roaming\Python\Python313\site-packages\sqlalchemy\orm\context.py", line 305, in orm_execute_statement
    result = conn.execute(
        statement, params or {}, execution_options=execution_options
    )
  File "C:\Users\HP PC\AppData\Roaming\Python\Python313\site-packages\sqlalchemy\engine\base.py", line 1418, in execute
    return meth(
        self,
        distilled_parameters,
        execution_options or NO_OPTIONS,
    )
  File "C:\Users\HP PC\AppData\Roaming\Python\Python313\site-packages\sqlalchemy\sql\elements.py", line 515, in _execute_on_connection
    return connection._execute_clauseelement(
           ~~~~~~~~~~~~~~~~~~~~~~~~~~~~~~~~~^
        self, distilled_params, execution_options
        ^^^^^^^^^^^^^^^^^^^^^^^^^^^^^^^^^^^^^^^^^
    )
    ^
  File "C:\Users\HP PC\AppData\Roaming\Python\Python313\site-packages\sqlalchemy\engine\base.py", line 1640, in _execute_clauseelement
    ret = self._execute_context(
        dialect,
    ...<8 lines>...
        cache_hit=cache_hit,
    )
  File "C:\Users\HP PC\AppData\Roaming\Python\Python313\site-packages\sqlalchemy\engine\base.py", line 1846, in _execute_context
    return self._exec_single_context(
           ~~~~~~~~~~~~~~~~~~~~~~~~~^
        dialect, context, statement, parameters
        ^^^^^^^^^^^^^^^^^^^^^^^^^^^^^^^^^^^^^^^
    )
    ^
  File "C:\Users\HP PC\AppData\Roaming\Python\Python313\site-packages\sqlalchemy\engine\base.py", line 1986, in _exec_single_context
    self._handle_dbapi_exception(
    ~~~~~~~~~~~~~~~~~~~~~~~~~~~~^
        e, str_statement, effective_parameters, cursor, context
        ^^^^^^^^^^^^^^^^^^^^^^^^^^^^^^^^^^^^^^^^^^^^^^^^^^^^^^^
    )
    ^
  File "C:\Users\HP PC\AppData\Roaming\Python\Python313\site-packages\sqlalchemy\engine\base.py", line 2355, in _handle_dbapi_exception
    raise sqlalchemy_exception.with_traceback(exc_info[2]) from e
  File "C:\Users\HP PC\AppData\Roaming\Python\Python313\site-packages\sqlalchemy\engine\base.py", line 1967, in _exec_single_context
    self.dialect.do_execute(
    ~~~~~~~~~~~~~~~~~~~~~~~^
        cursor, str_statement, effective_parameters, context
        ^^^^^^^^^^^^^^^^^^^^^^^^^^^^^^^^^^^^^^^^^^^^^^^^^^^^
    )
    ^
  File "C:\Users\HP PC\AppData\Roaming\Python\Python313\site-packages\sqlalchemy\engine\default.py", line 941, in do_execute
    cursor.execute(statement, parameters)
    ~~~~~~~~~~~~~~^^^^^^^^^^^^^^^^^^^^^^^
sqlalchemy.exc.OperationalError: (sqlite3.OperationalError) no such column: payments.network
[SQL: SELECT payments.id AS payments_id, payments.user_id AS payments_user_id, payments.tx_hash AS payments_tx_hash, payments.amount AS payments_amount, payments.currency AS payments_currency, payments.network AS payments_network, payments.status AS payments_status, payments.error_message AS payments_error_message, payments.created_at AS payments_created_at, payments.verified_at AS payments_verified_at 
FROM payments 
WHERE payments.status = ?]
[parameters: ('pending',)]
(Background on this error at: https://sqlalche.me/e/20/e3q8)

During handling of the above exception, another exception occurred:

Traceback (most recent call last):
  File "C:\Users\HP PC\Desktop\sweetsnipe\web\backend\main.py", line 52, in periodic_payment_check
    logger.error(f"Periodic check error: {e}")
    ^^^^^^
NameError: name 'logger' is not defined
2026-08-16 18:00:38 | INFO | \U0001f680 Sweetsnipe server starting... (Environment: development)
2026-08-16 18:00:38 | INFO | \u2705 Server startup complete
2026-08-16 18:00:38 | ERROR | Periodic check error: (sqlite3.OperationalError) no such column: payments.network
[SQL: SELECT payments.id AS payments_id, payments.user_id AS payments_user_id, payments.tx_hash AS payments_tx_hash, payments.amount AS payments_amount, payments.currency AS payments_currency, payments.network AS payments_network, payments.status AS payments_status, payments.error_message AS payments_error_message, payments.verification_method AS payments_verification_method, payments.verification_attempts AS payments_verification_attempts, payments.last_check_at AS payments_last_check_at, payments.created_at AS payments_created_at, payments.verified_at AS payments_verified_at 
FROM payments 
WHERE payments.status = ?]
[parameters: ('pending',)]
(Background on this error at: https://sqlalche.me/e/20/e3q8)
2026-08-16 18:01:08 | ERROR | Periodic check error: (sqlite3.OperationalError) no such column: payments.network
[SQL: SELECT payments.id AS payments_id, payments.user_id AS payments_user_id, payments.tx_hash AS payments_tx_hash, payments.amount AS payments_amount, payments.currency AS payments_currency, payments.network AS payments_network, payments.status AS payments_status, payments.error_message AS payments_error_message, payments.verification_method AS payments_verification_method, payments.verification_attempts AS payments_verification_attempts, payments.last_check_at AS payments_last_check_at, payments.created_at AS payments_created_at, payments.verified_at AS payments_verified_at 
FROM payments 
WHERE payments.status = ?]
[parameters: ('pending',)]
(Background on this error at: https://sqlalche.me/e/20/e3q8)
2026-08-16 18:01:38 | ERROR | Periodic check error: (sqlite3.OperationalError) no such column: payments.network
[SQL: SELECT payments.id AS payments_id, payments.user_id AS payments_user_id, payments.tx_hash AS payments_tx_hash, payments.amount AS payments_amount, payments.currency AS payments_currency, payments.network AS payments_network, payments.status AS payments_status, payments.error_message AS payments_error_message, payments.verification_method AS payments_verification_method, payments.verification_attempts AS payments_verification_attempts, payments.last_check_at AS payments_last_check_at, payments.created_at AS payments_created_at, payments.verified_at AS payments_verified_at 
FROM payments 
WHERE payments.status = ?]
[parameters: ('pending',)]
(Background on this error at: https://sqlalche.me/e/20/e3q8)
2026-08-16 18:02:08 | ERROR | Periodic check error: (sqlite3.OperationalError) no such column: payments.network
[SQL: SELECT payments.id AS payments_id, payments.user_id AS payments_user_id, payments.tx_hash AS payments_tx_hash, payments.amount AS payments_amount, payments.currency AS payments_currency, payments.network AS payments_network, payments.status AS payments_status, payments.error_message AS payments_error_message, payments.verification_method AS payments_verification_method, payments.verification_attempts AS payments_verification_attempts, payments.last_check_at AS payments_last_check_at, payments.created_at AS payments_created_at, payments.verified_at AS payments_verified_at 
FROM payments 
WHERE payments.status = ?]
[parameters: ('pending',)]
(Background on this error at: https://sqlalche.me/e/20/e3q8)
2026-08-16 18:02:38 | ERROR | Periodic check error: (sqlite3.OperationalError) no such column: payments.network
[SQL: SELECT payments.id AS payments_id, payments.user_id AS payments_user_id, payments.tx_hash AS payments_tx_hash, payments.amount AS payments_amount, payments.currency AS payments_currency, payments.network AS payments_network, payments.status AS payments_status, payments.error_message AS payments_error_message, payments.verification_method AS payments_verification_method, payments.verification_attempts AS payments_verification_attempts, payments.last_check_at AS payments_last_check_at, payments.created_at AS payments_created_at, payments.verified_at AS payments_verified_at 
FROM payments 
WHERE payments.status = ?]
[parameters: ('pending',)]
(Background on this error at: https://sqlalche.me/e/20/e3q8)
2026-08-16 18:03:08 | ERROR | Periodic check error: (sqlite3.OperationalError) no such column: payments.network
[SQL: SELECT payments.id AS payments_id, payments.user_id AS payments_user_id, payments.tx_hash AS payments_tx_hash, payments.amount AS payments_amount, payments.currency AS payments_currency, payments.network AS payments_network, payments.status AS payments_status, payments.error_message AS payments_error_message, payments.verification_method AS payments_verification_method, payments.verification_attempts AS payments_verification_attempts, payments.last_check_at AS payments_last_check_at, payments.created_at AS payments_created_at, payments.verified_at AS payments_verified_at 
FROM payments 
WHERE payments.status = ?]
[parameters: ('pending',)]
(Background on this error at: https://sqlalche.me/e/20/e3q8)
2026-08-16 18:03:38 | ERROR | Periodic check error: (sqlite3.OperationalError) no such column: payments.network
[SQL: SELECT payments.id AS payments_id, payments.user_id AS payments_user_id, payments.tx_hash AS payments_tx_hash, payments.amount AS payments_amount, payments.currency AS payments_currency, payments.network AS payments_network, payments.status AS payments_status, payments.error_message AS payments_error_message, payments.verification_method AS payments_verification_method, payments.verification_attempts AS payments_verification_attempts, payments.last_check_at AS payments_last_check_at, payments.created_at AS payments_created_at, payments.verified_at AS payments_verified_at 
FROM payments 
WHERE payments.status = ?]
[parameters: ('pending',)]
(Background on this error at: https://sqlalche.me/e/20/e3q8)
2026-08-16 18:04:08 | ERROR | Periodic check error: (sqlite3.OperationalError) no such column: payments.network
[SQL: SELECT payments.id AS payments_id, payments.user_id AS payments_user_id, payments.tx_hash AS payments_tx_hash, payments.amount AS payments_amount, payments.currency AS payments_currency, payments.network AS payments_network, payments.status AS payments_status, payments.error_message AS payments_error_message, payments.verification_method AS payments_verification_method, payments.verification_attempts AS payments_verification_attempts, payments.last_check_at AS payments_last_check_at, payments.created_at AS payments_created_at, payments.verified_at AS payments_verified_at 
FROM payments 
WHERE payments.status = ?]
[parameters: ('pending',)]
(Background on this error at: https://sqlalche.me/e/20/e3q8)
2026-08-16 18:04:38 | ERROR | Periodic check error: (sqlite3.OperationalError) no such column: payments.network
[SQL: SELECT payments.id AS payments_id, payments.user_id AS payments_user_id, payments.tx_hash AS payments_tx_hash, payments.amount AS payments_amount, payments.currency AS payments_currency, payments.network AS payments_network, payments.status AS payments_status, payments.error_message AS payments_error_message, payments.verification_method AS payments_verification_method, payments.verification_attempts AS payments_verification_attempts, payments.last_check_at AS payments_last_check_at, payments.created_at AS payments_created_at, payments.verified_at AS payments_verified_at 
FROM payments 
WHERE payments.status = ?]
[parameters: ('pending',)]
(Background on this error at: https://sqlalche.me/e/20/e3q8)
2026-08-16 18:05:08 | ERROR | Periodic check error: (sqlite3.OperationalError) no such column: payments.network
[SQL: SELECT payments.id AS payments_id, payments.user_id AS payments_user_id, payments.tx_hash AS payments_tx_hash, payments.amount AS payments_amount, payments.currency AS payments_currency, payments.network AS payments_network, payments.status AS payments_status, payments.error_message AS payments_error_message, payments.verification_method AS payments_verification_method, payments.verification_attempts AS payments_verification_attempts, payments.last_check_at AS payments_last_check_at, payments.created_at AS payments_created_at, payments.verified_at AS payments_verified_at 
FROM payments 
WHERE payments.status = ?]
[parameters: ('pending',)]
(Background on this error at: https://sqlalche.me/e/20/e3q8)
2026-08-16 18:05:38 | ERROR | Periodic check error: (sqlite3.OperationalError) no such column: payments.network
[SQL: SELECT payments.id AS payments_id, payments.user_id AS payments_user_id, payments.tx_hash AS payments_tx_hash, payments.amount AS payments_amount, payments.currency AS payments_currency, payments.network AS payments_network, payments.status AS payments_status, payments.error_message AS payments_error_message, payments.verification_method AS payments_verification_method, payments.verification_attempts AS payments_verification_attempts, payments.last_check_at AS payments_last_check_at, payments.created_at AS payments_created_at, payments.verified_at AS payments_verified_at 
FROM payments 
WHERE payments.status = ?]
[parameters: ('pending',)]
(Background on this error at: https://sqlalche.me/e/20/e3q8)
2026-08-16 18:06:08 | ERROR | Periodic check error: (sqlite3.OperationalError) no such column: payments.network
[SQL: SELECT payments.id AS payments_id, payments.user_id AS payments_user_id, payments.tx_hash AS payments_tx_hash, payments.amount AS payments_amount, payments.currency AS payments_currency, payments.network AS payments_network, payments.status AS payments_status, payments.error_message AS payments_error_message, payments.verification_method AS payments_verification_method, payments.verification_attempts AS payments_verification_attempts, payments.last_check_at AS payments_last_check_at, payments.created_at AS payments_created_at, payments.verified_at AS payments_verified_at 
FROM payments 
WHERE payments.status = ?]
[parameters: ('pending',)]
(Background on this error at: https://sqlalche.me/e/20/e3q8)
2026-08-16 18:06:38 | ERROR | Periodic check error: (sqlite3.OperationalError) no such column: payments.network
[SQL: SELECT payments.id AS payments_id, payments.user_id AS payments_user_id, payments.tx_hash AS payments_tx_hash, payments.amount AS payments_amount, payments.currency AS payments_currency, payments.network AS payments_network, payments.status AS payments_status, payments.error_message AS payments_error_message, payments.verification_method AS payments_verification_method, payments.verification_attempts AS payments_verification_attempts, payments.last_check_at AS payments_last_check_at, payments.created_at AS payments_created_at, payments.verified_at AS payments_verified_at 
FROM payments 
WHERE payments.status = ?]
[parameters: ('pending',)]
(Background on this error at: https://sqlalche.me/e/20/e3q8)
2026-08-16 18:07:08 | ERROR | Periodic check error: (sqlite3.OperationalError) no such column: payments.network
[SQL: SELECT payments.id AS payments_id, payments.user_id AS payments_user_id, payments.tx_hash AS payments_tx_hash, payments.amount AS payments_amount, payments.currency AS payments_currency, payments.network AS payments_network, payments.status AS payments_status, payments.error_message AS payments_error_message, payments.verification_method AS payments_verification_method, payments.verification_attempts AS payments_verification_attempts, payments.last_check_at AS payments_last_check_at, payments.created_at AS payments_created_at, payments.verified_at AS payments_verified_at 
FROM payments 
WHERE payments.status = ?]
[parameters: ('pending',)]
(Background on this error at: https://sqlalche.me/e/20/e3q8)
2026-08-16 18:07:38 | ERROR | Periodic check error: (sqlite3.OperationalError) no such column: payments.network
[SQL: SELECT payments.id AS payments_id, payments.user_id AS payments_user_id, payments.tx_hash AS payments_tx_hash, payments.amount AS payments_amount, payments.currency AS payments_currency, payments.network AS payments_network, payments.status AS payments_status, payments.error_message AS payments_error_message, payments.verification_method AS payments_verification_method, payments.verification_attempts AS payments_verification_attempts, payments.last_check_at AS payments_last_check_at, payments.created_at AS payments_created_at, payments.verified_at AS payments_verified_at 
FROM payments 
WHERE payments.status = ?]
[parameters: ('pending',)]
(Background on this error at: https://sqlalche.me/e/20/e3q8)
2026-08-16 18:08:08 | ERROR | Periodic check error: (sqlite3.OperationalError) no such column: payments.network
[SQL: SELECT payments.id AS payments_id, payments.user_id AS payments_user_id, payments.tx_hash AS payments_tx_hash, payments.amount AS payments_amount, payments.currency AS payments_currency, payments.network AS payments_network, payments.status AS payments_status, payments.error_message AS payments_error_message, payments.verification_method AS payments_verification_method, payments.verification_attempts AS payments_verification_attempts, payments.last_check_at AS payments_last_check_at, payments.created_at AS payments_created_at, payments.verified_at AS payments_verified_at 
FROM payments 
WHERE payments.status = ?]
[parameters: ('pending',)]
(Background on this error at: https://sqlalche.me/e/20/e3q8)
2026-08-16 18:08:38 | ERROR | Periodic check error: (sqlite3.OperationalError) no such column: payments.network
[SQL: SELECT payments.id AS payments_id, payments.user_id AS payments_user_id, payments.tx_hash AS payments_tx_hash, payments.amount AS payments_amount, payments.currency AS payments_currency, payments.network AS payments_network, payments.status AS payments_status, payments.error_message AS payments_error_message, payments.verification_method AS payments_verification_method, payments.verification_attempts AS payments_verification_attempts, payments.last_check_at AS payments_last_check_at, payments.created_at AS payments_created_at, payments.verified_at AS payments_verified_at 
FROM payments 
WHERE payments.status = ?]
[parameters: ('pending',)]
(Background on this error at: https://sqlalche.me/e/20/e3q8)
2026-08-16 18:09:08 | ERROR | Periodic check error: (sqlite3.OperationalError) no such column: payments.network
[SQL: SELECT payments.id AS payments_id, payments.user_id AS payments_user_id, payments.tx_hash AS payments_tx_hash, payments.amount AS payments_amount, payments.currency AS payments_currency, payments.network AS payments_network, payments.status AS payments_status, payments.error_message AS payments_error_message, payments.verification_method AS payments_verification_method, payments.verification_attempts AS payments_verification_attempts, payments.last_check_at AS payments_last_check_at, payments.created_at AS payments_created_at, payments.verified_at AS payments_verified_at 
FROM payments 
WHERE payments.status = ?]
[parameters: ('pending',)]
(Background on this error at: https://sqlalche.me/e/20/e3q8)
2026-08-16 18:09:38 | ERROR | Periodic check error: (sqlite3.OperationalError) no such column: payments.network
[SQL: SELECT payments.id AS payments_id, payments.user_id AS payments_user_id, payments.tx_hash AS payments_tx_hash, payments.amount AS payments_amount, payments.currency AS payments_currency, payments.network AS payments_network, payments.status AS payments_status, payments.error_message AS payments_error_message, payments.verification_method AS payments_verification_method, payments.verification_attempts AS payments_verification_attempts, payments.last_check_at AS payments_last_check_at, payments.created_at AS payments_created_at, payments.verified_at AS payments_verified_at 
FROM payments 
WHERE payments.status = ?]
[parameters: ('pending',)]
(Background on this error at: https://sqlalche.me/e/20/e3q8)
2026-08-16 18:10:08 | ERROR | Periodic check error: (sqlite3.OperationalError) no such column: payments.network
[SQL: SELECT payments.id AS payments_id, payments.user_id AS payments_user_id, payments.tx_hash AS payments_tx_hash, payments.amount AS payments_amount, payments.currency AS payments_currency, payments.network AS payments_network, payments.status AS payments_status, payments.error_message AS payments_error_message, payments.verification_method AS payments_verification_method, payments.verification_attempts AS payments_verification_attempts, payments.last_check_at AS payments_last_check_at, payments.created_at AS payments_created_at, payments.verified_at AS payments_verified_at 
FROM payments 
WHERE payments.status = ?]
[parameters: ('pending',)]
(Background on this error at: https://sqlalche.me/e/20/e3q8)
2026-08-16 18:10:38 | ERROR | Periodic check error: (sqlite3.OperationalError) no such column: payments.network
[SQL: SELECT payments.id AS payments_id, payments.user_id AS payments_user_id, payments.tx_hash AS payments_tx_hash, payments.amount AS payments_amount, payments.currency AS payments_currency, payments.network AS payments_network, payments.status AS payments_status, payments.error_message AS payments_error_message, payments.verification_method AS payments_verification_method, payments.verification_attempts AS payments_verification_attempts, payments.last_check_at AS payments_last_check_at, payments.created_at AS payments_created_at, payments.verified_at AS payments_verified_at 
FROM payments 
WHERE payments.status = ?]
[parameters: ('pending',)]
(Background on this error at: https://sqlalche.me/e/20/e3q8)
2026-08-16 18:11:08 | ERROR | Periodic check error: (sqlite3.OperationalError) no such column: payments.network
[SQL: SELECT payments.id AS payments_id, payments.user_id AS payments_user_id, payments.tx_hash AS payments_tx_hash, payments.amount AS payments_amount, payments.currency AS payments_currency, payments.network AS payments_network, payments.status AS payments_status, payments.error_message AS payments_error_message, payments.verification_method AS payments_verification_method, payments.verification_attempts AS payments_verification_attempts, payments.last_check_at AS payments_last_check_at, payments.created_at AS payments_created_at, payments.verified_at AS payments_verified_at 
FROM payments 
WHERE payments.status = ?]
[parameters: ('pending',)]
(Background on this error at: https://sqlalche.me/e/20/e3q8)
2026-08-16 18:11:38 | ERROR | Periodic check error: (sqlite3.OperationalError) no such column: payments.network
[SQL: SELECT payments.id AS payments_id, payments.user_id AS payments_user_id, payments.tx_hash AS payments_tx_hash, payments.amount AS payments_amount, payments.currency AS payments_currency, payments.network AS payments_network, payments.status AS payments_status, payments.error_message AS payments_error_message, payments.verification_method AS payments_verification_method, payments.verification_attempts AS payments_verification_attempts, payments.last_check_at AS payments_last_check_at, payments.created_at AS payments_created_at, payments.verified_at AS payments_verified_at 
FROM payments 
WHERE payments.status = ?]
[parameters: ('pending',)]
(Background on this error at: https://sqlalche.me/e/20/e3q8)
2026-08-16 18:12:08 | ERROR | Periodic check error: (sqlite3.OperationalError) no such column: payments.network
[SQL: SELECT payments.id AS payments_id, payments.user_id AS payments_user_id, payments.tx_hash AS payments_tx_hash, payments.amount AS payments_amount, payments.currency AS payments_currency, payments.network AS payments_network, payments.status AS payments_status, payments.error_message AS payments_error_message, payments.verification_method AS payments_verification_method, payments.verification_attempts AS payments_verification_attempts, payments.last_check_at AS payments_last_check_at, payments.created_at AS payments_created_at, payments.verified_at AS payments_verified_at 
FROM payments 
WHERE payments.status = ?]
[parameters: ('pending',)]
(Background on this error at: https://sqlalche.me/e/20/e3q8)
2026-08-16 18:12:38 | ERROR | Periodic check error: (sqlite3.OperationalError) no such column: payments.network
[SQL: SELECT payments.id AS payments_id, payments.user_id AS payments_user_id, payments.tx_hash AS payments_tx_hash, payments.amount AS payments_amount, payments.currency AS payments_currency, payments.network AS payments_network, payments.status AS payments_status, payments.error_message AS payments_error_message, payments.verification_method AS payments_verification_method, payments.verification_attempts AS payments_verification_attempts, payments.last_check_at AS payments_last_check_at, payments.created_at AS payments_created_at, payments.verified_at AS payments_verified_at 
FROM payments 
WHERE payments.status = ?]
[parameters: ('pending',)]
(Background on this error at: https://sqlalche.me/e/20/e3q8)
2026-08-16 18:13:09 | ERROR | Periodic check error: (sqlite3.OperationalError) no such column: payments.network
[SQL: SELECT payments.id AS payments_id, payments.user_id AS payments_user_id, payments.tx_hash AS payments_tx_hash, payments.amount AS payments_amount, payments.currency AS payments_currency, payments.network AS payments_network, payments.status AS payments_status, payments.error_message AS payments_error_message, payments.verification_method AS payments_verification_method, payments.verification_attempts AS payments_verification_attempts, payments.last_check_at AS payments_last_check_at, payments.created_at AS payments_created_at, payments.verified_at AS payments_verified_at 
FROM payments 
WHERE payments.status = ?]
[parameters: ('pending',)]
(Background on this error at: https://sqlalche.me/e/20/e3q8)
2026-08-16 18:13:39 | ERROR | Periodic check error: (sqlite3.OperationalError) no such column: payments.network
[SQL: SELECT payments.id AS payments_id, payments.user_id AS payments_user_id, payments.tx_hash AS payments_tx_hash, payments.amount AS payments_amount, payments.currency AS payments_currency, payments.network AS payments_network, payments.status AS payments_status, payments.error_message AS payments_error_message, payments.verification_method AS payments_verification_method, payments.verification_attempts AS payments_verification_attempts, payments.last_check_at AS payments_last_check_at, payments.created_at AS payments_created_at, payments.verified_at AS payments_verified_at 
FROM payments 
WHERE payments.status = ?]
[parameters: ('pending',)]
(Background on this error at: https://sqlalche.me/e/20/e3q8)
2026-08-16 18:14:09 | ERROR | Periodic check error: (sqlite3.OperationalError) no such column: payments.network
[SQL: SELECT payments.id AS payments_id, payments.user_id AS payments_user_id, payments.tx_hash AS payments_tx_hash, payments.amount AS payments_amount, payments.currency AS payments_currency, payments.network AS payments_network, payments.status AS payments_status, payments.error_message AS payments_error_message, payments.verification_method AS payments_verification_method, payments.verification_attempts AS payments_verification_attempts, payments.last_check_at AS payments_last_check_at, payments.created_at AS payments_created_at, payments.verified_at AS payments_verified_at 
FROM payments 
WHERE payments.status = ?]
[parameters: ('pending',)]
(Background on this error at: https://sqlalche.me/e/20/e3q8)
2026-08-16 18:14:39 | ERROR | Periodic check error: (sqlite3.OperationalError) no such column: payments.network
[SQL: SELECT payments.id AS payments_id, payments.user_id AS payments_user_id, payments.tx_hash AS payments_tx_hash, payments.amount AS payments_amount, payments.currency AS payments_currency, payments.network AS payments_network, payments.status AS payments_status, payments.error_message AS payments_error_message, payments.verification_method AS payments_verification_method, payments.verification_attempts AS payments_verification_attempts, payments.last_check_at AS payments_last_check_at, payments.created_at AS payments_created_at, payments.verified_at AS payments_verified_at 
FROM payments 
WHERE payments.status = ?]
[parameters: ('pending',)]
(Background on this error at: https://sqlalche.me/e/20/e3q8)
2026-08-16 18:15:09 | ERROR | Periodic check error: (sqlite3.OperationalError) no such column: payments.network
[SQL: SELECT payments.id AS payments_id, payments.user_id AS payments_user_id, payments.tx_hash AS payments_tx_hash, payments.amount AS payments_amount, payments.currency AS payments_currency, payments.network AS payments_network, payments.status AS payments_status, payments.error_message AS payments_error_message, payments.verification_method AS payments_verification_method, payments.verification_attempts AS payments_verification_attempts, payments.last_check_at AS payments_last_check_at, payments.created_at AS payments_created_at, payments.verified_at AS payments_verified_at 
FROM payments 
WHERE payments.status = ?]
[parameters: ('pending',)]
(Background on this error at: https://sqlalche.me/e/20/e3q8)
2026-08-16 18:15:39 | ERROR | Periodic check error: (sqlite3.OperationalError) no such column: payments.network
[SQL: SELECT payments.id AS payments_id, payments.user_id AS payments_user_id, payments.tx_hash AS payments_tx_hash, payments.amount AS payments_amount, payments.currency AS payments_currency, payments.network AS payments_network, payments.status AS payments_status, payments.error_message AS payments_error_message, payments.verification_method AS payments_verification_method, payments.verification_attempts AS payments_verification_attempts, payments.last_check_at AS payments_last_check_at, payments.created_at AS payments_created_at, payments.verified_at AS payments_verified_at 
FROM payments 
WHERE payments.status = ?]
[parameters: ('pending',)]
(Background on this error at: https://sqlalche.me/e/20/e3q8)
2026-08-16 18:16:09 | ERROR | Periodic check error: (sqlite3.OperationalError) no such column: payments.network
[SQL: SELECT payments.id AS payments_id, payments.user_id AS payments_user_id, payments.tx_hash AS payments_tx_hash, payments.amount AS payments_amount, payments.currency AS payments_currency, payments.network AS payments_network, payments.status AS payments_status, payments.error_message AS payments_error_message, payments.verification_method AS payments_verification_method, payments.verification_attempts AS payments_verification_attempts, payments.last_check_at AS payments_last_check_at, payments.created_at AS payments_created_at, payments.verified_at AS payments_verified_at 
FROM payments 
WHERE payments.status = ?]
[parameters: ('pending',)]
(Background on this error at: https://sqlalche.me/e/20/e3q8)
2026-08-16 18:16:39 | ERROR | Periodic check error: (sqlite3.OperationalError) no such column: payments.network
[SQL: SELECT payments.id AS payments_id, payments.user_id AS payments_user_id, payments.tx_hash AS payments_tx_hash, payments.amount AS payments_amount, payments.currency AS payments_currency, payments.network AS payments_network, payments.status AS payments_status, payments.error_message AS payments_error_message, payments.verification_method AS payments_verification_method, payments.verification_attempts AS payments_verification_attempts, payments.last_check_at AS payments_last_check_at, payments.created_at AS payments_created_at, payments.verified_at AS payments_verified_at 
FROM payments 
WHERE payments.status = ?]
[parameters: ('pending',)]
(Background on this error at: https://sqlalche.me/e/20/e3q8)
2026-08-16 18:17:09 | ERROR | Periodic check error: (sqlite3.OperationalError) no such column: payments.network
[SQL: SELECT payments.id AS payments_id, payments.user_id AS payments_user_id, payments.tx_hash AS payments_tx_hash, payments.amount AS payments_amount, payments.currency AS payments_currency, payments.network AS payments_network, payments.status AS payments_status, payments.error_message AS payments_error_message, payments.verification_method AS payments_verification_method, payments.verification_attempts AS payments_verification_attempts, payments.last_check_at AS payments_last_check_at, payments.created_at AS payments_created_at, payments.verified_at AS payments_verified_at 
FROM payments 
WHERE payments.status = ?]
[parameters: ('pending',)]
(Background on this error at: https://sqlalche.me/e/20/e3q8)
2026-08-16 18:17:39 | ERROR | Periodic check error: (sqlite3.OperationalError) no such column: payments.network
[SQL: SELECT payments.id AS payments_id, payments.user_id AS payments_user_id, payments.tx_hash AS payments_tx_hash, payments.amount AS payments_amount, payments.currency AS payments_currency, payments.network AS payments_network, payments.status AS payments_status, payments.error_message AS payments_error_message, payments.verification_method AS payments_verification_method, payments.verification_attempts AS payments_verification_attempts, payments.last_check_at AS payments_last_check_at, payments.created_at AS payments_created_at, payments.verified_at AS payments_verified_at 
FROM payments 
WHERE payments.status = ?]
[parameters: ('pending',)]
(Background on this error at: https://sqlalche.me/e/20/e3q8)
2026-08-16 18:18:09 | ERROR | Periodic check error: (sqlite3.OperationalError) no such column: payments.network
[SQL: SELECT payments.id AS payments_id, payments.user_id AS payments_user_id, payments.tx_hash AS payments_tx_hash, payments.amount AS payments_amount, payments.currency AS payments_currency, payments.network AS payments_network, payments.status AS payments_status, payments.error_message AS payments_error_message, payments.verification_method AS payments_verification_method, payments.verification_attempts AS payments_verification_attempts, payments.last_check_at AS payments_last_check_at, payments.created_at AS payments_created_at, payments.verified_at AS payments_verified_at 
FROM payments 
WHERE payments.status = ?]
[parameters: ('pending',)]
(Background on this error at: https://sqlalche.me/e/20/e3q8)
2026-08-16 18:18:39 | ERROR | Periodic check error: (sqlite3.OperationalError) no such column: payments.network
[SQL: SELECT payments.id AS payments_id, payments.user_id AS payments_user_id, payments.tx_hash AS payments_tx_hash, payments.amount AS payments_amount, payments.currency AS payments_currency, payments.network AS payments_network, payments.status AS payments_status, payments.error_message AS payments_error_message, payments.verification_method AS payments_verification_method, payments.verification_attempts AS payments_verification_attempts, payments.last_check_at AS payments_last_check_at, payments.created_at AS payments_created_at, payments.verified_at AS payments_verified_at 
FROM payments 
WHERE payments.status = ?]
[parameters: ('pending',)]
(Background on this error at: https://sqlalche.me/e/20/e3q8)
2026-08-16 18:19:09 | ERROR | Periodic check error: (sqlite3.OperationalError) no such column: payments.network
[SQL: SELECT payments.id AS payments_id, payments.user_id AS payments_user_id, payments.tx_hash AS payments_tx_hash, payments.amount AS payments_amount, payments.currency AS payments_currency, payments.network AS payments_network, payments.status AS payments_status, payments.error_message AS payments_error_message, payments.verification_method AS payments_verification_method, payments.verification_attempts AS payments_verification_attempts, payments.last_check_at AS payments_last_check_at, payments.created_at AS payments_created_at, payments.verified_at AS payments_verified_at 
FROM payments 
WHERE payments.status = ?]
[parameters: ('pending',)]
(Background on this error at: https://sqlalche.me/e/20/e3q8)
2026-08-16 18:19:39 | ERROR | Periodic check error: (sqlite3.OperationalError) no such column: payments.network
[SQL: SELECT payments.id AS payments_id, payments.user_id AS payments_user_id, payments.tx_hash AS payments_tx_hash, payments.amount AS payments_amount, payments.currency AS payments_currency, payments.network AS payments_network, payments.status AS payments_status, payments.error_message AS payments_error_message, payments.verification_method AS payments_verification_method, payments.verification_attempts AS payments_verification_attempts, payments.last_check_at AS payments_last_check_at, payments.created_at AS payments_created_at, payments.verified_at AS payments_verified_at 
FROM payments 
WHERE payments.status = ?]
[parameters: ('pending',)]
(Background on this error at: https://sqlalche.me/e/20/e3q8)
2026-08-16 18:19:53 | INFO | \U0001f6d1 Sweetsnipe server shutting down...
2026-08-16 18:19:53 | INFO | \u2705 Server shutdown complete
2026-08-16 18:20:06 | INFO | \U0001f680 Sweetsnipe server starting... (Environment: development)
2026-08-16 18:20:06 | INFO | \u2705 Server startup complete
2026-08-16 18:20:06 | ERROR | Periodic check error: (sqlite3.OperationalError) no such column: payments.network
[SQL: SELECT payments.id AS payments_id, payments.user_id AS payments_user_id, payments.tx_hash AS payments_tx_hash, payments.amount AS payments_amount, payments.currency AS payments_currency, payments.network AS payments_network, payments.status AS payments_status, payments.error_message AS payments_error_message, payments.verification_method AS payments_verification_method, payments.verification_attempts AS payments_verification_attempts, payments.last_check_at AS payments_last_check_at, payments.created_at AS payments_created_at, payments.verified_at AS payments_verified_at 
FROM payments 
WHERE payments.status = ?]
[parameters: ('pending',)]
(Background on this error at: https://sqlalche.me/e/20/e3q8)
2026-08-16 18:20:36 | ERROR | Periodic check error: (sqlite3.OperationalError) no such column: payments.network
[SQL: SELECT payments.id AS payments_id, payments.user_id AS payments_user_id, payments.tx_hash AS payments_tx_hash, payments.amount AS payments_amount, payments.currency AS payments_currency, payments.network AS payments_network, payments.status AS payments_status, payments.error_message AS payments_error_message, payments.verification_method AS payments_verification_method, payments.verification_attempts AS payments_verification_attempts, payments.last_check_at AS payments_last_check_at, payments.created_at AS payments_created_at, payments.verified_at AS payments_verified_at 
FROM payments 
WHERE payments.status = ?]
[parameters: ('pending',)]
(Background on this error at: https://sqlalche.me/e/20/e3q8)
2026-08-16 18:21:06 | ERROR | Periodic check error: (sqlite3.OperationalError) no such column: payments.network
[SQL: SELECT payments.id AS payments_id, payments.user_id AS payments_user_id, payments.tx_hash AS payments_tx_hash, payments.amount AS payments_amount, payments.currency AS payments_currency, payments.network AS payments_network, payments.status AS payments_status, payments.error_message AS payments_error_message, payments.verification_method AS payments_verification_method, payments.verification_attempts AS payments_verification_attempts, payments.last_check_at AS payments_last_check_at, payments.created_at AS payments_created_at, payments.verified_at AS payments_verified_at 
FROM payments 
WHERE payments.status = ?]
[parameters: ('pending',)]
(Background on this error at: https://sqlalche.me/e/20/e3q8)
2026-08-16 18:21:36 | ERROR | Periodic check error: (sqlite3.OperationalError) no such column: payments.network
[SQL: SELECT payments.id AS payments_id, payments.user_id AS payments_user_id, payments.tx_hash AS payments_tx_hash, payments.amount AS payments_amount, payments.currency AS payments_currency, payments.network AS payments_network, payments.status AS payments_status, payments.error_message AS payments_error_message, payments.verification_method AS payments_verification_method, payments.verification_attempts AS payments_verification_attempts, payments.last_check_at AS payments_last_check_at, payments.created_at AS payments_created_at, payments.verified_at AS payments_verified_at 
FROM payments 
WHERE payments.status = ?]
[parameters: ('pending',)]
(Background on this error at: https://sqlalche.me/e/20/e3q8)
2026-08-16 18:22:06 | ERROR | Periodic check error: (sqlite3.OperationalError) no such column: payments.network
[SQL: SELECT payments.id AS payments_id, payments.user_id AS payments_user_id, payments.tx_hash AS payments_tx_hash, payments.amount AS payments_amount, payments.currency AS payments_currency, payments.network AS payments_network, payments.status AS payments_status, payments.error_message AS payments_error_message, payments.verification_method AS payments_verification_method, payments.verification_attempts AS payments_verification_attempts, payments.last_check_at AS payments_last_check_at, payments.created_at AS payments_created_at, payments.verified_at AS payments_verified_at 
FROM payments 
WHERE payments.status = ?]
[parameters: ('pending',)]
(Background on this error at: https://sqlalche.me/e/20/e3q8)
2026-08-16 18:22:36 | ERROR | Periodic check error: (sqlite3.OperationalError) no such column: payments.network
[SQL: SELECT payments.id AS payments_id, payments.user_id AS payments_user_id, payments.tx_hash AS payments_tx_hash, payments.amount AS payments_amount, payments.currency AS payments_currency, payments.network AS payments_network, payments.status AS payments_status, payments.error_message AS payments_error_message, payments.verification_method AS payments_verification_method, payments.verification_attempts AS payments_verification_attempts, payments.last_check_at AS payments_last_check_at, payments.created_at AS payments_created_at, payments.verified_at AS payments_verified_at 
FROM payments 
WHERE payments.status = ?]
[parameters: ('pending',)]
(Background on this error at: https://sqlalche.me/e/20/e3q8)
2026-08-16 18:23:06 | ERROR | Periodic check error: (sqlite3.OperationalError) no such column: payments.network
[SQL: SELECT payments.id AS payments_id, payments.user_id AS payments_user_id, payments.tx_hash AS payments_tx_hash, payments.amount AS payments_amount, payments.currency AS payments_currency, payments.network AS payments_network, payments.status AS payments_status, payments.error_message AS payments_error_message, payments.verification_method AS payments_verification_method, payments.verification_attempts AS payments_verification_attempts, payments.last_check_at AS payments_last_check_at, payments.created_at AS payments_created_at, payments.verified_at AS payments_verified_at 
FROM payments 
WHERE payments.status = ?]
[parameters: ('pending',)]
(Background on this error at: https://sqlalche.me/e/20/e3q8)
2026-08-16 18:23:36 | ERROR | Periodic check error: (sqlite3.OperationalError) no such column: payments.network
[SQL: SELECT payments.id AS payments_id, payments.user_id AS payments_user_id, payments.tx_hash AS payments_tx_hash, payments.amount AS payments_amount, payments.currency AS payments_currency, payments.network AS payments_network, payments.status AS payments_status, payments.error_message AS payments_error_message, payments.verification_method AS payments_verification_method, payments.verification_attempts AS payments_verification_attempts, payments.last_check_at AS payments_last_check_at, payments.created_at AS payments_created_at, payments.verified_at AS payments_verified_at 
FROM payments 
WHERE payments.status = ?]
[parameters: ('pending',)]
(Background on this error at: https://sqlalche.me/e/20/e3q8)
2026-08-16 18:24:06 | ERROR | Periodic check error: (sqlite3.OperationalError) no such column: payments.network
[SQL: SELECT payments.id AS payments_id, payments.user_id AS payments_user_id, payments.tx_hash AS payments_tx_hash, payments.amount AS payments_amount, payments.currency AS payments_currency, payments.network AS payments_network, payments.status AS payments_status, payments.error_message AS payments_error_message, payments.verification_method AS payments_verification_method, payments.verification_attempts AS payments_verification_attempts, payments.last_check_at AS payments_last_check_at, payments.created_at AS payments_created_at, payments.verified_at AS payments_verified_at 
FROM payments 
WHERE payments.status = ?]
[parameters: ('pending',)]
(Background on this error at: https://sqlalche.me/e/20/e3q8)
2026-08-16 18:24:36 | ERROR | Periodic check error: (sqlite3.OperationalError) no such column: payments.network
[SQL: SELECT payments.id AS payments_id, payments.user_id AS payments_user_id, payments.tx_hash AS payments_tx_hash, payments.amount AS payments_amount, payments.currency AS payments_currency, payments.network AS payments_network, payments.status AS payments_status, payments.error_message AS payments_error_message, payments.verification_method AS payments_verification_method, payments.verification_attempts AS payments_verification_attempts, payments.last_check_at AS payments_last_check_at, payments.created_at AS payments_created_at, payments.verified_at AS payments_verified_at 
FROM payments 
WHERE payments.status = ?]
[parameters: ('pending',)]
(Background on this error at: https://sqlalche.me/e/20/e3q8)
2026-08-16 18:25:06 | ERROR | Periodic check error: (sqlite3.OperationalError) no such column: payments.network
[SQL: SELECT payments.id AS payments_id, payments.user_id AS payments_user_id, payments.tx_hash AS payments_tx_hash, payments.amount AS payments_amount, payments.currency AS payments_currency, payments.network AS payments_network, payments.status AS payments_status, payments.error_message AS payments_error_message, payments.verification_method AS payments_verification_method, payments.verification_attempts AS payments_verification_attempts, payments.last_check_at AS payments_last_check_at, payments.created_at AS payments_created_at, payments.verified_at AS payments_verified_at 
FROM payments 
WHERE payments.status = ?]
[parameters: ('pending',)]
(Background on this error at: https://sqlalche.me/e/20/e3q8)
2026-08-16 18:25:36 | ERROR | Periodic check error: (sqlite3.OperationalError) no such column: payments.network
[SQL: SELECT payments.id AS payments_id, payments.user_id AS payments_user_id, payments.tx_hash AS payments_tx_hash, payments.amount AS payments_amount, payments.currency AS payments_currency, payments.network AS payments_network, payments.status AS payments_status, payments.error_message AS payments_error_message, payments.verification_method AS payments_verification_method, payments.verification_attempts AS payments_verification_attempts, payments.last_check_at AS payments_last_check_at, payments.created_at AS payments_created_at, payments.verified_at AS payments_verified_at 
FROM payments 
WHERE payments.status = ?]
[parameters: ('pending',)]
(Background on this error at: https://sqlalche.me/e/20/e3q8)
2026-08-16 18:26:06 | ERROR | Periodic check error: (sqlite3.OperationalError) no such column: payments.network
[SQL: SELECT payments.id AS payments_id, payments.user_id AS payments_user_id, payments.tx_hash AS payments_tx_hash, payments.amount AS payments_amount, payments.currency AS payments_currency, payments.network AS payments_network, payments.status AS payments_status, payments.error_message AS payments_error_message, payments.verification_method AS payments_verification_method, payments.verification_attempts AS payments_verification_attempts, payments.last_check_at AS payments_last_check_at, payments.created_at AS payments_created_at, payments.verified_at AS payments_verified_at 
FROM payments 
WHERE payments.status = ?]
[parameters: ('pending',)]
(Background on this error at: https://sqlalche.me/e/20/e3q8)
2026-08-16 18:26:36 | ERROR | Periodic check error: (sqlite3.OperationalError) no such column: payments.network
[SQL: SELECT payments.id AS payments_id, payments.user_id AS payments_user_id, payments.tx_hash AS payments_tx_hash, payments.amount AS payments_amount, payments.currency AS payments_currency, payments.network AS payments_network, payments.status AS payments_status, payments.error_message AS payments_error_message, payments.verification_method AS payments_verification_method, payments.verification_attempts AS payments_verification_attempts, payments.last_check_at AS payments_last_check_at, payments.created_at AS payments_created_at, payments.verified_at AS payments_verified_at 
FROM payments 
WHERE payments.status = ?]
[parameters: ('pending',)]
(Background on this error at: https://sqlalche.me/e/20/e3q8)
2026-08-16 18:27:06 | ERROR | Periodic check error: (sqlite3.OperationalError) no such column: payments.network
[SQL: SELECT payments.id AS payments_id, payments.user_id AS payments_user_id, payments.tx_hash AS payments_tx_hash, payments.amount AS payments_amount, payments.currency AS payments_currency, payments.network AS payments_network, payments.status AS payments_status, payments.error_message AS payments_error_message, payments.verification_method AS payments_verification_method, payments.verification_attempts AS payments_verification_attempts, payments.last_check_at AS payments_last_check_at, payments.created_at AS payments_created_at, payments.verified_at AS payments_verified_at 
FROM payments 
WHERE payments.status = ?]
[parameters: ('pending',)]
(Background on this error at: https://sqlalche.me/e/20/e3q8)
2026-08-16 18:27:36 | ERROR | Periodic check error: (sqlite3.OperationalError) no such column: payments.network
[SQL: SELECT payments.id AS payments_id, payments.user_id AS payments_user_id, payments.tx_hash AS payments_tx_hash, payments.amount AS payments_amount, payments.currency AS payments_currency, payments.network AS payments_network, payments.status AS payments_status, payments.error_message AS payments_error_message, payments.verification_method AS payments_verification_method, payments.verification_attempts AS payments_verification_attempts, payments.last_check_at AS payments_last_check_at, payments.created_at AS payments_created_at, payments.verified_at AS payments_verified_at 
FROM payments 
WHERE payments.status = ?]
[parameters: ('pending',)]
(Background on this error at: https://sqlalche.me/e/20/e3q8)
2026-08-16 18:28:06 | ERROR | Periodic check error: (sqlite3.OperationalError) no such column: payments.network
[SQL: SELECT payments.id AS payments_id, payments.user_id AS payments_user_id, payments.tx_hash AS payments_tx_hash, payments.amount AS payments_amount, payments.currency AS payments_currency, payments.network AS payments_network, payments.status AS payments_status, payments.error_message AS payments_error_message, payments.verification_method AS payments_verification_method, payments.verification_attempts AS payments_verification_attempts, payments.last_check_at AS payments_last_check_at, payments.created_at AS payments_created_at, payments.verified_at AS payments_verified_at 
FROM payments 
WHERE payments.status = ?]
[parameters: ('pending',)]
(Background on this error at: https://sqlalche.me/e/20/e3q8)
2026-08-16 18:28:36 | ERROR | Periodic check error: (sqlite3.OperationalError) no such column: payments.network
[SQL: SELECT payments.id AS payments_id, payments.user_id AS payments_user_id, payments.tx_hash AS payments_tx_hash, payments.amount AS payments_amount, payments.currency AS payments_currency, payments.network AS payments_network, payments.status AS payments_status, payments.error_message AS payments_error_message, payments.verification_method AS payments_verification_method, payments.verification_attempts AS payments_verification_attempts, payments.last_check_at AS payments_last_check_at, payments.created_at AS payments_created_at, payments.verified_at AS payments_verified_at 
FROM payments 
WHERE payments.status = ?]
[parameters: ('pending',)]
(Background on this error at: https://sqlalche.me/e/20/e3q8)
2026-08-16 18:29:06 | ERROR | Periodic check error: (sqlite3.OperationalError) no such column: payments.network
[SQL: SELECT payments.id AS payments_id, payments.user_id AS payments_user_id, payments.tx_hash AS payments_tx_hash, payments.amount AS payments_amount, payments.currency AS payments_currency, payments.network AS payments_network, payments.status AS payments_status, payments.error_message AS payments_error_message, payments.verification_method AS payments_verification_method, payments.verification_attempts AS payments_verification_attempts, payments.last_check_at AS payments_last_check_at, payments.created_at AS payments_created_at, payments.verified_at AS payments_verified_at 
FROM payments 
WHERE payments.status = ?]
[parameters: ('pending',)]
(Background on this error at: https://sqlalche.me/e/20/e3q8)
2026-08-16 18:29:36 | ERROR | Periodic check error: (sqlite3.OperationalError) no such column: payments.network
[SQL: SELECT payments.id AS payments_id, payments.user_id AS payments_user_id, payments.tx_hash AS payments_tx_hash, payments.amount AS payments_amount, payments.currency AS payments_currency, payments.network AS payments_network, payments.status AS payments_status, payments.error_message AS payments_error_message, payments.verification_method AS payments_verification_method, payments.verification_attempts AS payments_verification_attempts, payments.last_check_at AS payments_last_check_at, payments.created_at AS payments_created_at, payments.verified_at AS payments_verified_at 
FROM payments 
WHERE payments.status = ?]
[parameters: ('pending',)]
(Background on this error at: https://sqlalche.me/e/20/e3q8)
2026-08-16 18:30:06 | ERROR | Periodic check error: (sqlite3.OperationalError) no such column: payments.network
[SQL: SELECT payments.id AS payments_id, payments.user_id AS payments_user_id, payments.tx_hash AS payments_tx_hash, payments.amount AS payments_amount, payments.currency AS payments_currency, payments.network AS payments_network, payments.status AS payments_status, payments.error_message AS payments_error_message, payments.verification_method AS payments_verification_method, payments.verification_attempts AS payments_verification_attempts, payments.last_check_at AS payments_last_check_at, payments.created_at AS payments_created_at, payments.verified_at AS payments_verified_at 
FROM payments 
WHERE payments.status = ?]
[parameters: ('pending',)]
(Background on this error at: https://sqlalche.me/e/20/e3q8)
2026-08-16 18:30:36 | ERROR | Periodic check error: (sqlite3.OperationalError) no such column: payments.network
[SQL: SELECT payments.id AS payments_id, payments.user_id AS payments_user_id, payments.tx_hash AS payments_tx_hash, payments.amount AS payments_amount, payments.currency AS payments_currency, payments.network AS payments_network, payments.status AS payments_status, payments.error_message AS payments_error_message, payments.verification_method AS payments_verification_method, payments.verification_attempts AS payments_verification_attempts, payments.last_check_at AS payments_last_check_at, payments.created_at AS payments_created_at, payments.verified_at AS payments_verified_at 
FROM payments 
WHERE payments.status = ?]
[parameters: ('pending',)]
(Background on this error at: https://sqlalche.me/e/20/e3q8)
2026-08-16 18:31:06 | ERROR | Periodic check error: (sqlite3.OperationalError) no such column: payments.network
[SQL: SELECT payments.id AS payments_id, payments.user_id AS payments_user_id, payments.tx_hash AS payments_tx_hash, payments.amount AS payments_amount, payments.currency AS payments_currency, payments.network AS payments_network, payments.status AS payments_status, payments.error_message AS payments_error_message, payments.verification_method AS payments_verification_method, payments.verification_attempts AS payments_verification_attempts, payments.last_check_at AS payments_last_check_at, payments.created_at AS payments_created_at, payments.verified_at AS payments_verified_at 
FROM payments 
WHERE payments.status = ?]
[parameters: ('pending',)]
(Background on this error at: https://sqlalche.me/e/20/e3q8)
2026-08-16 18:31:36 | ERROR | Periodic check error: (sqlite3.OperationalError) no such column: payments.network
[SQL: SELECT payments.id AS payments_id, payments.user_id AS payments_user_id, payments.tx_hash AS payments_tx_hash, payments.amount AS payments_amount, payments.currency AS payments_currency, payments.network AS payments_network, payments.status AS payments_status, payments.error_message AS payments_error_message, payments.verification_method AS payments_verification_method, payments.verification_attempts AS payments_verification_attempts, payments.last_check_at AS payments_last_check_at, payments.created_at AS payments_created_at, payments.verified_at AS payments_verified_at 
FROM payments 
WHERE payments.status = ?]
[parameters: ('pending',)]
(Background on this error at: https://sqlalche.me/e/20/e3q8)
2026-08-16 18:31:37 | INFO | \U0001f6d1 Sweetsnipe server shutting down...
2026-08-16 18:31:37 | INFO | \u2705 Server shutdown complete
2026-08-16 18:31:48 | INFO | \U0001f680 Sweetsnipe server starting... (Environment: development)
2026-08-16 18:31:48 | INFO | \u2705 Server startup complete
2026-08-16 18:31:48 | ERROR | Periodic check error: (sqlite3.OperationalError) no such column: payments.network
[SQL: SELECT payments.id AS payments_id, payments.user_id AS payments_user_id, payments.tx_hash AS payments_tx_hash, payments.amount AS payments_amount, payments.currency AS payments_currency, payments.network AS payments_network, payments.status AS payments_status, payments.error_message AS payments_error_message, payments.verification_method AS payments_verification_method, payments.verification_attempts AS payments_verification_attempts, payments.last_check_at AS payments_last_check_at, payments.created_at AS payments_created_at, payments.verified_at AS payments_verified_at 
FROM payments 
WHERE payments.status = ?]
[parameters: ('pending',)]
(Background on this error at: https://sqlalche.me/e/20/e3q8)
2026-08-16 18:32:18 | ERROR | Periodic check error: (sqlite3.OperationalError) no such column: payments.network
[SQL: SELECT payments.id AS payments_id, payments.user_id AS payments_user_id, payments.tx_hash AS payments_tx_hash, payments.amount AS payments_amount, payments.currency AS payments_currency, payments.network AS payments_network, payments.status AS payments_status, payments.error_message AS payments_error_message, payments.verification_method AS payments_verification_method, payments.verification_attempts AS payments_verification_attempts, payments.last_check_at AS payments_last_check_at, payments.created_at AS payments_created_at, payments.verified_at AS payments_verified_at 
FROM payments 
WHERE payments.status = ?]
[parameters: ('pending',)]
(Background on this error at: https://sqlalche.me/e/20/e3q8)
2026-08-16 18:32:48 | ERROR | Periodic check error: (sqlite3.OperationalError) no such column: payments.network
[SQL: SELECT payments.id AS payments_id, payments.user_id AS payments_user_id, payments.tx_hash AS payments_tx_hash, payments.amount AS payments_amount, payments.currency AS payments_currency, payments.network AS payments_network, payments.status AS payments_status, payments.error_message AS payments_error_message, payments.verification_method AS payments_verification_method, payments.verification_attempts AS payments_verification_attempts, payments.last_check_at AS payments_last_check_at, payments.created_at AS payments_created_at, payments.verified_at AS payments_verified_at 
FROM payments 
WHERE payments.status = ?]
[parameters: ('pending',)]
(Background on this error at: https://sqlalche.me/e/20/e3q8)
2026-08-16 18:33:18 | ERROR | Periodic check error: (sqlite3.OperationalError) no such column: payments.network
[SQL: SELECT payments.id AS payments_id, payments.user_id AS payments_user_id, payments.tx_hash AS payments_tx_hash, payments.amount AS payments_amount, payments.currency AS payments_currency, payments.network AS payments_network, payments.status AS payments_status, payments.error_message AS payments_error_message, payments.verification_method AS payments_verification_method, payments.verification_attempts AS payments_verification_attempts, payments.last_check_at AS payments_last_check_at, payments.created_at AS payments_created_at, payments.verified_at AS payments_verified_at 
FROM payments 
WHERE payments.status = ?]
[parameters: ('pending',)]
(Background on this error at: https://sqlalche.me/e/20/e3q8)
2026-08-16 18:33:48 | ERROR | Periodic check error: (sqlite3.OperationalError) no such column: payments.network
[SQL: SELECT payments.id AS payments_id, payments.user_id AS payments_user_id, payments.tx_hash AS payments_tx_hash, payments.amount AS payments_amount, payments.currency AS payments_currency, payments.network AS payments_network, payments.status AS payments_status, payments.error_message AS payments_error_message, payments.verification_method AS payments_verification_method, payments.verification_attempts AS payments_verification_attempts, payments.last_check_at AS payments_last_check_at, payments.created_at AS payments_created_at, payments.verified_at AS payments_verified_at 
FROM payments 
WHERE payments.status = ?]
[parameters: ('pending',)]
(Background on this error at: https://sqlalche.me/e/20/e3q8)
2026-08-16 18:34:18 | ERROR | Periodic check error: (sqlite3.OperationalError) no such column: payments.network
[SQL: SELECT payments.id AS payments_id, payments.user_id AS payments_user_id, payments.tx_hash AS payments_tx_hash, payments.amount AS payments_amount, payments.currency AS payments_currency, payments.network AS payments_network, payments.status AS payments_status, payments.error_message AS payments_error_message, payments.verification_method AS payments_verification_method, payments.verification_attempts AS payments_verification_attempts, payments.last_check_at AS payments_last_check_at, payments.created_at AS payments_created_at, payments.verified_at AS payments_verified_at 
FROM payments 
WHERE payments.status = ?]
[parameters: ('pending',)]
(Background on this error at: https://sqlalche.me/e/20/e3q8)
2026-08-16 18:34:48 | ERROR | Periodic check error: (sqlite3.OperationalError) no such column: payments.network
[SQL: SELECT payments.id AS payments_id, payments.user_id AS payments_user_id, payments.tx_hash AS payments_tx_hash, payments.amount AS payments_amount, payments.currency AS payments_currency, payments.network AS payments_network, payments.status AS payments_status, payments.error_message AS payments_error_message, payments.verification_method AS payments_verification_method, payments.verification_attempts AS payments_verification_attempts, payments.last_check_at AS payments_last_check_at, payments.created_at AS payments_created_at, payments.verified_at AS payments_verified_at 
FROM payments 
WHERE payments.status = ?]
[parameters: ('pending',)]
(Background on this error at: https://sqlalche.me/e/20/e3q8)
2026-08-16 18:35:18 | ERROR | Periodic check error: (sqlite3.OperationalError) no such column: payments.network
[SQL: SELECT payments.id AS payments_id, payments.user_id AS payments_user_id, payments.tx_hash AS payments_tx_hash, payments.amount AS payments_amount, payments.currency AS payments_currency, payments.network AS payments_network, payments.status AS payments_status, payments.error_message AS payments_error_message, payments.verification_method AS payments_verification_method, payments.verification_attempts AS payments_verification_attempts, payments.last_check_at AS payments_last_check_at, payments.created_at AS payments_created_at, payments.verified_at AS payments_verified_at 
FROM payments 
WHERE payments.status = ?]
[parameters: ('pending',)]
(Background on this error at: https://sqlalche.me/e/20/e3q8)
2026-08-16 18:35:48 | ERROR | Periodic check error: (sqlite3.OperationalError) no such column: payments.network
[SQL: SELECT payments.id AS payments_id, payments.user_id AS payments_user_id, payments.tx_hash AS payments_tx_hash, payments.amount AS payments_amount, payments.currency AS payments_currency, payments.network AS payments_network, payments.status AS payments_status, payments.error_message AS payments_error_message, payments.verification_method AS payments_verification_method, payments.verification_attempts AS payments_verification_attempts, payments.last_check_at AS payments_last_check_at, payments.created_at AS payments_created_at, payments.verified_at AS payments_verified_at 
FROM payments 
WHERE payments.status = ?]
[parameters: ('pending',)]
(Background on this error at: https://sqlalche.me/e/20/e3q8)
2026-08-16 18:36:18 | ERROR | Periodic check error: (sqlite3.OperationalError) no such column: payments.network
[SQL: SELECT payments.id AS payments_id, payments.user_id AS payments_user_id, payments.tx_hash AS payments_tx_hash, payments.amount AS payments_amount, payments.currency AS payments_currency, payments.network AS payments_network, payments.status AS payments_status, payments.error_message AS payments_error_message, payments.verification_method AS payments_verification_method, payments.verification_attempts AS payments_verification_attempts, payments.last_check_at AS payments_last_check_at, payments.created_at AS payments_created_at, payments.verified_at AS payments_verified_at 
FROM payments 
WHERE payments.status = ?]
[parameters: ('pending',)]
(Background on this error at: https://sqlalche.me/e/20/e3q8)
2026-08-16 18:36:45 | INFO | \U0001f6d1 Sweetsnipe server shutting down...
2026-08-16 18:36:45 | INFO | \u2705 Server shutdown complete
2026-08-16 18:36:53 | INFO | \U0001f680 Sweetsnipe server starting... (Environment: development)
2026-08-16 18:36:53 | INFO | \u2705 Server startup complete
2026-08-16 18:36:53 | ERROR | Periodic check error: (sqlite3.OperationalError) no such column: payments.network
[SQL: SELECT payments.id AS payments_id, payments.user_id AS payments_user_id, payments.tx_hash AS payments_tx_hash, payments.amount AS payments_amount, payments.currency AS payments_currency, payments.network AS payments_network, payments.status AS payments_status, payments.error_message AS payments_error_message, payments.verification_method AS payments_verification_method, payments.verification_attempts AS payments_verification_attempts, payments.last_check_at AS payments_last_check_at, payments.created_at AS payments_created_at, payments.verified_at AS payments_verified_at 
FROM payments 
WHERE payments.status = ?]
[parameters: ('pending',)]
(Background on this error at: https://sqlalche.me/e/20/e3q8)
2026-08-16 18:37:23 | ERROR | Periodic check error: (sqlite3.OperationalError) no such column: payments.network
[SQL: SELECT payments.id AS payments_id, payments.user_id AS payments_user_id, payments.tx_hash AS payments_tx_hash, payments.amount AS payments_amount, payments.currency AS payments_currency, payments.network AS payments_network, payments.status AS payments_status, payments.error_message AS payments_error_message, payments.verification_method AS payments_verification_method, payments.verification_attempts AS payments_verification_attempts, payments.last_check_at AS payments_last_check_at, payments.created_at AS payments_created_at, payments.verified_at AS payments_verified_at 
FROM payments 
WHERE payments.status = ?]
[parameters: ('pending',)]
(Background on this error at: https://sqlalche.me/e/20/e3q8)
2026-08-16 18:37:53 | ERROR | Periodic check error: (sqlite3.OperationalError) no such column: payments.network
[SQL: SELECT payments.id AS payments_id, payments.user_id AS payments_user_id, payments.tx_hash AS payments_tx_hash, payments.amount AS payments_amount, payments.currency AS payments_currency, payments.network AS payments_network, payments.status AS payments_status, payments.error_message AS payments_error_message, payments.verification_method AS payments_verification_method, payments.verification_attempts AS payments_verification_attempts, payments.last_check_at AS payments_last_check_at, payments.created_at AS payments_created_at, payments.verified_at AS payments_verified_at 
FROM payments 
WHERE payments.status = ?]
[parameters: ('pending',)]
(Background on this error at: https://sqlalche.me/e/20/e3q8)
2026-08-16 18:38:23 | ERROR | Periodic check error: (sqlite3.OperationalError) no such column: payments.network
[SQL: SELECT payments.id AS payments_id, payments.user_id AS payments_user_id, payments.tx_hash AS payments_tx_hash, payments.amount AS payments_amount, payments.currency AS payments_currency, payments.network AS payments_network, payments.status AS payments_status, payments.error_message AS payments_error_message, payments.verification_method AS payments_verification_method, payments.verification_attempts AS payments_verification_attempts, payments.last_check_at AS payments_last_check_at, payments.created_at AS payments_created_at, payments.verified_at AS payments_verified_at 
FROM payments 
WHERE payments.status = ?]
[parameters: ('pending',)]
(Background on this error at: https://sqlalche.me/e/20/e3q8)
2026-08-16 18:38:53 | ERROR | Periodic check error: (sqlite3.OperationalError) no such column: payments.network
[SQL: SELECT payments.id AS payments_id, payments.user_id AS payments_user_id, payments.tx_hash AS payments_tx_hash, payments.amount AS payments_amount, payments.currency AS payments_currency, payments.network AS payments_network, payments.status AS payments_status, payments.error_message AS payments_error_message, payments.verification_method AS payments_verification_method, payments.verification_attempts AS payments_verification_attempts, payments.last_check_at AS payments_last_check_at, payments.created_at AS payments_created_at, payments.verified_at AS payments_verified_at 
FROM payments 
WHERE payments.status = ?]
[parameters: ('pending',)]
(Background on this error at: https://sqlalche.me/e/20/e3q8)
2026-08-16 18:39:23 | ERROR | Periodic check error: (sqlite3.OperationalError) no such column: payments.network
[SQL: SELECT payments.id AS payments_id, payments.user_id AS payments_user_id, payments.tx_hash AS payments_tx_hash, payments.amount AS payments_amount, payments.currency AS payments_currency, payments.network AS payments_network, payments.status AS payments_status, payments.error_message AS payments_error_message, payments.verification_method AS payments_verification_method, payments.verification_attempts AS payments_verification_attempts, payments.last_check_at AS payments_last_check_at, payments.created_at AS payments_created_at, payments.verified_at AS payments_verified_at 
FROM payments 
WHERE payments.status = ?]
[parameters: ('pending',)]
(Background on this error at: https://sqlalche.me/e/20/e3q8)
2026-08-16 18:39:53 | ERROR | Periodic check error: (sqlite3.OperationalError) no such column: payments.network
[SQL: SELECT payments.id AS payments_id, payments.user_id AS payments_user_id, payments.tx_hash AS payments_tx_hash, payments.amount AS payments_amount, payments.currency AS payments_currency, payments.network AS payments_network, payments.status AS payments_status, payments.error_message AS payments_error_message, payments.verification_method AS payments_verification_method, payments.verification_attempts AS payments_verification_attempts, payments.last_check_at AS payments_last_check_at, payments.created_at AS payments_created_at, payments.verified_at AS payments_verified_at 
FROM payments 
WHERE payments.status = ?]
[parameters: ('pending',)]
(Background on this error at: https://sqlalche.me/e/20/e3q8)
2026-08-16 18:40:23 | ERROR | Periodic check error: (sqlite3.OperationalError) no such column: payments.network
[SQL: SELECT payments.id AS payments_id, payments.user_id AS payments_user_id, payments.tx_hash AS payments_tx_hash, payments.amount AS payments_amount, payments.currency AS payments_currency, payments.network AS payments_network, payments.status AS payments_status, payments.error_message AS payments_error_message, payments.verification_method AS payments_verification_method, payments.verification_attempts AS payments_verification_attempts, payments.last_check_at AS payments_last_check_at, payments.created_at AS payments_created_at, payments.verified_at AS payments_verified_at 
FROM payments 
WHERE payments.status = ?]
[parameters: ('pending',)]
(Background on this error at: https://sqlalche.me/e/20/e3q8)
2026-08-16 18:40:53 | ERROR | Periodic check error: (sqlite3.OperationalError) no such column: payments.network
[SQL: SELECT payments.id AS payments_id, payments.user_id AS payments_user_id, payments.tx_hash AS payments_tx_hash, payments.amount AS payments_amount, payments.currency AS payments_currency, payments.network AS payments_network, payments.status AS payments_status, payments.error_message AS payments_error_message, payments.verification_method AS payments_verification_method, payments.verification_attempts AS payments_verification_attempts, payments.last_check_at AS payments_last_check_at, payments.created_at AS payments_created_at, payments.verified_at AS payments_verified_at 
FROM payments 
WHERE payments.status = ?]
[parameters: ('pending',)]
(Background on this error at: https://sqlalche.me/e/20/e3q8)
2026-08-16 18:41:23 | ERROR | Periodic check error: (sqlite3.OperationalError) no such column: payments.network
[SQL: SELECT payments.id AS payments_id, payments.user_id AS payments_user_id, payments.tx_hash AS payments_tx_hash, payments.amount AS payments_amount, payments.currency AS payments_currency, payments.network AS payments_network, payments.status AS payments_status, payments.error_message AS payments_error_message, payments.verification_method AS payments_verification_method, payments.verification_attempts AS payments_verification_attempts, payments.last_check_at AS payments_last_check_at, payments.created_at AS payments_created_at, payments.verified_at AS payments_verified_at 
FROM payments 
WHERE payments.status = ?]
[parameters: ('pending',)]
(Background on this error at: https://sqlalche.me/e/20/e3q8)
2026-08-16 18:41:53 | ERROR | Periodic check error: (sqlite3.OperationalError) no such column: payments.network
[SQL: SELECT payments.id AS payments_id, payments.user_id AS payments_user_id, payments.tx_hash AS payments_tx_hash, payments.amount AS payments_amount, payments.currency AS payments_currency, payments.network AS payments_network, payments.status AS payments_status, payments.error_message AS payments_error_message, payments.verification_method AS payments_verification_method, payments.verification_attempts AS payments_verification_attempts, payments.last_check_at AS payments_last_check_at, payments.created_at AS payments_created_at, payments.verified_at AS payments_verified_at 
FROM payments 
WHERE payments.status = ?]
[parameters: ('pending',)]
(Background on this error at: https://sqlalche.me/e/20/e3q8)
2026-08-16 18:42:23 | ERROR | Periodic check error: (sqlite3.OperationalError) no such column: payments.network
[SQL: SELECT payments.id AS payments_id, payments.user_id AS payments_user_id, payments.tx_hash AS payments_tx_hash, payments.amount AS payments_amount, payments.currency AS payments_currency, payments.network AS payments_network, payments.status AS payments_status, payments.error_message AS payments_error_message, payments.verification_method AS payments_verification_method, payments.verification_attempts AS payments_verification_attempts, payments.last_check_at AS payments_last_check_at, payments.created_at AS payments_created_at, payments.verified_at AS payments_verified_at 
FROM payments 
WHERE payments.status = ?]
[parameters: ('pending',)]
(Background on this error at: https://sqlalche.me/e/20/e3q8)
2026-08-16 18:42:53 | ERROR | Periodic check error: (sqlite3.OperationalError) no such column: payments.network
[SQL: SELECT payments.id AS payments_id, payments.user_id AS payments_user_id, payments.tx_hash AS payments_tx_hash, payments.amount AS payments_amount, payments.currency AS payments_currency, payments.network AS payments_network, payments.status AS payments_status, payments.error_message AS payments_error_message, payments.verification_method AS payments_verification_method, payments.verification_attempts AS payments_verification_attempts, payments.last_check_at AS payments_last_check_at, payments.created_at AS payments_created_at, payments.verified_at AS payments_verified_at 
FROM payments 
WHERE payments.status = ?]
[parameters: ('pending',)]
(Background on this error at: https://sqlalche.me/e/20/e3q8)
2026-08-16 18:43:23 | ERROR | Periodic check error: (sqlite3.OperationalError) no such column: payments.network
[SQL: SELECT payments.id AS payments_id, payments.user_id AS payments_user_id, payments.tx_hash AS payments_tx_hash, payments.amount AS payments_amount, payments.currency AS payments_currency, payments.network AS payments_network, payments.status AS payments_status, payments.error_message AS payments_error_message, payments.verification_method AS payments_verification_method, payments.verification_attempts AS payments_verification_attempts, payments.last_check_at AS payments_last_check_at, payments.created_at AS payments_created_at, payments.verified_at AS payments_verified_at 
FROM payments 
WHERE payments.status = ?]
[parameters: ('pending',)]
(Background on this error at: https://sqlalche.me/e/20/e3q8)
2026-08-16 18:43:53 | ERROR | Periodic check error: (sqlite3.OperationalError) no such column: payments.network
[SQL: SELECT payments.id AS payments_id, payments.user_id AS payments_user_id, payments.tx_hash AS payments_tx_hash, payments.amount AS payments_amount, payments.currency AS payments_currency, payments.network AS payments_network, payments.status AS payments_status, payments.error_message AS payments_error_message, payments.verification_method AS payments_verification_method, payments.verification_attempts AS payments_verification_attempts, payments.last_check_at AS payments_last_check_at, payments.created_at AS payments_created_at, payments.verified_at AS payments_verified_at 
FROM payments 
WHERE payments.status = ?]
[parameters: ('pending',)]
(Background on this error at: https://sqlalche.me/e/20/e3q8)
2026-08-16 18:44:23 | ERROR | Periodic check error: (sqlite3.OperationalError) no such column: payments.network
[SQL: SELECT payments.id AS payments_id, payments.user_id AS payments_user_id, payments.tx_hash AS payments_tx_hash, payments.amount AS payments_amount, payments.currency AS payments_currency, payments.network AS payments_network, payments.status AS payments_status, payments.error_message AS payments_error_message, payments.verification_method AS payments_verification_method, payments.verification_attempts AS payments_verification_attempts, payments.last_check_at AS payments_last_check_at, payments.created_at AS payments_created_at, payments.verified_at AS payments_verified_at 
FROM payments 
WHERE payments.status = ?]
[parameters: ('pending',)]
(Background on this error at: https://sqlalche.me/e/20/e3q8)
2026-08-16 18:44:53 | ERROR | Periodic check error: (sqlite3.OperationalError) no such column: payments.network
[SQL: SELECT payments.id AS payments_id, payments.user_id AS payments_user_id, payments.tx_hash AS payments_tx_hash, payments.amount AS payments_amount, payments.currency AS payments_currency, payments.network AS payments_network, payments.status AS payments_status, payments.error_message AS payments_error_message, payments.verification_method AS payments_verification_method, payments.verification_attempts AS payments_verification_attempts, payments.last_check_at AS payments_last_check_at, payments.created_at AS payments_created_at, payments.verified_at AS payments_verified_at 
FROM payments 
WHERE payments.status = ?]
[parameters: ('pending',)]
(Background on this error at: https://sqlalche.me/e/20/e3q8)
2026-08-16 18:45:23 | ERROR | Periodic check error: (sqlite3.OperationalError) no such column: payments.network
[SQL: SELECT payments.id AS payments_id, payments.user_id AS payments_user_id, payments.tx_hash AS payments_tx_hash, payments.amount AS payments_amount, payments.currency AS payments_currency, payments.network AS payments_network, payments.status AS payments_status, payments.error_message AS payments_error_message, payments.verification_method AS payments_verification_method, payments.verification_attempts AS payments_verification_attempts, payments.last_check_at AS payments_last_check_at, payments.created_at AS payments_created_at, payments.verified_at AS payments_verified_at 
FROM payments 
WHERE payments.status = ?]
[parameters: ('pending',)]
(Background on this error at: https://sqlalche.me/e/20/e3q8)
2026-08-16 18:45:53 | ERROR | Periodic check error: (sqlite3.OperationalError) no such column: payments.network
[SQL: SELECT payments.id AS payments_id, payments.user_id AS payments_user_id, payments.tx_hash AS payments_tx_hash, payments.amount AS payments_amount, payments.currency AS payments_currency, payments.network AS payments_network, payments.status AS payments_status, payments.error_message AS payments_error_message, payments.verification_method AS payments_verification_method, payments.verification_attempts AS payments_verification_attempts, payments.last_check_at AS payments_last_check_at, payments.created_at AS payments_created_at, payments.verified_at AS payments_verified_at 
FROM payments 
WHERE payments.status = ?]
[parameters: ('pending',)]
(Background on this error at: https://sqlalche.me/e/20/e3q8)
2026-08-16 18:46:23 | ERROR | Periodic check error: (sqlite3.OperationalError) no such column: payments.network
[SQL: SELECT payments.id AS payments_id, payments.user_id AS payments_user_id, payments.tx_hash AS payments_tx_hash, payments.amount AS payments_amount, payments.currency AS payments_currency, payments.network AS payments_network, payments.status AS payments_status, payments.error_message AS payments_error_message, payments.verification_method AS payments_verification_method, payments.verification_attempts AS payments_verification_attempts, payments.last_check_at AS payments_last_check_at, payments.created_at AS payments_created_at, payments.verified_at AS payments_verified_at 
FROM payments 
WHERE payments.status = ?]
[parameters: ('pending',)]
(Background on this error at: https://sqlalche.me/e/20/e3q8)
2026-08-16 18:46:53 | ERROR | Periodic check error: (sqlite3.OperationalError) no such column: payments.network
[SQL: SELECT payments.id AS payments_id, payments.user_id AS payments_user_id, payments.tx_hash AS payments_tx_hash, payments.amount AS payments_amount, payments.currency AS payments_currency, payments.network AS payments_network, payments.status AS payments_status, payments.error_message AS payments_error_message, payments.verification_method AS payments_verification_method, payments.verification_attempts AS payments_verification_attempts, payments.last_check_at AS payments_last_check_at, payments.created_at AS payments_created_at, payments.verified_at AS payments_verified_at 
FROM payments 
WHERE payments.status = ?]
[parameters: ('pending',)]
(Background on this error at: https://sqlalche.me/e/20/e3q8)
2026-08-16 18:47:23 | ERROR | Periodic check error: (sqlite3.OperationalError) no such column: payments.network
[SQL: SELECT payments.id AS payments_id, payments.user_id AS payments_user_id, payments.tx_hash AS payments_tx_hash, payments.amount AS payments_amount, payments.currency AS payments_currency, payments.network AS payments_network, payments.status AS payments_status, payments.error_message AS payments_error_message, payments.verification_method AS payments_verification_method, payments.verification_attempts AS payments_verification_attempts, payments.last_check_at AS payments_last_check_at, payments.created_at AS payments_created_at, payments.verified_at AS payments_verified_at 
FROM payments 
WHERE payments.status = ?]
[parameters: ('pending',)]
(Background on this error at: https://sqlalche.me/e/20/e3q8)
2026-08-16 18:47:53 | ERROR | Periodic check error: (sqlite3.OperationalError) no such column: payments.network
[SQL: SELECT payments.id AS payments_id, payments.user_id AS payments_user_id, payments.tx_hash AS payments_tx_hash, payments.amount AS payments_amount, payments.currency AS payments_currency, payments.network AS payments_network, payments.status AS payments_status, payments.error_message AS payments_error_message, payments.verification_method AS payments_verification_method, payments.verification_attempts AS payments_verification_attempts, payments.last_check_at AS payments_last_check_at, payments.created_at AS payments_created_at, payments.verified_at AS payments_verified_at 
FROM payments 
WHERE payments.status = ?]
[parameters: ('pending',)]
(Background on this error at: https://sqlalche.me/e/20/e3q8)
2026-08-16 18:48:23 | ERROR | Periodic check error: (sqlite3.OperationalError) no such column: payments.network
[SQL: SELECT payments.id AS payments_id, payments.user_id AS payments_user_id, payments.tx_hash AS payments_tx_hash, payments.amount AS payments_amount, payments.currency AS payments_currency, payments.network AS payments_network, payments.status AS payments_status, payments.error_message AS payments_error_message, payments.verification_method AS payments_verification_method, payments.verification_attempts AS payments_verification_attempts, payments.last_check_at AS payments_last_check_at, payments.created_at AS payments_created_at, payments.verified_at AS payments_verified_at 
FROM payments 
WHERE payments.status = ?]
[parameters: ('pending',)]
(Background on this error at: https://sqlalche.me/e/20/e3q8)
2026-08-16 18:48:53 | ERROR | Periodic check error: (sqlite3.OperationalError) no such column: payments.network
[SQL: SELECT payments.id AS payments_id, payments.user_id AS payments_user_id, payments.tx_hash AS payments_tx_hash, payments.amount AS payments_amount, payments.currency AS payments_currency, payments.network AS payments_network, payments.status AS payments_status, payments.error_message AS payments_error_message, payments.verification_method AS payments_verification_method, payments.verification_attempts AS payments_verification_attempts, payments.last_check_at AS payments_last_check_at, payments.created_at AS payments_created_at, payments.verified_at AS payments_verified_at 
FROM payments 
WHERE payments.status = ?]
[parameters: ('pending',)]
(Background on this error at: https://sqlalche.me/e/20/e3q8)
2026-08-16 18:49:23 | ERROR | Periodic check error: (sqlite3.OperationalError) no such column: payments.network
[SQL: SELECT payments.id AS payments_id, payments.user_id AS payments_user_id, payments.tx_hash AS payments_tx_hash, payments.amount AS payments_amount, payments.currency AS payments_currency, payments.network AS payments_network, payments.status AS payments_status, payments.error_message AS payments_error_message, payments.verification_method AS payments_verification_method, payments.verification_attempts AS payments_verification_attempts, payments.last_check_at AS payments_last_check_at, payments.created_at AS payments_created_at, payments.verified_at AS payments_verified_at 
FROM payments 
WHERE payments.status = ?]
[parameters: ('pending',)]
(Background on this error at: https://sqlalche.me/e/20/e3q8)
2026-08-16 18:49:53 | ERROR | Periodic check error: (sqlite3.OperationalError) no such column: payments.network
[SQL: SELECT payments.id AS payments_id, payments.user_id AS payments_user_id, payments.tx_hash AS payments_tx_hash, payments.amount AS payments_amount, payments.currency AS payments_currency, payments.network AS payments_network, payments.status AS payments_status, payments.error_message AS payments_error_message, payments.verification_method AS payments_verification_method, payments.verification_attempts AS payments_verification_attempts, payments.last_check_at AS payments_last_check_at, payments.created_at AS payments_created_at, payments.verified_at AS payments_verified_at 
FROM payments 
WHERE payments.status = ?]
[parameters: ('pending',)]
(Background on this error at: https://sqlalche.me/e/20/e3q8)
2026-08-16 18:50:23 | ERROR | Periodic check error: (sqlite3.OperationalError) no such column: payments.network
[SQL: SELECT payments.id AS payments_id, payments.user_id AS payments_user_id, payments.tx_hash AS payments_tx_hash, payments.amount AS payments_amount, payments.currency AS payments_currency, payments.network AS payments_network, payments.status AS payments_status, payments.error_message AS payments_error_message, payments.verification_method AS payments_verification_method, payments.verification_attempts AS payments_verification_attempts, payments.last_check_at AS payments_last_check_at, payments.created_at AS payments_created_at, payments.verified_at AS payments_verified_at 
FROM payments 
WHERE payments.status = ?]
[parameters: ('pending',)]
(Background on this error at: https://sqlalche.me/e/20/e3q8)
2026-08-16 18:50:53 | ERROR | Periodic check error: (sqlite3.OperationalError) no such column: payments.network
[SQL: SELECT payments.id AS payments_id, payments.user_id AS payments_user_id, payments.tx_hash AS payments_tx_hash, payments.amount AS payments_amount, payments.currency AS payments_currency, payments.network AS payments_network, payments.status AS payments_status, payments.error_message AS payments_error_message, payments.verification_method AS payments_verification_method, payments.verification_attempts AS payments_verification_attempts, payments.last_check_at AS payments_last_check_at, payments.created_at AS payments_created_at, payments.verified_at AS payments_verified_at 
FROM payments 
WHERE payments.status = ?]
[parameters: ('pending',)]
(Background on this error at: https://sqlalche.me/e/20/e3q8)
2026-08-16 18:51:23 | ERROR | Periodic check error: (sqlite3.OperationalError) no such column: payments.network
[SQL: SELECT payments.id AS payments_id, payments.user_id AS payments_user_id, payments.tx_hash AS payments_tx_hash, payments.amount AS payments_amount, payments.currency AS payments_currency, payments.network AS payments_network, payments.status AS payments_status, payments.error_message AS payments_error_message, payments.verification_method AS payments_verification_method, payments.verification_attempts AS payments_verification_attempts, payments.last_check_at AS payments_last_check_at, payments.created_at AS payments_created_at, payments.verified_at AS payments_verified_at 
FROM payments 
WHERE payments.status = ?]
[parameters: ('pending',)]
(Background on this error at: https://sqlalche.me/e/20/e3q8)
2026-08-16 18:51:24 | INFO | \U0001f6d1 Sweetsnipe server shutting down...
2026-08-16 18:51:25 | INFO | \u2705 Server shutdown complete
2026-08-16 18:51:35 | INFO | \U0001f680 Sweetsnipe server starting... (Environment: development)
2026-08-16 18:51:35 | INFO | \u2705 Server startup complete
2026-08-16 18:51:35 | ERROR | Periodic check error: (sqlite3.OperationalError) no such column: payments.network
[SQL: SELECT payments.id AS payments_id, payments.user_id AS payments_user_id, payments.tx_hash AS payments_tx_hash, payments.amount AS payments_amount, payments.currency AS payments_currency, payments.network AS payments_network, payments.status AS payments_status, payments.error_message AS payments_error_message, payments.verification_method AS payments_verification_method, payments.verification_attempts AS payments_verification_attempts, payments.last_check_at AS payments_last_check_at, payments.created_at AS payments_created_at, payments.verified_at AS payments_verified_at 
FROM payments 
WHERE payments.status = ?]
[parameters: ('pending',)]
(Background on this error at: https://sqlalche.me/e/20/e3q8)
2026-08-16 18:52:05 | ERROR | Periodic check error: (sqlite3.OperationalError) no such column: payments.network
[SQL: SELECT payments.id AS payments_id, payments.user_id AS payments_user_id, payments.tx_hash AS payments_tx_hash, payments.amount AS payments_amount, payments.currency AS payments_currency, payments.network AS payments_network, payments.status AS payments_status, payments.error_message AS payments_error_message, payments.verification_method AS payments_verification_method, payments.verification_attempts AS payments_verification_attempts, payments.last_check_at AS payments_last_check_at, payments.created_at AS payments_created_at, payments.verified_at AS payments_verified_at 
FROM payments 
WHERE payments.status = ?]
[parameters: ('pending',)]
(Background on this error at: https://sqlalche.me/e/20/e3q8)
2026-08-16 18:52:35 | ERROR | Periodic check error: (sqlite3.OperationalError) no such column: payments.network
[SQL: SELECT payments.id AS payments_id, payments.user_id AS payments_user_id, payments.tx_hash AS payments_tx_hash, payments.amount AS payments_amount, payments.currency AS payments_currency, payments.network AS payments_network, payments.status AS payments_status, payments.error_message AS payments_error_message, payments.verification_method AS payments_verification_method, payments.verification_attempts AS payments_verification_attempts, payments.last_check_at AS payments_last_check_at, payments.created_at AS payments_created_at, payments.verified_at AS payments_verified_at 
FROM payments 
WHERE payments.status = ?]
[parameters: ('pending',)]
(Background on this error at: https://sqlalche.me/e/20/e3q8)
2026-08-16 18:53:05 | ERROR | Periodic check error: (sqlite3.OperationalError) no such column: payments.network
[SQL: SELECT payments.id AS payments_id, payments.user_id AS payments_user_id, payments.tx_hash AS payments_tx_hash, payments.amount AS payments_amount, payments.currency AS payments_currency, payments.network AS payments_network, payments.status AS payments_status, payments.error_message AS payments_error_message, payments.verification_method AS payments_verification_method, payments.verification_attempts AS payments_verification_attempts, payments.last_check_at AS payments_last_check_at, payments.created_at AS payments_created_at, payments.verified_at AS payments_verified_at 
FROM payments 
WHERE payments.status = ?]
[parameters: ('pending',)]
(Background on this error at: https://sqlalche.me/e/20/e3q8)
2026-08-16 18:53:35 | ERROR | Periodic check error: (sqlite3.OperationalError) no such column: payments.network
[SQL: SELECT payments.id AS payments_id, payments.user_id AS payments_user_id, payments.tx_hash AS payments_tx_hash, payments.amount AS payments_amount, payments.currency AS payments_currency, payments.network AS payments_network, payments.status AS payments_status, payments.error_message AS payments_error_message, payments.verification_method AS payments_verification_method, payments.verification_attempts AS payments_verification_attempts, payments.last_check_at AS payments_last_check_at, payments.created_at AS payments_created_at, payments.verified_at AS payments_verified_at 
FROM payments 
WHERE payments.status = ?]
[parameters: ('pending',)]
(Background on this error at: https://sqlalche.me/e/20/e3q8)
2026-08-16 18:54:05 | ERROR | Periodic check error: (sqlite3.OperationalError) no such column: payments.network
[SQL: SELECT payments.id AS payments_id, payments.user_id AS payments_user_id, payments.tx_hash AS payments_tx_hash, payments.amount AS payments_amount, payments.currency AS payments_currency, payments.network AS payments_network, payments.status AS payments_status, payments.error_message AS payments_error_message, payments.verification_method AS payments_verification_method, payments.verification_attempts AS payments_verification_attempts, payments.last_check_at AS payments_last_check_at, payments.created_at AS payments_created_at, payments.verified_at AS payments_verified_at 
FROM payments 
WHERE payments.status = ?]
[parameters: ('pending',)]
(Background on this error at: https://sqlalche.me/e/20/e3q8)
2026-08-16 18:54:35 | ERROR | Periodic check error: (sqlite3.OperationalError) no such column: payments.network
[SQL: SELECT payments.id AS payments_id, payments.user_id AS payments_user_id, payments.tx_hash AS payments_tx_hash, payments.amount AS payments_amount, payments.currency AS payments_currency, payments.network AS payments_network, payments.status AS payments_status, payments.error_message AS payments_error_message, payments.verification_method AS payments_verification_method, payments.verification_attempts AS payments_verification_attempts, payments.last_check_at AS payments_last_check_at, payments.created_at AS payments_created_at, payments.verified_at AS payments_verified_at 
FROM payments 
WHERE payments.status = ?]
[parameters: ('pending',)]
(Background on this error at: https://sqlalche.me/e/20/e3q8)
2026-08-16 18:55:05 | ERROR | Periodic check error: (sqlite3.OperationalError) no such column: payments.network
[SQL: SELECT payments.id AS payments_id, payments.user_id AS payments_user_id, payments.tx_hash AS payments_tx_hash, payments.amount AS payments_amount, payments.currency AS payments_currency, payments.network AS payments_network, payments.status AS payments_status, payments.error_message AS payments_error_message, payments.verification_method AS payments_verification_method, payments.verification_attempts AS payments_verification_attempts, payments.last_check_at AS payments_last_check_at, payments.created_at AS payments_created_at, payments.verified_at AS payments_verified_at 
FROM payments 
WHERE payments.status = ?]
[parameters: ('pending',)]
(Background on this error at: https://sqlalche.me/e/20/e3q8)
2026-08-16 18:55:35 | ERROR | Periodic check error: (sqlite3.OperationalError) no such column: payments.network
[SQL: SELECT payments.id AS payments_id, payments.user_id AS payments_user_id, payments.tx_hash AS payments_tx_hash, payments.amount AS payments_amount, payments.currency AS payments_currency, payments.network AS payments_network, payments.status AS payments_status, payments.error_message AS payments_error_message, payments.verification_method AS payments_verification_method, payments.verification_attempts AS payments_verification_attempts, payments.last_check_at AS payments_last_check_at, payments.created_at AS payments_created_at, payments.verified_at AS payments_verified_at 
FROM payments 
WHERE payments.status = ?]
[parameters: ('pending',)]
(Background on this error at: https://sqlalche.me/e/20/e3q8)
2026-08-16 18:56:05 | ERROR | Periodic check error: (sqlite3.OperationalError) no such column: payments.network
[SQL: SELECT payments.id AS payments_id, payments.user_id AS payments_user_id, payments.tx_hash AS payments_tx_hash, payments.amount AS payments_amount, payments.currency AS payments_currency, payments.network AS payments_network, payments.status AS payments_status, payments.error_message AS payments_error_message, payments.verification_method AS payments_verification_method, payments.verification_attempts AS payments_verification_attempts, payments.last_check_at AS payments_last_check_at, payments.created_at AS payments_created_at, payments.verified_at AS payments_verified_at 
FROM payments 
WHERE payments.status = ?]
[parameters: ('pending',)]
(Background on this error at: https://sqlalche.me/e/20/e3q8)
2026-08-16 18:56:35 | ERROR | Periodic check error: (sqlite3.OperationalError) no such column: payments.network
[SQL: SELECT payments.id AS payments_id, payments.user_id AS payments_user_id, payments.tx_hash AS payments_tx_hash, payments.amount AS payments_amount, payments.currency AS payments_currency, payments.network AS payments_network, payments.status AS payments_status, payments.error_message AS payments_error_message, payments.verification_method AS payments_verification_method, payments.verification_attempts AS payments_verification_attempts, payments.last_check_at AS payments_last_check_at, payments.created_at AS payments_created_at, payments.verified_at AS payments_verified_at 
FROM payments 
WHERE payments.status = ?]
[parameters: ('pending',)]
(Background on this error at: https://sqlalche.me/e/20/e3q8)
2026-08-16 18:57:05 | ERROR | Periodic check error: (sqlite3.OperationalError) no such column: payments.network
[SQL: SELECT payments.id AS payments_id, payments.user_id AS payments_user_id, payments.tx_hash AS payments_tx_hash, payments.amount AS payments_amount, payments.currency AS payments_currency, payments.network AS payments_network, payments.status AS payments_status, payments.error_message AS payments_error_message, payments.verification_method AS payments_verification_method, payments.verification_attempts AS payments_verification_attempts, payments.last_check_at AS payments_last_check_at, payments.created_at AS payments_created_at, payments.verified_at AS payments_verified_at 
FROM payments 
WHERE payments.status = ?]
[parameters: ('pending',)]
(Background on this error at: https://sqlalche.me/e/20/e3q8)
2026-08-16 18:57:35 | ERROR | Periodic check error: (sqlite3.OperationalError) no such column: payments.network
[SQL: SELECT payments.id AS payments_id, payments.user_id AS payments_user_id, payments.tx_hash AS payments_tx_hash, payments.amount AS payments_amount, payments.currency AS payments_currency, payments.network AS payments_network, payments.status AS payments_status, payments.error_message AS payments_error_message, payments.verification_method AS payments_verification_method, payments.verification_attempts AS payments_verification_attempts, payments.last_check_at AS payments_last_check_at, payments.created_at AS payments_created_at, payments.verified_at AS payments_verified_at 
FROM payments 
WHERE payments.status = ?]
[parameters: ('pending',)]
(Background on this error at: https://sqlalche.me/e/20/e3q8)
2026-08-16 18:57:54 | INFO | \U0001f6d1 Sweetsnipe server shutting down...
2026-08-16 18:57:54 | INFO | \u2705 Server shutdown complete
2026-08-16 18:58:25 | INFO | \U0001f680 Sweetsnipe server starting... (Environment: development)
2026-08-16 18:58:25 | INFO | \u2705 Server startup complete
2026-08-16 18:58:25 | ERROR | Periodic check error: (sqlite3.OperationalError) no such column: payments.network
[SQL: SELECT payments.id AS payments_id, payments.user_id AS payments_user_id, payments.tx_hash AS payments_tx_hash, payments.amount AS payments_amount, payments.currency AS payments_currency, payments.network AS payments_network, payments.status AS payments_status, payments.error_message AS payments_error_message, payments.verification_method AS payments_verification_method, payments.verification_attempts AS payments_verification_attempts, payments.last_check_at AS payments_last_check_at, payments.created_at AS payments_created_at, payments.verified_at AS payments_verified_at 
FROM payments 
WHERE payments.status = ?]
[parameters: ('pending',)]
(Background on this error at: https://sqlalche.me/e/20/e3q8)
2026-08-16 18:58:55 | ERROR | Periodic check error: (sqlite3.OperationalError) no such column: payments.network
[SQL: SELECT payments.id AS payments_id, payments.user_id AS payments_user_id, payments.tx_hash AS payments_tx_hash, payments.amount AS payments_amount, payments.currency AS payments_currency, payments.network AS payments_network, payments.status AS payments_status, payments.error_message AS payments_error_message, payments.verification_method AS payments_verification_method, payments.verification_attempts AS payments_verification_attempts, payments.last_check_at AS payments_last_check_at, payments.created_at AS payments_created_at, payments.verified_at AS payments_verified_at 
FROM payments 
WHERE payments.status = ?]
[parameters: ('pending',)]
(Background on this error at: https://sqlalche.me/e/20/e3q8)
2026-08-16 18:59:25 | ERROR | Periodic check error: (sqlite3.OperationalError) no such column: payments.network
[SQL: SELECT payments.id AS payments_id, payments.user_id AS payments_user_id, payments.tx_hash AS payments_tx_hash, payments.amount AS payments_amount, payments.currency AS payments_currency, payments.network AS payments_network, payments.status AS payments_status, payments.error_message AS payments_error_message, payments.verification_method AS payments_verification_method, payments.verification_attempts AS payments_verification_attempts, payments.last_check_at AS payments_last_check_at, payments.created_at AS payments_created_at, payments.verified_at AS payments_verified_at 
FROM payments 
WHERE payments.status = ?]
[parameters: ('pending',)]
(Background on this error at: https://sqlalche.me/e/20/e3q8)
2026-08-16 18:59:55 | ERROR | Periodic check error: (sqlite3.OperationalError) no such column: payments.network
[SQL: SELECT payments.id AS payments_id, payments.user_id AS payments_user_id, payments.tx_hash AS payments_tx_hash, payments.amount AS payments_amount, payments.currency AS payments_currency, payments.network AS payments_network, payments.status AS payments_status, payments.error_message AS payments_error_message, payments.verification_method AS payments_verification_method, payments.verification_attempts AS payments_verification_attempts, payments.last_check_at AS payments_last_check_at, payments.created_at AS payments_created_at, payments.verified_at AS payments_verified_at 
FROM payments 
WHERE payments.status = ?]
[parameters: ('pending',)]
(Background on this error at: https://sqlalche.me/e/20/e3q8)
2026-08-16 19:00:25 | ERROR | Periodic check error: (sqlite3.OperationalError) no such column: payments.network
[SQL: SELECT payments.id AS payments_id, payments.user_id AS payments_user_id, payments.tx_hash AS payments_tx_hash, payments.amount AS payments_amount, payments.currency AS payments_currency, payments.network AS payments_network, payments.status AS payments_status, payments.error_message AS payments_error_message, payments.verification_method AS payments_verification_method, payments.verification_attempts AS payments_verification_attempts, payments.last_check_at AS payments_last_check_at, payments.created_at AS payments_created_at, payments.verified_at AS payments_verified_at 
FROM payments 
WHERE payments.status = ?]
[parameters: ('pending',)]
(Background on this error at: https://sqlalche.me/e/20/e3q8)
2026-08-16 19:00:55 | ERROR | Periodic check error: (sqlite3.OperationalError) no such column: payments.network
[SQL: SELECT payments.id AS payments_id, payments.user_id AS payments_user_id, payments.tx_hash AS payments_tx_hash, payments.amount AS payments_amount, payments.currency AS payments_currency, payments.network AS payments_network, payments.status AS payments_status, payments.error_message AS payments_error_message, payments.verification_method AS payments_verification_method, payments.verification_attempts AS payments_verification_attempts, payments.last_check_at AS payments_last_check_at, payments.created_at AS payments_created_at, payments.verified_at AS payments_verified_at 
FROM payments 
WHERE payments.status = ?]
[parameters: ('pending',)]
(Background on this error at: https://sqlalche.me/e/20/e3q8)
2026-08-16 19:01:18 | INFO | \U0001f6d1 Sweetsnipe server shutting down...
2026-08-16 19:01:18 | INFO | \u2705 Server shutdown complete
2026-08-16 19:01:27 | INFO | \U0001f680 Sweetsnipe server starting... (Environment: development)
2026-08-16 19:01:27 | INFO | \u2705 Server startup complete
2026-08-16 19:01:27 | ERROR | Periodic check error: (sqlite3.OperationalError) no such column: payments.network
[SQL: SELECT payments.id AS payments_id, payments.user_id AS payments_user_id, payments.tx_hash AS payments_tx_hash, payments.amount AS payments_amount, payments.currency AS payments_currency, payments.network AS payments_network, payments.status AS payments_status, payments.error_message AS payments_error_message, payments.verification_method AS payments_verification_method, payments.verification_attempts AS payments_verification_attempts, payments.last_check_at AS payments_last_check_at, payments.created_at AS payments_created_at, payments.verified_at AS payments_verified_at 
FROM payments 
WHERE payments.status = ?]
[parameters: ('pending',)]
(Background on this error at: https://sqlalche.me/e/20/e3q8)
2026-08-16 19:01:57 | ERROR | Periodic check error: (sqlite3.OperationalError) no such column: payments.network
[SQL: SELECT payments.id AS payments_id, payments.user_id AS payments_user_id, payments.tx_hash AS payments_tx_hash, payments.amount AS payments_amount, payments.currency AS payments_currency, payments.network AS payments_network, payments.status AS payments_status, payments.error_message AS payments_error_message, payments.verification_method AS payments_verification_method, payments.verification_attempts AS payments_verification_attempts, payments.last_check_at AS payments_last_check_at, payments.created_at AS payments_created_at, payments.verified_at AS payments_verified_at 
FROM payments 
WHERE payments.status = ?]
[parameters: ('pending',)]
(Background on this error at: https://sqlalche.me/e/20/e3q8)
2026-08-16 19:02:27 | ERROR | Periodic check error: (sqlite3.OperationalError) no such column: payments.network
[SQL: SELECT payments.id AS payments_id, payments.user_id AS payments_user_id, payments.tx_hash AS payments_tx_hash, payments.amount AS payments_amount, payments.currency AS payments_currency, payments.network AS payments_network, payments.status AS payments_status, payments.error_message AS payments_error_message, payments.verification_method AS payments_verification_method, payments.verification_attempts AS payments_verification_attempts, payments.last_check_at AS payments_last_check_at, payments.created_at AS payments_created_at, payments.verified_at AS payments_verified_at 
FROM payments 
WHERE payments.status = ?]
[parameters: ('pending',)]
(Background on this error at: https://sqlalche.me/e/20/e3q8)
2026-08-16 19:02:57 | ERROR | Periodic check error: (sqlite3.OperationalError) no such column: payments.network
[SQL: SELECT payments.id AS payments_id, payments.user_id AS payments_user_id, payments.tx_hash AS payments_tx_hash, payments.amount AS payments_amount, payments.currency AS payments_currency, payments.network AS payments_network, payments.status AS payments_status, payments.error_message AS payments_error_message, payments.verification_method AS payments_verification_method, payments.verification_attempts AS payments_verification_attempts, payments.last_check_at AS payments_last_check_at, payments.created_at AS payments_created_at, payments.verified_at AS payments_verified_at 
FROM payments 
WHERE payments.status = ?]
[parameters: ('pending',)]
(Background on this error at: https://sqlalche.me/e/20/e3q8)
2026-08-16 19:03:27 | ERROR | Periodic check error: (sqlite3.OperationalError) no such column: payments.network
[SQL: SELECT payments.id AS payments_id, payments.user_id AS payments_user_id, payments.tx_hash AS payments_tx_hash, payments.amount AS payments_amount, payments.currency AS payments_currency, payments.network AS payments_network, payments.status AS payments_status, payments.error_message AS payments_error_message, payments.verification_method AS payments_verification_method, payments.verification_attempts AS payments_verification_attempts, payments.last_check_at AS payments_last_check_at, payments.created_at AS payments_created_at, payments.verified_at AS payments_verified_at 
FROM payments 
WHERE payments.status = ?]
[parameters: ('pending',)]
(Background on this error at: https://sqlalche.me/e/20/e3q8)
2026-08-16 19:03:57 | ERROR | Periodic check error: (sqlite3.OperationalError) no such column: payments.network
[SQL: SELECT payments.id AS payments_id, payments.user_id AS payments_user_id, payments.tx_hash AS payments_tx_hash, payments.amount AS payments_amount, payments.currency AS payments_currency, payments.network AS payments_network, payments.status AS payments_status, payments.error_message AS payments_error_message, payments.verification_method AS payments_verification_method, payments.verification_attempts AS payments_verification_attempts, payments.last_check_at AS payments_last_check_at, payments.created_at AS payments_created_at, payments.verified_at AS payments_verified_at 
FROM payments 
WHERE payments.status = ?]
[parameters: ('pending',)]
(Background on this error at: https://sqlalche.me/e/20/e3q8)
2026-08-16 19:04:27 | ERROR | Periodic check error: (sqlite3.OperationalError) no such column: payments.network
[SQL: SELECT payments.id AS payments_id, payments.user_id AS payments_user_id, payments.tx_hash AS payments_tx_hash, payments.amount AS payments_amount, payments.currency AS payments_currency, payments.network AS payments_network, payments.status AS payments_status, payments.error_message AS payments_error_message, payments.verification_method AS payments_verification_method, payments.verification_attempts AS payments_verification_attempts, payments.last_check_at AS payments_last_check_at, payments.created_at AS payments_created_at, payments.verified_at AS payments_verified_at 
FROM payments 
WHERE payments.status = ?]
[parameters: ('pending',)]
(Background on this error at: https://sqlalche.me/e/20/e3q8)
2026-08-16 19:04:58 | ERROR | Periodic check error: (sqlite3.OperationalError) no such column: payments.network
[SQL: SELECT payments.id AS payments_id, payments.user_id AS payments_user_id, payments.tx_hash AS payments_tx_hash, payments.amount AS payments_amount, payments.currency AS payments_currency, payments.network AS payments_network, payments.status AS payments_status, payments.error_message AS payments_error_message, payments.verification_method AS payments_verification_method, payments.verification_attempts AS payments_verification_attempts, payments.last_check_at AS payments_last_check_at, payments.created_at AS payments_created_at, payments.verified_at AS payments_verified_at 
FROM payments 
WHERE payments.status = ?]
[parameters: ('pending',)]
(Background on this error at: https://sqlalche.me/e/20/e3q8)
2026-08-16 19:05:28 | ERROR | Periodic check error: (sqlite3.OperationalError) no such column: payments.network
[SQL: SELECT payments.id AS payments_id, payments.user_id AS payments_user_id, payments.tx_hash AS payments_tx_hash, payments.amount AS payments_amount, payments.currency AS payments_currency, payments.network AS payments_network, payments.status AS payments_status, payments.error_message AS payments_error_message, payments.verification_method AS payments_verification_method, payments.verification_attempts AS payments_verification_attempts, payments.last_check_at AS payments_last_check_at, payments.created_at AS payments_created_at, payments.verified_at AS payments_verified_at 
FROM payments 
WHERE payments.status = ?]
[parameters: ('pending',)]
(Background on this error at: https://sqlalche.me/e/20/e3q8)
2026-08-16 19:05:58 | ERROR | Periodic check error: (sqlite3.OperationalError) no such column: payments.network
[SQL: SELECT payments.id AS payments_id, payments.user_id AS payments_user_id, payments.tx_hash AS payments_tx_hash, payments.amount AS payments_amount, payments.currency AS payments_currency, payments.network AS payments_network, payments.status AS payments_status, payments.error_message AS payments_error_message, payments.verification_method AS payments_verification_method, payments.verification_attempts AS payments_verification_attempts, payments.last_check_at AS payments_last_check_at, payments.created_at AS payments_created_at, payments.verified_at AS payments_verified_at 
FROM payments 
WHERE payments.status = ?]
[parameters: ('pending',)]
(Background on this error at: https://sqlalche.me/e/20/e3q8)
2026-08-16 19:06:28 | ERROR | Periodic check error: (sqlite3.OperationalError) no such column: payments.network
[SQL: SELECT payments.id AS payments_id, payments.user_id AS payments_user_id, payments.tx_hash AS payments_tx_hash, payments.amount AS payments_amount, payments.currency AS payments_currency, payments.network AS payments_network, payments.status AS payments_status, payments.error_message AS payments_error_message, payments.verification_method AS payments_verification_method, payments.verification_attempts AS payments_verification_attempts, payments.last_check_at AS payments_last_check_at, payments.created_at AS payments_created_at, payments.verified_at AS payments_verified_at 
FROM payments 
WHERE payments.status = ?]
[parameters: ('pending',)]
(Background on this error at: https://sqlalche.me/e/20/e3q8)
2026-08-16 19:06:58 | ERROR | Periodic check error: (sqlite3.OperationalError) no such column: payments.network
[SQL: SELECT payments.id AS payments_id, payments.user_id AS payments_user_id, payments.tx_hash AS payments_tx_hash, payments.amount AS payments_amount, payments.currency AS payments_currency, payments.network AS payments_network, payments.status AS payments_status, payments.error_message AS payments_error_message, payments.verification_method AS payments_verification_method, payments.verification_attempts AS payments_verification_attempts, payments.last_check_at AS payments_last_check_at, payments.created_at AS payments_created_at, payments.verified_at AS payments_verified_at 
FROM payments 
WHERE payments.status = ?]
[parameters: ('pending',)]
(Background on this error at: https://sqlalche.me/e/20/e3q8)
2026-08-16 19:07:28 | ERROR | Periodic check error: (sqlite3.OperationalError) no such column: payments.network
[SQL: SELECT payments.id AS payments_id, payments.user_id AS payments_user_id, payments.tx_hash AS payments_tx_hash, payments.amount AS payments_amount, payments.currency AS payments_currency, payments.network AS payments_network, payments.status AS payments_status, payments.error_message AS payments_error_message, payments.verification_method AS payments_verification_method, payments.verification_attempts AS payments_verification_attempts, payments.last_check_at AS payments_last_check_at, payments.created_at AS payments_created_at, payments.verified_at AS payments_verified_at 
FROM payments 
WHERE payments.status = ?]
[parameters: ('pending',)]
(Background on this error at: https://sqlalche.me/e/20/e3q8)
2026-08-16 19:07:58 | ERROR | Periodic check error: (sqlite3.OperationalError) no such column: payments.network
[SQL: SELECT payments.id AS payments_id, payments.user_id AS payments_user_id, payments.tx_hash AS payments_tx_hash, payments.amount AS payments_amount, payments.currency AS payments_currency, payments.network AS payments_network, payments.status AS payments_status, payments.error_message AS payments_error_message, payments.verification_method AS payments_verification_method, payments.verification_attempts AS payments_verification_attempts, payments.last_check_at AS payments_last_check_at, payments.created_at AS payments_created_at, payments.verified_at AS payments_verified_at 
FROM payments 
WHERE payments.status = ?]
[parameters: ('pending',)]
(Background on this error at: https://sqlalche.me/e/20/e3q8)
2026-08-16 19:08:28 | ERROR | Periodic check error: (sqlite3.OperationalError) no such column: payments.network
[SQL: SELECT payments.id AS payments_id, payments.user_id AS payments_user_id, payments.tx_hash AS payments_tx_hash, payments.amount AS payments_amount, payments.currency AS payments_currency, payments.network AS payments_network, payments.status AS payments_status, payments.error_message AS payments_error_message, payments.verification_method AS payments_verification_method, payments.verification_attempts AS payments_verification_attempts, payments.last_check_at AS payments_last_check_at, payments.created_at AS payments_created_at, payments.verified_at AS payments_verified_at 
FROM payments 
WHERE payments.status = ?]
[parameters: ('pending',)]
(Background on this error at: https://sqlalche.me/e/20/e3q8)
2026-08-16 19:08:58 | ERROR | Periodic check error: (sqlite3.OperationalError) no such column: payments.network
[SQL: SELECT payments.id AS payments_id, payments.user_id AS payments_user_id, payments.tx_hash AS payments_tx_hash, payments.amount AS payments_amount, payments.currency AS payments_currency, payments.network AS payments_network, payments.status AS payments_status, payments.error_message AS payments_error_message, payments.verification_method AS payments_verification_method, payments.verification_attempts AS payments_verification_attempts, payments.last_check_at AS payments_last_check_at, payments.created_at AS payments_created_at, payments.verified_at AS payments_verified_at 
FROM payments 
WHERE payments.status = ?]
[parameters: ('pending',)]
(Background on this error at: https://sqlalche.me/e/20/e3q8)
2026-08-16 19:09:28 | ERROR | Periodic check error: (sqlite3.OperationalError) no such column: payments.network
[SQL: SELECT payments.id AS payments_id, payments.user_id AS payments_user_id, payments.tx_hash AS payments_tx_hash, payments.amount AS payments_amount, payments.currency AS payments_currency, payments.network AS payments_network, payments.status AS payments_status, payments.error_message AS payments_error_message, payments.verification_method AS payments_verification_method, payments.verification_attempts AS payments_verification_attempts, payments.last_check_at AS payments_last_check_at, payments.created_at AS payments_created_at, payments.verified_at AS payments_verified_at 
FROM payments 
WHERE payments.status = ?]
[parameters: ('pending',)]
(Background on this error at: https://sqlalche.me/e/20/e3q8)
2026-08-16 19:09:58 | ERROR | Periodic check error: (sqlite3.OperationalError) no such column: payments.network
[SQL: SELECT payments.id AS payments_id, payments.user_id AS payments_user_id, payments.tx_hash AS payments_tx_hash, payments.amount AS payments_amount, payments.currency AS payments_currency, payments.network AS payments_network, payments.status AS payments_status, payments.error_message AS payments_error_message, payments.verification_method AS payments_verification_method, payments.verification_attempts AS payments_verification_attempts, payments.last_check_at AS payments_last_check_at, payments.created_at AS payments_created_at, payments.verified_at AS payments_verified_at 
FROM payments 
WHERE payments.status = ?]
[parameters: ('pending',)]
(Background on this error at: https://sqlalche.me/e/20/e3q8)
2026-08-16 19:10:28 | ERROR | Periodic check error: (sqlite3.OperationalError) no such column: payments.network
[SQL: SELECT payments.id AS payments_id, payments.user_id AS payments_user_id, payments.tx_hash AS payments_tx_hash, payments.amount AS payments_amount, payments.currency AS payments_currency, payments.network AS payments_network, payments.status AS payments_status, payments.error_message AS payments_error_message, payments.verification_method AS payments_verification_method, payments.verification_attempts AS payments_verification_attempts, payments.last_check_at AS payments_last_check_at, payments.created_at AS payments_created_at, payments.verified_at AS payments_verified_at 
FROM payments 
WHERE payments.status = ?]
[parameters: ('pending',)]
(Background on this error at: https://sqlalche.me/e/20/e3q8)
2026-08-16 19:10:58 | ERROR | Periodic check error: (sqlite3.OperationalError) no such column: payments.network
[SQL: SELECT payments.id AS payments_id, payments.user_id AS payments_user_id, payments.tx_hash AS payments_tx_hash, payments.amount AS payments_amount, payments.currency AS payments_currency, payments.network AS payments_network, payments.status AS payments_status, payments.error_message AS payments_error_message, payments.verification_method AS payments_verification_method, payments.verification_attempts AS payments_verification_attempts, payments.last_check_at AS payments_last_check_at, payments.created_at AS payments_created_at, payments.verified_at AS payments_verified_at 
FROM payments 
WHERE payments.status = ?]
[parameters: ('pending',)]
(Background on this error at: https://sqlalche.me/e/20/e3q8)
2026-08-16 19:11:28 | ERROR | Periodic check error: (sqlite3.OperationalError) no such column: payments.network
[SQL: SELECT payments.id AS payments_id, payments.user_id AS payments_user_id, payments.tx_hash AS payments_tx_hash, payments.amount AS payments_amount, payments.currency AS payments_currency, payments.network AS payments_network, payments.status AS payments_status, payments.error_message AS payments_error_message, payments.verification_method AS payments_verification_method, payments.verification_attempts AS payments_verification_attempts, payments.last_check_at AS payments_last_check_at, payments.created_at AS payments_created_at, payments.verified_at AS payments_verified_at 
FROM payments 
WHERE payments.status = ?]
[parameters: ('pending',)]
(Background on this error at: https://sqlalche.me/e/20/e3q8)
2026-08-16 19:11:58 | ERROR | Periodic check error: (sqlite3.OperationalError) no such column: payments.network
[SQL: SELECT payments.id AS payments_id, payments.user_id AS payments_user_id, payments.tx_hash AS payments_tx_hash, payments.amount AS payments_amount, payments.currency AS payments_currency, payments.network AS payments_network, payments.status AS payments_status, payments.error_message AS payments_error_message, payments.verification_method AS payments_verification_method, payments.verification_attempts AS payments_verification_attempts, payments.last_check_at AS payments_last_check_at, payments.created_at AS payments_created_at, payments.verified_at AS payments_verified_at 
FROM payments 
WHERE payments.status = ?]
[parameters: ('pending',)]
(Background on this error at: https://sqlalche.me/e/20/e3q8)
2026-08-16 19:12:28 | ERROR | Periodic check error: (sqlite3.OperationalError) no such column: payments.network
[SQL: SELECT payments.id AS payments_id, payments.user_id AS payments_user_id, payments.tx_hash AS payments_tx_hash, payments.amount AS payments_amount, payments.currency AS payments_currency, payments.network AS payments_network, payments.status AS payments_status, payments.error_message AS payments_error_message, payments.verification_method AS payments_verification_method, payments.verification_attempts AS payments_verification_attempts, payments.last_check_at AS payments_last_check_at, payments.created_at AS payments_created_at, payments.verified_at AS payments_verified_at 
FROM payments 
WHERE payments.status = ?]
[parameters: ('pending',)]
(Background on this error at: https://sqlalche.me/e/20/e3q8)
2026-08-16 19:12:58 | ERROR | Periodic check error: (sqlite3.OperationalError) no such column: payments.network
[SQL: SELECT payments.id AS payments_id, payments.user_id AS payments_user_id, payments.tx_hash AS payments_tx_hash, payments.amount AS payments_amount, payments.currency AS payments_currency, payments.network AS payments_network, payments.status AS payments_status, payments.error_message AS payments_error_message, payments.verification_method AS payments_verification_method, payments.verification_attempts AS payments_verification_attempts, payments.last_check_at AS payments_last_check_at, payments.created_at AS payments_created_at, payments.verified_at AS payments_verified_at 
FROM payments 
WHERE payments.status = ?]
[parameters: ('pending',)]
(Background on this error at: https://sqlalche.me/e/20/e3q8)
2026-08-16 19:13:28 | ERROR | Periodic check error: (sqlite3.OperationalError) no such column: payments.network
[SQL: SELECT payments.id AS payments_id, payments.user_id AS payments_user_id, payments.tx_hash AS payments_tx_hash, payments.amount AS payments_amount, payments.currency AS payments_currency, payments.network AS payments_network, payments.status AS payments_status, payments.error_message AS payments_error_message, payments.verification_method AS payments_verification_method, payments.verification_attempts AS payments_verification_attempts, payments.last_check_at AS payments_last_check_at, payments.created_at AS payments_created_at, payments.verified_at AS payments_verified_at 
FROM payments 
WHERE payments.status = ?]
[parameters: ('pending',)]
(Background on this error at: https://sqlalche.me/e/20/e3q8)
2026-08-16 19:13:58 | ERROR | Periodic check error: (sqlite3.OperationalError) no such column: payments.network
[SQL: SELECT payments.id AS payments_id, payments.user_id AS payments_user_id, payments.tx_hash AS payments_tx_hash, payments.amount AS payments_amount, payments.currency AS payments_currency, payments.network AS payments_network, payments.status AS payments_status, payments.error_message AS payments_error_message, payments.verification_method AS payments_verification_method, payments.verification_attempts AS payments_verification_attempts, payments.last_check_at AS payments_last_check_at, payments.created_at AS payments_created_at, payments.verified_at AS payments_verified_at 
FROM payments 
WHERE payments.status = ?]
[parameters: ('pending',)]
(Background on this error at: https://sqlalche.me/e/20/e3q8)
2026-08-16 19:14:28 | ERROR | Periodic check error: (sqlite3.OperationalError) no such column: payments.network
[SQL: SELECT payments.id AS payments_id, payments.user_id AS payments_user_id, payments.tx_hash AS payments_tx_hash, payments.amount AS payments_amount, payments.currency AS payments_currency, payments.network AS payments_network, payments.status AS payments_status, payments.error_message AS payments_error_message, payments.verification_method AS payments_verification_method, payments.verification_attempts AS payments_verification_attempts, payments.last_check_at AS payments_last_check_at, payments.created_at AS payments_created_at, payments.verified_at AS payments_verified_at 
FROM payments 
WHERE payments.status = ?]
[parameters: ('pending',)]
(Background on this error at: https://sqlalche.me/e/20/e3q8)
2026-08-16 19:14:58 | ERROR | Periodic check error: (sqlite3.OperationalError) no such column: payments.network
[SQL: SELECT payments.id AS payments_id, payments.user_id AS payments_user_id, payments.tx_hash AS payments_tx_hash, payments.amount AS payments_amount, payments.currency AS payments_currency, payments.network AS payments_network, payments.status AS payments_status, payments.error_message AS payments_error_message, payments.verification_method AS payments_verification_method, payments.verification_attempts AS payments_verification_attempts, payments.last_check_at AS payments_last_check_at, payments.created_at AS payments_created_at, payments.verified_at AS payments_verified_at 
FROM payments 
WHERE payments.status = ?]
[parameters: ('pending',)]
(Background on this error at: https://sqlalche.me/e/20/e3q8)
2026-08-16 19:15:28 | ERROR | Periodic check error: (sqlite3.OperationalError) no such column: payments.network
[SQL: SELECT payments.id AS payments_id, payments.user_id AS payments_user_id, payments.tx_hash AS payments_tx_hash, payments.amount AS payments_amount, payments.currency AS payments_currency, payments.network AS payments_network, payments.status AS payments_status, payments.error_message AS payments_error_message, payments.verification_method AS payments_verification_method, payments.verification_attempts AS payments_verification_attempts, payments.last_check_at AS payments_last_check_at, payments.created_at AS payments_created_at, payments.verified_at AS payments_verified_at 
FROM payments 
WHERE payments.status = ?]
[parameters: ('pending',)]
(Background on this error at: https://sqlalche.me/e/20/e3q8)
2026-08-16 19:15:58 | ERROR | Periodic check error: (sqlite3.OperationalError) no such column: payments.network
[SQL: SELECT payments.id AS payments_id, payments.user_id AS payments_user_id, payments.tx_hash AS payments_tx_hash, payments.amount AS payments_amount, payments.currency AS payments_currency, payments.network AS payments_network, payments.status AS payments_status, payments.error_message AS payments_error_message, payments.verification_method AS payments_verification_method, payments.verification_attempts AS payments_verification_attempts, payments.last_check_at AS payments_last_check_at, payments.created_at AS payments_created_at, payments.verified_at AS payments_verified_at 
FROM payments 
WHERE payments.status = ?]
[parameters: ('pending',)]
(Background on this error at: https://sqlalche.me/e/20/e3q8)
2026-08-16 19:16:28 | ERROR | Periodic check error: (sqlite3.OperationalError) no such column: payments.network
[SQL: SELECT payments.id AS payments_id, payments.user_id AS payments_user_id, payments.tx_hash AS payments_tx_hash, payments.amount AS payments_amount, payments.currency AS payments_currency, payments.network AS payments_network, payments.status AS payments_status, payments.error_message AS payments_error_message, payments.verification_method AS payments_verification_method, payments.verification_attempts AS payments_verification_attempts, payments.last_check_at AS payments_last_check_at, payments.created_at AS payments_created_at, payments.verified_at AS payments_verified_at 
FROM payments 
WHERE payments.status = ?]
[parameters: ('pending',)]
(Background on this error at: https://sqlalche.me/e/20/e3q8)
2026-08-16 19:16:58 | ERROR | Periodic check error: (sqlite3.OperationalError) no such column: payments.network
[SQL: SELECT payments.id AS payments_id, payments.user_id AS payments_user_id, payments.tx_hash AS payments_tx_hash, payments.amount AS payments_amount, payments.currency AS payments_currency, payments.network AS payments_network, payments.status AS payments_status, payments.error_message AS payments_error_message, payments.verification_method AS payments_verification_method, payments.verification_attempts AS payments_verification_attempts, payments.last_check_at AS payments_last_check_at, payments.created_at AS payments_created_at, payments.verified_at AS payments_verified_at 
FROM payments 
WHERE payments.status = ?]
[parameters: ('pending',)]
(Background on this error at: https://sqlalche.me/e/20/e3q8)
2026-08-16 19:17:28 | ERROR | Periodic check error: (sqlite3.OperationalError) no such column: payments.network
[SQL: SELECT payments.id AS payments_id, payments.user_id AS payments_user_id, payments.tx_hash AS payments_tx_hash, payments.amount AS payments_amount, payments.currency AS payments_currency, payments.network AS payments_network, payments.status AS payments_status, payments.error_message AS payments_error_message, payments.verification_method AS payments_verification_method, payments.verification_attempts AS payments_verification_attempts, payments.last_check_at AS payments_last_check_at, payments.created_at AS payments_created_at, payments.verified_at AS payments_verified_at 
FROM payments 
WHERE payments.status = ?]
[parameters: ('pending',)]
(Background on this error at: https://sqlalche.me/e/20/e3q8)
2026-08-16 19:17:58 | ERROR | Periodic check error: (sqlite3.OperationalError) no such column: payments.network
[SQL: SELECT payments.id AS payments_id, payments.user_id AS payments_user_id, payments.tx_hash AS payments_tx_hash, payments.amount AS payments_amount, payments.currency AS payments_currency, payments.network AS payments_network, payments.status AS payments_status, payments.error_message AS payments_error_message, payments.verification_method AS payments_verification_method, payments.verification_attempts AS payments_verification_attempts, payments.last_check_at AS payments_last_check_at, payments.created_at AS payments_created_at, payments.verified_at AS payments_verified_at 
FROM payments 
WHERE payments.status = ?]
[parameters: ('pending',)]
(Background on this error at: https://sqlalche.me/e/20/e3q8)
2026-08-16 19:18:28 | ERROR | Periodic check error: (sqlite3.OperationalError) no such column: payments.network
[SQL: SELECT payments.id AS payments_id, payments.user_id AS payments_user_id, payments.tx_hash AS payments_tx_hash, payments.amount AS payments_amount, payments.currency AS payments_currency, payments.network AS payments_network, payments.status AS payments_status, payments.error_message AS payments_error_message, payments.verification_method AS payments_verification_method, payments.verification_attempts AS payments_verification_attempts, payments.last_check_at AS payments_last_check_at, payments.created_at AS payments_created_at, payments.verified_at AS payments_verified_at 
FROM payments 
WHERE payments.status = ?]
[parameters: ('pending',)]
(Background on this error at: https://sqlalche.me/e/20/e3q8)
2026-08-16 19:18:58 | ERROR | Periodic check error: (sqlite3.OperationalError) no such column: payments.network
[SQL: SELECT payments.id AS payments_id, payments.user_id AS payments_user_id, payments.tx_hash AS payments_tx_hash, payments.amount AS payments_amount, payments.currency AS payments_currency, payments.network AS payments_network, payments.status AS payments_status, payments.error_message AS payments_error_message, payments.verification_method AS payments_verification_method, payments.verification_attempts AS payments_verification_attempts, payments.last_check_at AS payments_last_check_at, payments.created_at AS payments_created_at, payments.verified_at AS payments_verified_at 
FROM payments 
WHERE payments.status = ?]
[parameters: ('pending',)]
(Background on this error at: https://sqlalche.me/e/20/e3q8)
2026-08-16 19:19:28 | ERROR | Periodic check error: (sqlite3.OperationalError) no such column: payments.network
[SQL: SELECT payments.id AS payments_id, payments.user_id AS payments_user_id, payments.tx_hash AS payments_tx_hash, payments.amount AS payments_amount, payments.currency AS payments_currency, payments.network AS payments_network, payments.status AS payments_status, payments.error_message AS payments_error_message, payments.verification_method AS payments_verification_method, payments.verification_attempts AS payments_verification_attempts, payments.last_check_at AS payments_last_check_at, payments.created_at AS payments_created_at, payments.verified_at AS payments_verified_at 
FROM payments 
WHERE payments.status = ?]
[parameters: ('pending',)]
(Background on this error at: https://sqlalche.me/e/20/e3q8)
2026-08-16 19:19:58 | ERROR | Periodic check error: (sqlite3.OperationalError) no such column: payments.network
[SQL: SELECT payments.id AS payments_id, payments.user_id AS payments_user_id, payments.tx_hash AS payments_tx_hash, payments.amount AS payments_amount, payments.currency AS payments_currency, payments.network AS payments_network, payments.status AS payments_status, payments.error_message AS payments_error_message, payments.verification_method AS payments_verification_method, payments.verification_attempts AS payments_verification_attempts, payments.last_check_at AS payments_last_check_at, payments.created_at AS payments_created_at, payments.verified_at AS payments_verified_at 
FROM payments 
WHERE payments.status = ?]
[parameters: ('pending',)]
(Background on this error at: https://sqlalche.me/e/20/e3q8)
2026-08-16 19:20:28 | ERROR | Periodic check error: (sqlite3.OperationalError) no such column: payments.network
[SQL: SELECT payments.id AS payments_id, payments.user_id AS payments_user_id, payments.tx_hash AS payments_tx_hash, payments.amount AS payments_amount, payments.currency AS payments_currency, payments.network AS payments_network, payments.status AS payments_status, payments.error_message AS payments_error_message, payments.verification_method AS payments_verification_method, payments.verification_attempts AS payments_verification_attempts, payments.last_check_at AS payments_last_check_at, payments.created_at AS payments_created_at, payments.verified_at AS payments_verified_at 
FROM payments 
WHERE payments.status = ?]
[parameters: ('pending',)]
(Background on this error at: https://sqlalche.me/e/20/e3q8)
2026-08-16 19:20:58 | ERROR | Periodic check error: (sqlite3.OperationalError) no such column: payments.network
[SQL: SELECT payments.id AS payments_id, payments.user_id AS payments_user_id, payments.tx_hash AS payments_tx_hash, payments.amount AS payments_amount, payments.currency AS payments_currency, payments.network AS payments_network, payments.status AS payments_status, payments.error_message AS payments_error_message, payments.verification_method AS payments_verification_method, payments.verification_attempts AS payments_verification_attempts, payments.last_check_at AS payments_last_check_at, payments.created_at AS payments_created_at, payments.verified_at AS payments_verified_at 
FROM payments 
WHERE payments.status = ?]
[parameters: ('pending',)]
(Background on this error at: https://sqlalche.me/e/20/e3q8)
2026-08-16 19:21:28 | ERROR | Periodic check error: (sqlite3.OperationalError) no such column: payments.network
[SQL: SELECT payments.id AS payments_id, payments.user_id AS payments_user_id, payments.tx_hash AS payments_tx_hash, payments.amount AS payments_amount, payments.currency AS payments_currency, payments.network AS payments_network, payments.status AS payments_status, payments.error_message AS payments_error_message, payments.verification_method AS payments_verification_method, payments.verification_attempts AS payments_verification_attempts, payments.last_check_at AS payments_last_check_at, payments.created_at AS payments_created_at, payments.verified_at AS payments_verified_at 
FROM payments 
WHERE payments.status = ?]
[parameters: ('pending',)]
(Background on this error at: https://sqlalche.me/e/20/e3q8)
2026-08-16 19:21:58 | ERROR | Periodic check error: (sqlite3.OperationalError) no such column: payments.network
[SQL: SELECT payments.id AS payments_id, payments.user_id AS payments_user_id, payments.tx_hash AS payments_tx_hash, payments.amount AS payments_amount, payments.currency AS payments_currency, payments.network AS payments_network, payments.status AS payments_status, payments.error_message AS payments_error_message, payments.verification_method AS payments_verification_method, payments.verification_attempts AS payments_verification_attempts, payments.last_check_at AS payments_last_check_at, payments.created_at AS payments_created_at, payments.verified_at AS payments_verified_at 
FROM payments 
WHERE payments.status = ?]
[parameters: ('pending',)]
(Background on this error at: https://sqlalche.me/e/20/e3q8)
2026-08-16 19:22:28 | ERROR | Periodic check error: (sqlite3.OperationalError) no such column: payments.network
[SQL: SELECT payments.id AS payments_id, payments.user_id AS payments_user_id, payments.tx_hash AS payments_tx_hash, payments.amount AS payments_amount, payments.currency AS payments_currency, payments.network AS payments_network, payments.status AS payments_status, payments.error_message AS payments_error_message, payments.verification_method AS payments_verification_method, payments.verification_attempts AS payments_verification_attempts, payments.last_check_at AS payments_last_check_at, payments.created_at AS payments_created_at, payments.verified_at AS payments_verified_at 
FROM payments 
WHERE payments.status = ?]
[parameters: ('pending',)]
(Background on this error at: https://sqlalche.me/e/20/e3q8)
2026-08-16 19:22:58 | ERROR | Periodic check error: (sqlite3.OperationalError) no such column: payments.network
[SQL: SELECT payments.id AS payments_id, payments.user_id AS payments_user_id, payments.tx_hash AS payments_tx_hash, payments.amount AS payments_amount, payments.currency AS payments_currency, payments.network AS payments_network, payments.status AS payments_status, payments.error_message AS payments_error_message, payments.verification_method AS payments_verification_method, payments.verification_attempts AS payments_verification_attempts, payments.last_check_at AS payments_last_check_at, payments.created_at AS payments_created_at, payments.verified_at AS payments_verified_at 
FROM payments 
WHERE payments.status = ?]
[parameters: ('pending',)]
(Background on this error at: https://sqlalche.me/e/20/e3q8)
2026-08-16 19:23:28 | ERROR | Periodic check error: (sqlite3.OperationalError) no such column: payments.network
[SQL: SELECT payments.id AS payments_id, payments.user_id AS payments_user_id, payments.tx_hash AS payments_tx_hash, payments.amount AS payments_amount, payments.currency AS payments_currency, payments.network AS payments_network, payments.status AS payments_status, payments.error_message AS payments_error_message, payments.verification_method AS payments_verification_method, payments.verification_attempts AS payments_verification_attempts, payments.last_check_at AS payments_last_check_at, payments.created_at AS payments_created_at, payments.verified_at AS payments_verified_at 
FROM payments 
WHERE payments.status = ?]
[parameters: ('pending',)]
(Background on this error at: https://sqlalche.me/e/20/e3q8)
2026-08-16 19:23:58 | ERROR | Periodic check error: (sqlite3.OperationalError) no such column: payments.network
[SQL: SELECT payments.id AS payments_id, payments.user_id AS payments_user_id, payments.tx_hash AS payments_tx_hash, payments.amount AS payments_amount, payments.currency AS payments_currency, payments.network AS payments_network, payments.status AS payments_status, payments.error_message AS payments_error_message, payments.verification_method AS payments_verification_method, payments.verification_attempts AS payments_verification_attempts, payments.last_check_at AS payments_last_check_at, payments.created_at AS payments_created_at, payments.verified_at AS payments_verified_at 
FROM payments 
WHERE payments.status = ?]
[parameters: ('pending',)]
(Background on this error at: https://sqlalche.me/e/20/e3q8)
2026-08-16 19:24:28 | ERROR | Periodic check error: (sqlite3.OperationalError) no such column: payments.network
[SQL: SELECT payments.id AS payments_id, payments.user_id AS payments_user_id, payments.tx_hash AS payments_tx_hash, payments.amount AS payments_amount, payments.currency AS payments_currency, payments.network AS payments_network, payments.status AS payments_status, payments.error_message AS payments_error_message, payments.verification_method AS payments_verification_method, payments.verification_attempts AS payments_verification_attempts, payments.last_check_at AS payments_last_check_at, payments.created_at AS payments_created_at, payments.verified_at AS payments_verified_at 
FROM payments 
WHERE payments.status = ?]
[parameters: ('pending',)]
(Background on this error at: https://sqlalche.me/e/20/e3q8)
2026-08-16 19:24:58 | ERROR | Periodic check error: (sqlite3.OperationalError) no such column: payments.network
[SQL: SELECT payments.id AS payments_id, payments.user_id AS payments_user_id, payments.tx_hash AS payments_tx_hash, payments.amount AS payments_amount, payments.currency AS payments_currency, payments.network AS payments_network, payments.status AS payments_status, payments.error_message AS payments_error_message, payments.verification_method AS payments_verification_method, payments.verification_attempts AS payments_verification_attempts, payments.last_check_at AS payments_last_check_at, payments.created_at AS payments_created_at, payments.verified_at AS payments_verified_at 
FROM payments 
WHERE payments.status = ?]
[parameters: ('pending',)]
(Background on this error at: https://sqlalche.me/e/20/e3q8)
2026-08-16 19:25:28 | ERROR | Periodic check error: (sqlite3.OperationalError) no such column: payments.network
[SQL: SELECT payments.id AS payments_id, payments.user_id AS payments_user_id, payments.tx_hash AS payments_tx_hash, payments.amount AS payments_amount, payments.currency AS payments_currency, payments.network AS payments_network, payments.status AS payments_status, payments.error_message AS payments_error_message, payments.verification_method AS payments_verification_method, payments.verification_attempts AS payments_verification_attempts, payments.last_check_at AS payments_last_check_at, payments.created_at AS payments_created_at, payments.verified_at AS payments_verified_at 
FROM payments 
WHERE payments.status = ?]
[parameters: ('pending',)]
(Background on this error at: https://sqlalche.me/e/20/e3q8)
2026-08-16 19:25:58 | ERROR | Periodic check error: (sqlite3.OperationalError) no such column: payments.network
[SQL: SELECT payments.id AS payments_id, payments.user_id AS payments_user_id, payments.tx_hash AS payments_tx_hash, payments.amount AS payments_amount, payments.currency AS payments_currency, payments.network AS payments_network, payments.status AS payments_status, payments.error_message AS payments_error_message, payments.verification_method AS payments_verification_method, payments.verification_attempts AS payments_verification_attempts, payments.last_check_at AS payments_last_check_at, payments.created_at AS payments_created_at, payments.verified_at AS payments_verified_at 
FROM payments 
WHERE payments.status = ?]
[parameters: ('pending',)]
(Background on this error at: https://sqlalche.me/e/20/e3q8)
2026-08-16 19:26:28 | ERROR | Periodic check error: (sqlite3.OperationalError) no such column: payments.network
[SQL: SELECT payments.id AS payments_id, payments.user_id AS payments_user_id, payments.tx_hash AS payments_tx_hash, payments.amount AS payments_amount, payments.currency AS payments_currency, payments.network AS payments_network, payments.status AS payments_status, payments.error_message AS payments_error_message, payments.verification_method AS payments_verification_method, payments.verification_attempts AS payments_verification_attempts, payments.last_check_at AS payments_last_check_at, payments.created_at AS payments_created_at, payments.verified_at AS payments_verified_at 
FROM payments 
WHERE payments.status = ?]
[parameters: ('pending',)]
(Background on this error at: https://sqlalche.me/e/20/e3q8)
2026-08-16 19:26:58 | ERROR | Periodic check error: (sqlite3.OperationalError) no such column: payments.network
[SQL: SELECT payments.id AS payments_id, payments.user_id AS payments_user_id, payments.tx_hash AS payments_tx_hash, payments.amount AS payments_amount, payments.currency AS payments_currency, payments.network AS payments_network, payments.status AS payments_status, payments.error_message AS payments_error_message, payments.verification_method AS payments_verification_method, payments.verification_attempts AS payments_verification_attempts, payments.last_check_at AS payments_last_check_at, payments.created_at AS payments_created_at, payments.verified_at AS payments_verified_at 
FROM payments 
WHERE payments.status = ?]
[parameters: ('pending',)]
(Background on this error at: https://sqlalche.me/e/20/e3q8)
2026-08-16 19:27:28 | ERROR | Periodic check error: (sqlite3.OperationalError) no such column: payments.network
[SQL: SELECT payments.id AS payments_id, payments.user_id AS payments_user_id, payments.tx_hash AS payments_tx_hash, payments.amount AS payments_amount, payments.currency AS payments_currency, payments.network AS payments_network, payments.status AS payments_status, payments.error_message AS payments_error_message, payments.verification_method AS payments_verification_method, payments.verification_attempts AS payments_verification_attempts, payments.last_check_at AS payments_last_check_at, payments.created_at AS payments_created_at, payments.verified_at AS payments_verified_at 
FROM payments 
WHERE payments.status = ?]
[parameters: ('pending',)]
(Background on this error at: https://sqlalche.me/e/20/e3q8)
2026-08-16 19:27:58 | ERROR | Periodic check error: (sqlite3.OperationalError) no such column: payments.network
[SQL: SELECT payments.id AS payments_id, payments.user_id AS payments_user_id, payments.tx_hash AS payments_tx_hash, payments.amount AS payments_amount, payments.currency AS payments_currency, payments.network AS payments_network, payments.status AS payments_status, payments.error_message AS payments_error_message, payments.verification_method AS payments_verification_method, payments.verification_attempts AS payments_verification_attempts, payments.last_check_at AS payments_last_check_at, payments.created_at AS payments_created_at, payments.verified_at AS payments_verified_at 
FROM payments 
WHERE payments.status = ?]
[parameters: ('pending',)]
(Background on this error at: https://sqlalche.me/e/20/e3q8)
2026-08-16 19:28:28 | ERROR | Periodic check error: (sqlite3.OperationalError) no such column: payments.network
[SQL: SELECT payments.id AS payments_id, payments.user_id AS payments_user_id, payments.tx_hash AS payments_tx_hash, payments.amount AS payments_amount, payments.currency AS payments_currency, payments.network AS payments_network, payments.status AS payments_status, payments.error_message AS payments_error_message, payments.verification_method AS payments_verification_method, payments.verification_attempts AS payments_verification_attempts, payments.last_check_at AS payments_last_check_at, payments.created_at AS payments_created_at, payments.verified_at AS payments_verified_at 
FROM payments 
WHERE payments.status = ?]
[parameters: ('pending',)]
(Background on this error at: https://sqlalche.me/e/20/e3q8)
2026-08-16 19:28:58 | ERROR | Periodic check error: (sqlite3.OperationalError) no such column: payments.network
[SQL: SELECT payments.id AS payments_id, payments.user_id AS payments_user_id, payments.tx_hash AS payments_tx_hash, payments.amount AS payments_amount, payments.currency AS payments_currency, payments.network AS payments_network, payments.status AS payments_status, payments.error_message AS payments_error_message, payments.verification_method AS payments_verification_method, payments.verification_attempts AS payments_verification_attempts, payments.last_check_at AS payments_last_check_at, payments.created_at AS payments_created_at, payments.verified_at AS payments_verified_at 
FROM payments 
WHERE payments.status = ?]
[parameters: ('pending',)]
(Background on this error at: https://sqlalche.me/e/20/e3q8)
2026-08-16 19:29:28 | ERROR | Periodic check error: (sqlite3.OperationalError) no such column: payments.network
[SQL: SELECT payments.id AS payments_id, payments.user_id AS payments_user_id, payments.tx_hash AS payments_tx_hash, payments.amount AS payments_amount, payments.currency AS payments_currency, payments.network AS payments_network, payments.status AS payments_status, payments.error_message AS payments_error_message, payments.verification_method AS payments_verification_method, payments.verification_attempts AS payments_verification_attempts, payments.last_check_at AS payments_last_check_at, payments.created_at AS payments_created_at, payments.verified_at AS payments_verified_at 
FROM payments 
WHERE payments.status = ?]
[parameters: ('pending',)]
(Background on this error at: https://sqlalche.me/e/20/e3q8)
2026-08-16 19:29:58 | ERROR | Periodic check error: (sqlite3.OperationalError) no such column: payments.network
[SQL: SELECT payments.id AS payments_id, payments.user_id AS payments_user_id, payments.tx_hash AS payments_tx_hash, payments.amount AS payments_amount, payments.currency AS payments_currency, payments.network AS payments_network, payments.status AS payments_status, payments.error_message AS payments_error_message, payments.verification_method AS payments_verification_method, payments.verification_attempts AS payments_verification_attempts, payments.last_check_at AS payments_last_check_at, payments.created_at AS payments_created_at, payments.verified_at AS payments_verified_at 
FROM payments 
WHERE payments.status = ?]
[parameters: ('pending',)]
(Background on this error at: https://sqlalche.me/e/20/e3q8)
2026-08-16 19:30:28 | ERROR | Periodic check error: (sqlite3.OperationalError) no such column: payments.network
[SQL: SELECT payments.id AS payments_id, payments.user_id AS payments_user_id, payments.tx_hash AS payments_tx_hash, payments.amount AS payments_amount, payments.currency AS payments_currency, payments.network AS payments_network, payments.status AS payments_status, payments.error_message AS payments_error_message, payments.verification_method AS payments_verification_method, payments.verification_attempts AS payments_verification_attempts, payments.last_check_at AS payments_last_check_at, payments.created_at AS payments_created_at, payments.verified_at AS payments_verified_at 
FROM payments 
WHERE payments.status = ?]
[parameters: ('pending',)]
(Background on this error at: https://sqlalche.me/e/20/e3q8)
2026-08-16 19:30:58 | ERROR | Periodic check error: (sqlite3.OperationalError) no such column: payments.network
[SQL: SELECT payments.id AS payments_id, payments.user_id AS payments_user_id, payments.tx_hash AS payments_tx_hash, payments.amount AS payments_amount, payments.currency AS payments_currency, payments.network AS payments_network, payments.status AS payments_status, payments.error_message AS payments_error_message, payments.verification_method AS payments_verification_method, payments.verification_attempts AS payments_verification_attempts, payments.last_check_at AS payments_last_check_at, payments.created_at AS payments_created_at, payments.verified_at AS payments_verified_at 
FROM payments 
WHERE payments.status = ?]
[parameters: ('pending',)]
(Background on this error at: https://sqlalche.me/e/20/e3q8)
2026-08-16 19:31:28 | ERROR | Periodic check error: (sqlite3.OperationalError) no such column: payments.network
[SQL: SELECT payments.id AS payments_id, payments.user_id AS payments_user_id, payments.tx_hash AS payments_tx_hash, payments.amount AS payments_amount, payments.currency AS payments_currency, payments.network AS payments_network, payments.status AS payments_status, payments.error_message AS payments_error_message, payments.verification_method AS payments_verification_method, payments.verification_attempts AS payments_verification_attempts, payments.last_check_at AS payments_last_check_at, payments.created_at AS payments_created_at, payments.verified_at AS payments_verified_at 
FROM payments 
WHERE payments.status = ?]
[parameters: ('pending',)]
(Background on this error at: https://sqlalche.me/e/20/e3q8)
2026-08-16 19:31:58 | ERROR | Periodic check error: (sqlite3.OperationalError) no such column: payments.network
[SQL: SELECT payments.id AS payments_id, payments.user_id AS payments_user_id, payments.tx_hash AS payments_tx_hash, payments.amount AS payments_amount, payments.currency AS payments_currency, payments.network AS payments_network, payments.status AS payments_status, payments.error_message AS payments_error_message, payments.verification_method AS payments_verification_method, payments.verification_attempts AS payments_verification_attempts, payments.last_check_at AS payments_last_check_at, payments.created_at AS payments_created_at, payments.verified_at AS payments_verified_at 
FROM payments 
WHERE payments.status = ?]
[parameters: ('pending',)]
(Background on this error at: https://sqlalche.me/e/20/e3q8)
2026-08-16 19:32:28 | ERROR | Periodic check error: (sqlite3.OperationalError) no such column: payments.network
[SQL: SELECT payments.id AS payments_id, payments.user_id AS payments_user_id, payments.tx_hash AS payments_tx_hash, payments.amount AS payments_amount, payments.currency AS payments_currency, payments.network AS payments_network, payments.status AS payments_status, payments.error_message AS payments_error_message, payments.verification_method AS payments_verification_method, payments.verification_attempts AS payments_verification_attempts, payments.last_check_at AS payments_last_check_at, payments.created_at AS payments_created_at, payments.verified_at AS payments_verified_at 
FROM payments 
WHERE payments.status = ?]
[parameters: ('pending',)]
(Background on this error at: https://sqlalche.me/e/20/e3q8)
2026-08-16 19:32:58 | ERROR | Periodic check error: (sqlite3.OperationalError) no such column: payments.network
[SQL: SELECT payments.id AS payments_id, payments.user_id AS payments_user_id, payments.tx_hash AS payments_tx_hash, payments.amount AS payments_amount, payments.currency AS payments_currency, payments.network AS payments_network, payments.status AS payments_status, payments.error_message AS payments_error_message, payments.verification_method AS payments_verification_method, payments.verification_attempts AS payments_verification_attempts, payments.last_check_at AS payments_last_check_at, payments.created_at AS payments_created_at, payments.verified_at AS payments_verified_at 
FROM payments 
WHERE payments.status = ?]
[parameters: ('pending',)]
(Background on this error at: https://sqlalche.me/e/20/e3q8)
2026-08-16 19:33:28 | ERROR | Periodic check error: (sqlite3.OperationalError) no such column: payments.network
[SQL: SELECT payments.id AS payments_id, payments.user_id AS payments_user_id, payments.tx_hash AS payments_tx_hash, payments.amount AS payments_amount, payments.currency AS payments_currency, payments.network AS payments_network, payments.status AS payments_status, payments.error_message AS payments_error_message, payments.verification_method AS payments_verification_method, payments.verification_attempts AS payments_verification_attempts, payments.last_check_at AS payments_last_check_at, payments.created_at AS payments_created_at, payments.verified_at AS payments_verified_at 
FROM payments 
WHERE payments.status = ?]
[parameters: ('pending',)]
(Background on this error at: https://sqlalche.me/e/20/e3q8)
2026-08-16 19:33:58 | ERROR | Periodic check error: (sqlite3.OperationalError) no such column: payments.network
[SQL: SELECT payments.id AS payments_id, payments.user_id AS payments_user_id, payments.tx_hash AS payments_tx_hash, payments.amount AS payments_amount, payments.currency AS payments_currency, payments.network AS payments_network, payments.status AS payments_status, payments.error_message AS payments_error_message, payments.verification_method AS payments_verification_method, payments.verification_attempts AS payments_verification_attempts, payments.last_check_at AS payments_last_check_at, payments.created_at AS payments_created_at, payments.verified_at AS payments_verified_at 
FROM payments 
WHERE payments.status = ?]
[parameters: ('pending',)]
(Background on this error at: https://sqlalche.me/e/20/e3q8)
2026-08-16 19:34:28 | ERROR | Periodic check error: (sqlite3.OperationalError) no such column: payments.network
[SQL: SELECT payments.id AS payments_id, payments.user_id AS payments_user_id, payments.tx_hash AS payments_tx_hash, payments.amount AS payments_amount, payments.currency AS payments_currency, payments.network AS payments_network, payments.status AS payments_status, payments.error_message AS payments_error_message, payments.verification_method AS payments_verification_method, payments.verification_attempts AS payments_verification_attempts, payments.last_check_at AS payments_last_check_at, payments.created_at AS payments_created_at, payments.verified_at AS payments_verified_at 
FROM payments 
WHERE payments.status = ?]
[parameters: ('pending',)]
(Background on this error at: https://sqlalche.me/e/20/e3q8)
2026-08-16 19:34:58 | ERROR | Periodic check error: (sqlite3.OperationalError) no such column: payments.network
[SQL: SELECT payments.id AS payments_id, payments.user_id AS payments_user_id, payments.tx_hash AS payments_tx_hash, payments.amount AS payments_amount, payments.currency AS payments_currency, payments.network AS payments_network, payments.status AS payments_status, payments.error_message AS payments_error_message, payments.verification_method AS payments_verification_method, payments.verification_attempts AS payments_verification_attempts, payments.last_check_at AS payments_last_check_at, payments.created_at AS payments_created_at, payments.verified_at AS payments_verified_at 
FROM payments 
WHERE payments.status = ?]
[parameters: ('pending',)]
(Background on this error at: https://sqlalche.me/e/20/e3q8)
2026-08-16 19:35:28 | ERROR | Periodic check error: (sqlite3.OperationalError) no such column: payments.network
[SQL: SELECT payments.id AS payments_id, payments.user_id AS payments_user_id, payments.tx_hash AS payments_tx_hash, payments.amount AS payments_amount, payments.currency AS payments_currency, payments.network AS payments_network, payments.status AS payments_status, payments.error_message AS payments_error_message, payments.verification_method AS payments_verification_method, payments.verification_attempts AS payments_verification_attempts, payments.last_check_at AS payments_last_check_at, payments.created_at AS payments_created_at, payments.verified_at AS payments_verified_at 
FROM payments 
WHERE payments.status = ?]
[parameters: ('pending',)]
(Background on this error at: https://sqlalche.me/e/20/e3q8)
2026-08-16 19:35:58 | ERROR | Periodic check error: (sqlite3.OperationalError) no such column: payments.network
[SQL: SELECT payments.id AS payments_id, payments.user_id AS payments_user_id, payments.tx_hash AS payments_tx_hash, payments.amount AS payments_amount, payments.currency AS payments_currency, payments.network AS payments_network, payments.status AS payments_status, payments.error_message AS payments_error_message, payments.verification_method AS payments_verification_method, payments.verification_attempts AS payments_verification_attempts, payments.last_check_at AS payments_last_check_at, payments.created_at AS payments_created_at, payments.verified_at AS payments_verified_at 
FROM payments 
WHERE payments.status = ?]
[parameters: ('pending',)]
(Background on this error at: https://sqlalche.me/e/20/e3q8)
2026-08-16 19:36:28 | ERROR | Periodic check error: (sqlite3.OperationalError) no such column: payments.network
[SQL: SELECT payments.id AS payments_id, payments.user_id AS payments_user_id, payments.tx_hash AS payments_tx_hash, payments.amount AS payments_amount, payments.currency AS payments_currency, payments.network AS payments_network, payments.status AS payments_status, payments.error_message AS payments_error_message, payments.verification_method AS payments_verification_method, payments.verification_attempts AS payments_verification_attempts, payments.last_check_at AS payments_last_check_at, payments.created_at AS payments_created_at, payments.verified_at AS payments_verified_at 
FROM payments 
WHERE payments.status = ?]
[parameters: ('pending',)]
(Background on this error at: https://sqlalche.me/e/20/e3q8)
2026-08-16 19:36:58 | ERROR | Periodic check error: (sqlite3.OperationalError) no such column: payments.network
[SQL: SELECT payments.id AS payments_id, payments.user_id AS payments_user_id, payments.tx_hash AS payments_tx_hash, payments.amount AS payments_amount, payments.currency AS payments_currency, payments.network AS payments_network, payments.status AS payments_status, payments.error_message AS payments_error_message, payments.verification_method AS payments_verification_method, payments.verification_attempts AS payments_verification_attempts, payments.last_check_at AS payments_last_check_at, payments.created_at AS payments_created_at, payments.verified_at AS payments_verified_at 
FROM payments 
WHERE payments.status = ?]
[parameters: ('pending',)]
(Background on this error at: https://sqlalche.me/e/20/e3q8)
2026-08-16 19:37:28 | ERROR | Periodic check error: (sqlite3.OperationalError) no such column: payments.network
[SQL: SELECT payments.id AS payments_id, payments.user_id AS payments_user_id, payments.tx_hash AS payments_tx_hash, payments.amount AS payments_amount, payments.currency AS payments_currency, payments.network AS payments_network, payments.status AS payments_status, payments.error_message AS payments_error_message, payments.verification_method AS payments_verification_method, payments.verification_attempts AS payments_verification_attempts, payments.last_check_at AS payments_last_check_at, payments.created_at AS payments_created_at, payments.verified_at AS payments_verified_at 
FROM payments 
WHERE payments.status = ?]
[parameters: ('pending',)]
(Background on this error at: https://sqlalche.me/e/20/e3q8)
2026-08-16 19:37:58 | ERROR | Periodic check error: (sqlite3.OperationalError) no such column: payments.network
[SQL: SELECT payments.id AS payments_id, payments.user_id AS payments_user_id, payments.tx_hash AS payments_tx_hash, payments.amount AS payments_amount, payments.currency AS payments_currency, payments.network AS payments_network, payments.status AS payments_status, payments.error_message AS payments_error_message, payments.verification_method AS payments_verification_method, payments.verification_attempts AS payments_verification_attempts, payments.last_check_at AS payments_last_check_at, payments.created_at AS payments_created_at, payments.verified_at AS payments_verified_at 
FROM payments 
WHERE payments.status = ?]
[parameters: ('pending',)]
(Background on this error at: https://sqlalche.me/e/20/e3q8)
2026-08-16 19:38:28 | ERROR | Periodic check error: (sqlite3.OperationalError) no such column: payments.network
[SQL: SELECT payments.id AS payments_id, payments.user_id AS payments_user_id, payments.tx_hash AS payments_tx_hash, payments.amount AS payments_amount, payments.currency AS payments_currency, payments.network AS payments_network, payments.status AS payments_status, payments.error_message AS payments_error_message, payments.verification_method AS payments_verification_method, payments.verification_attempts AS payments_verification_attempts, payments.last_check_at AS payments_last_check_at, payments.created_at AS payments_created_at, payments.verified_at AS payments_verified_at 
FROM payments 
WHERE payments.status = ?]
[parameters: ('pending',)]
(Background on this error at: https://sqlalche.me/e/20/e3q8)
2026-08-16 19:38:58 | ERROR | Periodic check error: (sqlite3.OperationalError) no such column: payments.network
[SQL: SELECT payments.id AS payments_id, payments.user_id AS payments_user_id, payments.tx_hash AS payments_tx_hash, payments.amount AS payments_amount, payments.currency AS payments_currency, payments.network AS payments_network, payments.status AS payments_status, payments.error_message AS payments_error_message, payments.verification_method AS payments_verification_method, payments.verification_attempts AS payments_verification_attempts, payments.last_check_at AS payments_last_check_at, payments.created_at AS payments_created_at, payments.verified_at AS payments_verified_at 
FROM payments 
WHERE payments.status = ?]
[parameters: ('pending',)]
(Background on this error at: https://sqlalche.me/e/20/e3q8)
2026-08-16 19:39:28 | ERROR | Periodic check error: (sqlite3.OperationalError) no such column: payments.network
[SQL: SELECT payments.id AS payments_id, payments.user_id AS payments_user_id, payments.tx_hash AS payments_tx_hash, payments.amount AS payments_amount, payments.currency AS payments_currency, payments.network AS payments_network, payments.status AS payments_status, payments.error_message AS payments_error_message, payments.verification_method AS payments_verification_method, payments.verification_attempts AS payments_verification_attempts, payments.last_check_at AS payments_last_check_at, payments.created_at AS payments_created_at, payments.verified_at AS payments_verified_at 
FROM payments 
WHERE payments.status = ?]
[parameters: ('pending',)]
(Background on this error at: https://sqlalche.me/e/20/e3q8)
2026-08-16 19:39:58 | ERROR | Periodic check error: (sqlite3.OperationalError) no such column: payments.network
[SQL: SELECT payments.id AS payments_id, payments.user_id AS payments_user_id, payments.tx_hash AS payments_tx_hash, payments.amount AS payments_amount, payments.currency AS payments_currency, payments.network AS payments_network, payments.status AS payments_status, payments.error_message AS payments_error_message, payments.verification_method AS payments_verification_method, payments.verification_attempts AS payments_verification_attempts, payments.last_check_at AS payments_last_check_at, payments.created_at AS payments_created_at, payments.verified_at AS payments_verified_at 
FROM payments 
WHERE payments.status = ?]
[parameters: ('pending',)]
(Background on this error at: https://sqlalche.me/e/20/e3q8)
2026-08-16 19:40:28 | ERROR | Periodic check error: (sqlite3.OperationalError) no such column: payments.network
[SQL: SELECT payments.id AS payments_id, payments.user_id AS payments_user_id, payments.tx_hash AS payments_tx_hash, payments.amount AS payments_amount, payments.currency AS payments_currency, payments.network AS payments_network, payments.status AS payments_status, payments.error_message AS payments_error_message, payments.verification_method AS payments_verification_method, payments.verification_attempts AS payments_verification_attempts, payments.last_check_at AS payments_last_check_at, payments.created_at AS payments_created_at, payments.verified_at AS payments_verified_at 
FROM payments 
WHERE payments.status = ?]
[parameters: ('pending',)]
(Background on this error at: https://sqlalche.me/e/20/e3q8)
2026-08-16 19:40:58 | ERROR | Periodic check error: (sqlite3.OperationalError) no such column: payments.network
[SQL: SELECT payments.id AS payments_id, payments.user_id AS payments_user_id, payments.tx_hash AS payments_tx_hash, payments.amount AS payments_amount, payments.currency AS payments_currency, payments.network AS payments_network, payments.status AS payments_status, payments.error_message AS payments_error_message, payments.verification_method AS payments_verification_method, payments.verification_attempts AS payments_verification_attempts, payments.last_check_at AS payments_last_check_at, payments.created_at AS payments_created_at, payments.verified_at AS payments_verified_at 
FROM payments 
WHERE payments.status = ?]
[parameters: ('pending',)]
(Background on this error at: https://sqlalche.me/e/20/e3q8)
2026-08-16 19:41:28 | ERROR | Periodic check error: (sqlite3.OperationalError) no such column: payments.network
[SQL: SELECT payments.id AS payments_id, payments.user_id AS payments_user_id, payments.tx_hash AS payments_tx_hash, payments.amount AS payments_amount, payments.currency AS payments_currency, payments.network AS payments_network, payments.status AS payments_status, payments.error_message AS payments_error_message, payments.verification_method AS payments_verification_method, payments.verification_attempts AS payments_verification_attempts, payments.last_check_at AS payments_last_check_at, payments.created_at AS payments_created_at, payments.verified_at AS payments_verified_at 
FROM payments 
WHERE payments.status = ?]
[parameters: ('pending',)]
(Background on this error at: https://sqlalche.me/e/20/e3q8)
2026-08-16 19:41:58 | ERROR | Periodic check error: (sqlite3.OperationalError) no such column: payments.network
[SQL: SELECT payments.id AS payments_id, payments.user_id AS payments_user_id, payments.tx_hash AS payments_tx_hash, payments.amount AS payments_amount, payments.currency AS payments_currency, payments.network AS payments_network, payments.status AS payments_status, payments.error_message AS payments_error_message, payments.verification_method AS payments_verification_method, payments.verification_attempts AS payments_verification_attempts, payments.last_check_at AS payments_last_check_at, payments.created_at AS payments_created_at, payments.verified_at AS payments_verified_at 
FROM payments 
WHERE payments.status = ?]
[parameters: ('pending',)]
(Background on this error at: https://sqlalche.me/e/20/e3q8)
2026-08-16 19:42:28 | ERROR | Periodic check error: (sqlite3.OperationalError) no such column: payments.network
[SQL: SELECT payments.id AS payments_id, payments.user_id AS payments_user_id, payments.tx_hash AS payments_tx_hash, payments.amount AS payments_amount, payments.currency AS payments_currency, payments.network AS payments_network, payments.status AS payments_status, payments.error_message AS payments_error_message, payments.verification_method AS payments_verification_method, payments.verification_attempts AS payments_verification_attempts, payments.last_check_at AS payments_last_check_at, payments.created_at AS payments_created_at, payments.verified_at AS payments_verified_at 
FROM payments 
WHERE payments.status = ?]
[parameters: ('pending',)]
(Background on this error at: https://sqlalche.me/e/20/e3q8)
2026-08-16 19:42:58 | ERROR | Periodic check error: (sqlite3.OperationalError) no such column: payments.network
[SQL: SELECT payments.id AS payments_id, payments.user_id AS payments_user_id, payments.tx_hash AS payments_tx_hash, payments.amount AS payments_amount, payments.currency AS payments_currency, payments.network AS payments_network, payments.status AS payments_status, payments.error_message AS payments_error_message, payments.verification_method AS payments_verification_method, payments.verification_attempts AS payments_verification_attempts, payments.last_check_at AS payments_last_check_at, payments.created_at AS payments_created_at, payments.verified_at AS payments_verified_at 
FROM payments 
WHERE payments.status = ?]
[parameters: ('pending',)]
(Background on this error at: https://sqlalche.me/e/20/e3q8)
2026-08-16 19:43:28 | ERROR | Periodic check error: (sqlite3.OperationalError) no such column: payments.network
[SQL: SELECT payments.id AS payments_id, payments.user_id AS payments_user_id, payments.tx_hash AS payments_tx_hash, payments.amount AS payments_amount, payments.currency AS payments_currency, payments.network AS payments_network, payments.status AS payments_status, payments.error_message AS payments_error_message, payments.verification_method AS payments_verification_method, payments.verification_attempts AS payments_verification_attempts, payments.last_check_at AS payments_last_check_at, payments.created_at AS payments_created_at, payments.verified_at AS payments_verified_at 
FROM payments 
WHERE payments.status = ?]
[parameters: ('pending',)]
(Background on this error at: https://sqlalche.me/e/20/e3q8)
2026-08-16 19:43:58 | ERROR | Periodic check error: (sqlite3.OperationalError) no such column: payments.network
[SQL: SELECT payments.id AS payments_id, payments.user_id AS payments_user_id, payments.tx_hash AS payments_tx_hash, payments.amount AS payments_amount, payments.currency AS payments_currency, payments.network AS payments_network, payments.status AS payments_status, payments.error_message AS payments_error_message, payments.verification_method AS payments_verification_method, payments.verification_attempts AS payments_verification_attempts, payments.last_check_at AS payments_last_check_at, payments.created_at AS payments_created_at, payments.verified_at AS payments_verified_at 
FROM payments 
WHERE payments.status = ?]
[parameters: ('pending',)]
(Background on this error at: https://sqlalche.me/e/20/e3q8)
2026-08-16 19:44:28 | ERROR | Periodic check error: (sqlite3.OperationalError) no such column: payments.network
[SQL: SELECT payments.id AS payments_id, payments.user_id AS payments_user_id, payments.tx_hash AS payments_tx_hash, payments.amount AS payments_amount, payments.currency AS payments_currency, payments.network AS payments_network, payments.status AS payments_status, payments.error_message AS payments_error_message, payments.verification_method AS payments_verification_method, payments.verification_attempts AS payments_verification_attempts, payments.last_check_at AS payments_last_check_at, payments.created_at AS payments_created_at, payments.verified_at AS payments_verified_at 
FROM payments 
WHERE payments.status = ?]
[parameters: ('pending',)]
(Background on this error at: https://sqlalche.me/e/20/e3q8)
2026-08-16 19:44:58 | ERROR | Periodic check error: (sqlite3.OperationalError) no such column: payments.network
[SQL: SELECT payments.id AS payments_id, payments.user_id AS payments_user_id, payments.tx_hash AS payments_tx_hash, payments.amount AS payments_amount, payments.currency AS payments_currency, payments.network AS payments_network, payments.status AS payments_status, payments.error_message AS payments_error_message, payments.verification_method AS payments_verification_method, payments.verification_attempts AS payments_verification_attempts, payments.last_check_at AS payments_last_check_at, payments.created_at AS payments_created_at, payments.verified_at AS payments_verified_at 
FROM payments 
WHERE payments.status = ?]
[parameters: ('pending',)]
(Background on this error at: https://sqlalche.me/e/20/e3q8)
2026-08-16 19:45:28 | ERROR | Periodic check error: (sqlite3.OperationalError) no such column: payments.network
[SQL: SELECT payments.id AS payments_id, payments.user_id AS payments_user_id, payments.tx_hash AS payments_tx_hash, payments.amount AS payments_amount, payments.currency AS payments_currency, payments.network AS payments_network, payments.status AS payments_status, payments.error_message AS payments_error_message, payments.verification_method AS payments_verification_method, payments.verification_attempts AS payments_verification_attempts, payments.last_check_at AS payments_last_check_at, payments.created_at AS payments_created_at, payments.verified_at AS payments_verified_at 
FROM payments 
WHERE payments.status = ?]
[parameters: ('pending',)]
(Background on this error at: https://sqlalche.me/e/20/e3q8)
2026-08-16 19:45:59 | ERROR | Periodic check error: (sqlite3.OperationalError) no such column: payments.network
[SQL: SELECT payments.id AS payments_id, payments.user_id AS payments_user_id, payments.tx_hash AS payments_tx_hash, payments.amount AS payments_amount, payments.currency AS payments_currency, payments.network AS payments_network, payments.status AS payments_status, payments.error_message AS payments_error_message, payments.verification_method AS payments_verification_method, payments.verification_attempts AS payments_verification_attempts, payments.last_check_at AS payments_last_check_at, payments.created_at AS payments_created_at, payments.verified_at AS payments_verified_at 
FROM payments 
WHERE payments.status = ?]
[parameters: ('pending',)]
(Background on this error at: https://sqlalche.me/e/20/e3q8)
2026-08-16 19:46:29 | ERROR | Periodic check error: (sqlite3.OperationalError) no such column: payments.network
[SQL: SELECT payments.id AS payments_id, payments.user_id AS payments_user_id, payments.tx_hash AS payments_tx_hash, payments.amount AS payments_amount, payments.currency AS payments_currency, payments.network AS payments_network, payments.status AS payments_status, payments.error_message AS payments_error_message, payments.verification_method AS payments_verification_method, payments.verification_attempts AS payments_verification_attempts, payments.last_check_at AS payments_last_check_at, payments.created_at AS payments_created_at, payments.verified_at AS payments_verified_at 
FROM payments 
WHERE payments.status = ?]
[parameters: ('pending',)]
(Background on this error at: https://sqlalche.me/e/20/e3q8)
2026-08-16 19:46:59 | ERROR | Periodic check error: (sqlite3.OperationalError) no such column: payments.network
[SQL: SELECT payments.id AS payments_id, payments.user_id AS payments_user_id, payments.tx_hash AS payments_tx_hash, payments.amount AS payments_amount, payments.currency AS payments_currency, payments.network AS payments_network, payments.status AS payments_status, payments.error_message AS payments_error_message, payments.verification_method AS payments_verification_method, payments.verification_attempts AS payments_verification_attempts, payments.last_check_at AS payments_last_check_at, payments.created_at AS payments_created_at, payments.verified_at AS payments_verified_at 
FROM payments 
WHERE payments.status = ?]
[parameters: ('pending',)]
(Background on this error at: https://sqlalche.me/e/20/e3q8)
2026-08-16 19:47:29 | ERROR | Periodic check error: (sqlite3.OperationalError) no such column: payments.network
[SQL: SELECT payments.id AS payments_id, payments.user_id AS payments_user_id, payments.tx_hash AS payments_tx_hash, payments.amount AS payments_amount, payments.currency AS payments_currency, payments.network AS payments_network, payments.status AS payments_status, payments.error_message AS payments_error_message, payments.verification_method AS payments_verification_method, payments.verification_attempts AS payments_verification_attempts, payments.last_check_at AS payments_last_check_at, payments.created_at AS payments_created_at, payments.verified_at AS payments_verified_at 
FROM payments 
WHERE payments.status = ?]
[parameters: ('pending',)]
(Background on this error at: https://sqlalche.me/e/20/e3q8)
2026-08-16 19:47:59 | ERROR | Periodic check error: (sqlite3.OperationalError) no such column: payments.network
[SQL: SELECT payments.id AS payments_id, payments.user_id AS payments_user_id, payments.tx_hash AS payments_tx_hash, payments.amount AS payments_amount, payments.currency AS payments_currency, payments.network AS payments_network, payments.status AS payments_status, payments.error_message AS payments_error_message, payments.verification_method AS payments_verification_method, payments.verification_attempts AS payments_verification_attempts, payments.last_check_at AS payments_last_check_at, payments.created_at AS payments_created_at, payments.verified_at AS payments_verified_at 
FROM payments 
WHERE payments.status = ?]
[parameters: ('pending',)]
(Background on this error at: https://sqlalche.me/e/20/e3q8)
2026-08-16 19:48:29 | ERROR | Periodic check error: (sqlite3.OperationalError) no such column: payments.network
[SQL: SELECT payments.id AS payments_id, payments.user_id AS payments_user_id, payments.tx_hash AS payments_tx_hash, payments.amount AS payments_amount, payments.currency AS payments_currency, payments.network AS payments_network, payments.status AS payments_status, payments.error_message AS payments_error_message, payments.verification_method AS payments_verification_method, payments.verification_attempts AS payments_verification_attempts, payments.last_check_at AS payments_last_check_at, payments.created_at AS payments_created_at, payments.verified_at AS payments_verified_at 
FROM payments 
WHERE payments.status = ?]
[parameters: ('pending',)]
(Background on this error at: https://sqlalche.me/e/20/e3q8)
2026-08-16 19:48:59 | ERROR | Periodic check error: (sqlite3.OperationalError) no such column: payments.network
[SQL: SELECT payments.id AS payments_id, payments.user_id AS payments_user_id, payments.tx_hash AS payments_tx_hash, payments.amount AS payments_amount, payments.currency AS payments_currency, payments.network AS payments_network, payments.status AS payments_status, payments.error_message AS payments_error_message, payments.verification_method AS payments_verification_method, payments.verification_attempts AS payments_verification_attempts, payments.last_check_at AS payments_last_check_at, payments.created_at AS payments_created_at, payments.verified_at AS payments_verified_at 
FROM payments 
WHERE payments.status = ?]
[parameters: ('pending',)]
(Background on this error at: https://sqlalche.me/e/20/e3q8)
2026-08-16 19:49:29 | ERROR | Periodic check error: (sqlite3.OperationalError) no such column: payments.network
[SQL: SELECT payments.id AS payments_id, payments.user_id AS payments_user_id, payments.tx_hash AS payments_tx_hash, payments.amount AS payments_amount, payments.currency AS payments_currency, payments.network AS payments_network, payments.status AS payments_status, payments.error_message AS payments_error_message, payments.verification_method AS payments_verification_method, payments.verification_attempts AS payments_verification_attempts, payments.last_check_at AS payments_last_check_at, payments.created_at AS payments_created_at, payments.verified_at AS payments_verified_at 
FROM payments 
WHERE payments.status = ?]
[parameters: ('pending',)]
(Background on this error at: https://sqlalche.me/e/20/e3q8)
2026-08-16 19:49:59 | ERROR | Periodic check error: (sqlite3.OperationalError) no such column: payments.network
[SQL: SELECT payments.id AS payments_id, payments.user_id AS payments_user_id, payments.tx_hash AS payments_tx_hash, payments.amount AS payments_amount, payments.currency AS payments_currency, payments.network AS payments_network, payments.status AS payments_status, payments.error_message AS payments_error_message, payments.verification_method AS payments_verification_method, payments.verification_attempts AS payments_verification_attempts, payments.last_check_at AS payments_last_check_at, payments.created_at AS payments_created_at, payments.verified_at AS payments_verified_at 
FROM payments 
WHERE payments.status = ?]
[parameters: ('pending',)]
(Background on this error at: https://sqlalche.me/e/20/e3q8)
2026-08-16 19:50:29 | ERROR | Periodic check error: (sqlite3.OperationalError) no such column: payments.network
[SQL: SELECT payments.id AS payments_id, payments.user_id AS payments_user_id, payments.tx_hash AS payments_tx_hash, payments.amount AS payments_amount, payments.currency AS payments_currency, payments.network AS payments_network, payments.status AS payments_status, payments.error_message AS payments_error_message, payments.verification_method AS payments_verification_method, payments.verification_attempts AS payments_verification_attempts, payments.last_check_at AS payments_last_check_at, payments.created_at AS payments_created_at, payments.verified_at AS payments_verified_at 
FROM payments 
WHERE payments.status = ?]
[parameters: ('pending',)]
(Background on this error at: https://sqlalche.me/e/20/e3q8)
2026-08-16 19:50:59 | ERROR | Periodic check error: (sqlite3.OperationalError) no such column: payments.network
[SQL: SELECT payments.id AS payments_id, payments.user_id AS payments_user_id, payments.tx_hash AS payments_tx_hash, payments.amount AS payments_amount, payments.currency AS payments_currency, payments.network AS payments_network, payments.status AS payments_status, payments.error_message AS payments_error_message, payments.verification_method AS payments_verification_method, payments.verification_attempts AS payments_verification_attempts, payments.last_check_at AS payments_last_check_at, payments.created_at AS payments_created_at, payments.verified_at AS payments_verified_at 
FROM payments 
WHERE payments.status = ?]
[parameters: ('pending',)]
(Background on this error at: https://sqlalche.me/e/20/e3q8)
2026-08-16 19:51:29 | ERROR | Periodic check error: (sqlite3.OperationalError) no such column: payments.network
[SQL: SELECT payments.id AS payments_id, payments.user_id AS payments_user_id, payments.tx_hash AS payments_tx_hash, payments.amount AS payments_amount, payments.currency AS payments_currency, payments.network AS payments_network, payments.status AS payments_status, payments.error_message AS payments_error_message, payments.verification_method AS payments_verification_method, payments.verification_attempts AS payments_verification_attempts, payments.last_check_at AS payments_last_check_at, payments.created_at AS payments_created_at, payments.verified_at AS payments_verified_at 
FROM payments 
WHERE payments.status = ?]
[parameters: ('pending',)]
(Background on this error at: https://sqlalche.me/e/20/e3q8)
2026-08-16 19:51:59 | ERROR | Periodic check error: (sqlite3.OperationalError) no such column: payments.network
[SQL: SELECT payments.id AS payments_id, payments.user_id AS payments_user_id, payments.tx_hash AS payments_tx_hash, payments.amount AS payments_amount, payments.currency AS payments_currency, payments.network AS payments_network, payments.status AS payments_status, payments.error_message AS payments_error_message, payments.verification_method AS payments_verification_method, payments.verification_attempts AS payments_verification_attempts, payments.last_check_at AS payments_last_check_at, payments.created_at AS payments_created_at, payments.verified_at AS payments_verified_at 
FROM payments 
WHERE payments.status = ?]
[parameters: ('pending',)]
(Background on this error at: https://sqlalche.me/e/20/e3q8)
2026-08-16 19:52:29 | ERROR | Periodic check error: (sqlite3.OperationalError) no such column: payments.network
[SQL: SELECT payments.id AS payments_id, payments.user_id AS payments_user_id, payments.tx_hash AS payments_tx_hash, payments.amount AS payments_amount, payments.currency AS payments_currency, payments.network AS payments_network, payments.status AS payments_status, payments.error_message AS payments_error_message, payments.verification_method AS payments_verification_method, payments.verification_attempts AS payments_verification_attempts, payments.last_check_at AS payments_last_check_at, payments.created_at AS payments_created_at, payments.verified_at AS payments_verified_at 
FROM payments 
WHERE payments.status = ?]
[parameters: ('pending',)]
(Background on this error at: https://sqlalche.me/e/20/e3q8)
2026-08-16 19:52:46 | INFO | \U0001f6d1 Sweetsnipe server shutting down...
2026-08-16 19:52:46 | INFO | \u2705 Server shutdown complete
2026-08-16 19:52:53 | INFO | \U0001f680 Sweetsnipe server starting... (Environment: development)
2026-08-16 19:52:53 | INFO | \u2705 Server startup complete
2026-08-16 19:52:53 | ERROR | Periodic check error: (sqlite3.OperationalError) no such column: payments.network
[SQL: SELECT payments.id AS payments_id, payments.user_id AS payments_user_id, payments.tx_hash AS payments_tx_hash, payments.amount AS payments_amount, payments.currency AS payments_currency, payments.network AS payments_network, payments.status AS payments_status, payments.error_message AS payments_error_message, payments.verification_method AS payments_verification_method, payments.verification_attempts AS payments_verification_attempts, payments.last_check_at AS payments_last_check_at, payments.created_at AS payments_created_at, payments.verified_at AS payments_verified_at 
FROM payments 
WHERE payments.status = ?]
[parameters: ('pending',)]
(Background on this error at: https://sqlalche.me/e/20/e3q8)
2026-08-16 19:53:23 | ERROR | Periodic check error: (sqlite3.OperationalError) no such column: payments.network
[SQL: SELECT payments.id AS payments_id, payments.user_id AS payments_user_id, payments.tx_hash AS payments_tx_hash, payments.amount AS payments_amount, payments.currency AS payments_currency, payments.network AS payments_network, payments.status AS payments_status, payments.error_message AS payments_error_message, payments.verification_method AS payments_verification_method, payments.verification_attempts AS payments_verification_attempts, payments.last_check_at AS payments_last_check_at, payments.created_at AS payments_created_at, payments.verified_at AS payments_verified_at 
FROM payments 
WHERE payments.status = ?]
[parameters: ('pending',)]
(Background on this error at: https://sqlalche.me/e/20/e3q8)
2026-08-16 19:53:53 | ERROR | Periodic check error: (sqlite3.OperationalError) no such column: payments.network
[SQL: SELECT payments.id AS payments_id, payments.user_id AS payments_user_id, payments.tx_hash AS payments_tx_hash, payments.amount AS payments_amount, payments.currency AS payments_currency, payments.network AS payments_network, payments.status AS payments_status, payments.error_message AS payments_error_message, payments.verification_method AS payments_verification_method, payments.verification_attempts AS payments_verification_attempts, payments.last_check_at AS payments_last_check_at, payments.created_at AS payments_created_at, payments.verified_at AS payments_verified_at 
FROM payments 
WHERE payments.status = ?]
[parameters: ('pending',)]
(Background on this error at: https://sqlalche.me/e/20/e3q8)
2026-08-16 19:54:23 | ERROR | Periodic check error: (sqlite3.OperationalError) no such column: payments.network
[SQL: SELECT payments.id AS payments_id, payments.user_id AS payments_user_id, payments.tx_hash AS payments_tx_hash, payments.amount AS payments_amount, payments.currency AS payments_currency, payments.network AS payments_network, payments.status AS payments_status, payments.error_message AS payments_error_message, payments.verification_method AS payments_verification_method, payments.verification_attempts AS payments_verification_attempts, payments.last_check_at AS payments_last_check_at, payments.created_at AS payments_created_at, payments.verified_at AS payments_verified_at 
FROM payments 
WHERE payments.status = ?]
[parameters: ('pending',)]
(Background on this error at: https://sqlalche.me/e/20/e3q8)
2026-08-16 19:54:53 | ERROR | Periodic check error: (sqlite3.OperationalError) no such column: payments.network
[SQL: SELECT payments.id AS payments_id, payments.user_id AS payments_user_id, payments.tx_hash AS payments_tx_hash, payments.amount AS payments_amount, payments.currency AS payments_currency, payments.network AS payments_network, payments.status AS payments_status, payments.error_message AS payments_error_message, payments.verification_method AS payments_verification_method, payments.verification_attempts AS payments_verification_attempts, payments.last_check_at AS payments_last_check_at, payments.created_at AS payments_created_at, payments.verified_at AS payments_verified_at 
FROM payments 
WHERE payments.status = ?]
[parameters: ('pending',)]
(Background on this error at: https://sqlalche.me/e/20/e3q8)
2026-08-16 19:55:23 | ERROR | Periodic check error: (sqlite3.OperationalError) no such column: payments.network
[SQL: SELECT payments.id AS payments_id, payments.user_id AS payments_user_id, payments.tx_hash AS payments_tx_hash, payments.amount AS payments_amount, payments.currency AS payments_currency, payments.network AS payments_network, payments.status AS payments_status, payments.error_message AS payments_error_message, payments.verification_method AS payments_verification_method, payments.verification_attempts AS payments_verification_attempts, payments.last_check_at AS payments_last_check_at, payments.created_at AS payments_created_at, payments.verified_at AS payments_verified_at 
FROM payments 
WHERE payments.status = ?]
[parameters: ('pending',)]
(Background on this error at: https://sqlalche.me/e/20/e3q8)
2026-08-16 19:55:53 | ERROR | Periodic check error: (sqlite3.OperationalError) no such column: payments.network
[SQL: SELECT payments.id AS payments_id, payments.user_id AS payments_user_id, payments.tx_hash AS payments_tx_hash, payments.amount AS payments_amount, payments.currency AS payments_currency, payments.network AS payments_network, payments.status AS payments_status, payments.error_message AS payments_error_message, payments.verification_method AS payments_verification_method, payments.verification_attempts AS payments_verification_attempts, payments.last_check_at AS payments_last_check_at, payments.created_at AS payments_created_at, payments.verified_at AS payments_verified_at 
FROM payments 
WHERE payments.status = ?]
[parameters: ('pending',)]
(Background on this error at: https://sqlalche.me/e/20/e3q8)
2026-08-16 19:56:23 | ERROR | Periodic check error: (sqlite3.OperationalError) no such column: payments.network
[SQL: SELECT payments.id AS payments_id, payments.user_id AS payments_user_id, payments.tx_hash AS payments_tx_hash, payments.amount AS payments_amount, payments.currency AS payments_currency, payments.network AS payments_network, payments.status AS payments_status, payments.error_message AS payments_error_message, payments.verification_method AS payments_verification_method, payments.verification_attempts AS payments_verification_attempts, payments.last_check_at AS payments_last_check_at, payments.created_at AS payments_created_at, payments.verified_at AS payments_verified_at 
FROM payments 
WHERE payments.status = ?]
[parameters: ('pending',)]
(Background on this error at: https://sqlalche.me/e/20/e3q8)
2026-08-16 19:56:53 | ERROR | Periodic check error: (sqlite3.OperationalError) no such column: payments.network
[SQL: SELECT payments.id AS payments_id, payments.user_id AS payments_user_id, payments.tx_hash AS payments_tx_hash, payments.amount AS payments_amount, payments.currency AS payments_currency, payments.network AS payments_network, payments.status AS payments_status, payments.error_message AS payments_error_message, payments.verification_method AS payments_verification_method, payments.verification_attempts AS payments_verification_attempts, payments.last_check_at AS payments_last_check_at, payments.created_at AS payments_created_at, payments.verified_at AS payments_verified_at 
FROM payments 
WHERE payments.status = ?]
[parameters: ('pending',)]
(Background on this error at: https://sqlalche.me/e/20/e3q8)
2026-08-16 19:57:23 | ERROR | Periodic check error: (sqlite3.OperationalError) no such column: payments.network
[SQL: SELECT payments.id AS payments_id, payments.user_id AS payments_user_id, payments.tx_hash AS payments_tx_hash, payments.amount AS payments_amount, payments.currency AS payments_currency, payments.network AS payments_network, payments.status AS payments_status, payments.error_message AS payments_error_message, payments.verification_method AS payments_verification_method, payments.verification_attempts AS payments_verification_attempts, payments.last_check_at AS payments_last_check_at, payments.created_at AS payments_created_at, payments.verified_at AS payments_verified_at 
FROM payments 
WHERE payments.status = ?]
[parameters: ('pending',)]
(Background on this error at: https://sqlalche.me/e/20/e3q8)
2026-08-16 19:57:53 | ERROR | Periodic check error: (sqlite3.OperationalError) no such column: payments.network
[SQL: SELECT payments.id AS payments_id, payments.user_id AS payments_user_id, payments.tx_hash AS payments_tx_hash, payments.amount AS payments_amount, payments.currency AS payments_currency, payments.network AS payments_network, payments.status AS payments_status, payments.error_message AS payments_error_message, payments.verification_method AS payments_verification_method, payments.verification_attempts AS payments_verification_attempts, payments.last_check_at AS payments_last_check_at, payments.created_at AS payments_created_at, payments.verified_at AS payments_verified_at 
FROM payments 
WHERE payments.status = ?]
[parameters: ('pending',)]
(Background on this error at: https://sqlalche.me/e/20/e3q8)
2026-08-16 19:58:23 | ERROR | Periodic check error: (sqlite3.OperationalError) no such column: payments.network
[SQL: SELECT payments.id AS payments_id, payments.user_id AS payments_user_id, payments.tx_hash AS payments_tx_hash, payments.amount AS payments_amount, payments.currency AS payments_currency, payments.network AS payments_network, payments.status AS payments_status, payments.error_message AS payments_error_message, payments.verification_method AS payments_verification_method, payments.verification_attempts AS payments_verification_attempts, payments.last_check_at AS payments_last_check_at, payments.created_at AS payments_created_at, payments.verified_at AS payments_verified_at 
FROM payments 
WHERE payments.status = ?]
[parameters: ('pending',)]
(Background on this error at: https://sqlalche.me/e/20/e3q8)
2026-08-16 19:58:53 | ERROR | Periodic check error: (sqlite3.OperationalError) no such column: payments.network
[SQL: SELECT payments.id AS payments_id, payments.user_id AS payments_user_id, payments.tx_hash AS payments_tx_hash, payments.amount AS payments_amount, payments.currency AS payments_currency, payments.network AS payments_network, payments.status AS payments_status, payments.error_message AS payments_error_message, payments.verification_method AS payments_verification_method, payments.verification_attempts AS payments_verification_attempts, payments.last_check_at AS payments_last_check_at, payments.created_at AS payments_created_at, payments.verified_at AS payments_verified_at 
FROM payments 
WHERE payments.status = ?]
[parameters: ('pending',)]
(Background on this error at: https://sqlalche.me/e/20/e3q8)
2026-08-16 19:59:23 | ERROR | Periodic check error: (sqlite3.OperationalError) no such column: payments.network
[SQL: SELECT payments.id AS payments_id, payments.user_id AS payments_user_id, payments.tx_hash AS payments_tx_hash, payments.amount AS payments_amount, payments.currency AS payments_currency, payments.network AS payments_network, payments.status AS payments_status, payments.error_message AS payments_error_message, payments.verification_method AS payments_verification_method, payments.verification_attempts AS payments_verification_attempts, payments.last_check_at AS payments_last_check_at, payments.created_at AS payments_created_at, payments.verified_at AS payments_verified_at 
FROM payments 
WHERE payments.status = ?]
[parameters: ('pending',)]
(Background on this error at: https://sqlalche.me/e/20/e3q8)
2026-08-16 19:59:53 | ERROR | Periodic check error: (sqlite3.OperationalError) no such column: payments.network
[SQL: SELECT payments.id AS payments_id, payments.user_id AS payments_user_id, payments.tx_hash AS payments_tx_hash, payments.amount AS payments_amount, payments.currency AS payments_currency, payments.network AS payments_network, payments.status AS payments_status, payments.error_message AS payments_error_message, payments.verification_method AS payments_verification_method, payments.verification_attempts AS payments_verification_attempts, payments.last_check_at AS payments_last_check_at, payments.created_at AS payments_created_at, payments.verified_at AS payments_verified_at 
FROM payments 
WHERE payments.status = ?]
[parameters: ('pending',)]
(Background on this error at: https://sqlalche.me/e/20/e3q8)
2026-08-16 20:00:23 | ERROR | Periodic check error: (sqlite3.OperationalError) no such column: payments.network
[SQL: SELECT payments.id AS payments_id, payments.user_id AS payments_user_id, payments.tx_hash AS payments_tx_hash, payments.amount AS payments_amount, payments.currency AS payments_currency, payments.network AS payments_network, payments.status AS payments_status, payments.error_message AS payments_error_message, payments.verification_method AS payments_verification_method, payments.verification_attempts AS payments_verification_attempts, payments.last_check_at AS payments_last_check_at, payments.created_at AS payments_created_at, payments.verified_at AS payments_verified_at 
FROM payments 
WHERE payments.status = ?]
[parameters: ('pending',)]
(Background on this error at: https://sqlalche.me/e/20/e3q8)
2026-08-16 20:00:53 | ERROR | Periodic check error: (sqlite3.OperationalError) no such column: payments.network
[SQL: SELECT payments.id AS payments_id, payments.user_id AS payments_user_id, payments.tx_hash AS payments_tx_hash, payments.amount AS payments_amount, payments.currency AS payments_currency, payments.network AS payments_network, payments.status AS payments_status, payments.error_message AS payments_error_message, payments.verification_method AS payments_verification_method, payments.verification_attempts AS payments_verification_attempts, payments.last_check_at AS payments_last_check_at, payments.created_at AS payments_created_at, payments.verified_at AS payments_verified_at 
FROM payments 
WHERE payments.status = ?]
[parameters: ('pending',)]
(Background on this error at: https://sqlalche.me/e/20/e3q8)
2026-08-16 20:01:23 | ERROR | Periodic check error: (sqlite3.OperationalError) no such column: payments.network
[SQL: SELECT payments.id AS payments_id, payments.user_id AS payments_user_id, payments.tx_hash AS payments_tx_hash, payments.amount AS payments_amount, payments.currency AS payments_currency, payments.network AS payments_network, payments.status AS payments_status, payments.error_message AS payments_error_message, payments.verification_method AS payments_verification_method, payments.verification_attempts AS payments_verification_attempts, payments.last_check_at AS payments_last_check_at, payments.created_at AS payments_created_at, payments.verified_at AS payments_verified_at 
FROM payments 
WHERE payments.status = ?]
[parameters: ('pending',)]
(Background on this error at: https://sqlalche.me/e/20/e3q8)
2026-08-16 20:01:53 | ERROR | Periodic check error: (sqlite3.OperationalError) no such column: payments.network
[SQL: SELECT payments.id AS payments_id, payments.user_id AS payments_user_id, payments.tx_hash AS payments_tx_hash, payments.amount AS payments_amount, payments.currency AS payments_currency, payments.network AS payments_network, payments.status AS payments_status, payments.error_message AS payments_error_message, payments.verification_method AS payments_verification_method, payments.verification_attempts AS payments_verification_attempts, payments.last_check_at AS payments_last_check_at, payments.created_at AS payments_created_at, payments.verified_at AS payments_verified_at 
FROM payments 
WHERE payments.status = ?]
[parameters: ('pending',)]
(Background on this error at: https://sqlalche.me/e/20/e3q8)
2026-08-16 20:02:23 | ERROR | Periodic check error: (sqlite3.OperationalError) no such column: payments.network
[SQL: SELECT payments.id AS payments_id, payments.user_id AS payments_user_id, payments.tx_hash AS payments_tx_hash, payments.amount AS payments_amount, payments.currency AS payments_currency, payments.network AS payments_network, payments.status AS payments_status, payments.error_message AS payments_error_message, payments.verification_method AS payments_verification_method, payments.verification_attempts AS payments_verification_attempts, payments.last_check_at AS payments_last_check_at, payments.created_at AS payments_created_at, payments.verified_at AS payments_verified_at 
FROM payments 
WHERE payments.status = ?]
[parameters: ('pending',)]
(Background on this error at: https://sqlalche.me/e/20/e3q8)
2026-08-16 20:02:51 | INFO | \U0001f6d1 Sweetsnipe server shutting down...
2026-08-16 20:02:51 | INFO | \u2705 Server shutdown complete
2026-08-16 20:02:59 | INFO | \U0001f680 Sweetsnipe server starting... (Environment: development)
2026-08-16 20:02:59 | INFO | \u2705 Server startup complete
2026-08-16 20:02:59 | ERROR | Periodic check error: (sqlite3.OperationalError) no such column: payments.network
[SQL: SELECT payments.id AS payments_id, payments.user_id AS payments_user_id, payments.tx_hash AS payments_tx_hash, payments.amount AS payments_amount, payments.currency AS payments_currency, payments.network AS payments_network, payments.status AS payments_status, payments.error_message AS payments_error_message, payments.verification_method AS payments_verification_method, payments.verification_attempts AS payments_verification_attempts, payments.last_check_at AS payments_last_check_at, payments.created_at AS payments_created_at, payments.verified_at AS payments_verified_at 
FROM payments 
WHERE payments.status = ?]
[parameters: ('pending',)]
(Background on this error at: https://sqlalche.me/e/20/e3q8)
2026-08-16 20:03:29 | ERROR | Periodic check error: (sqlite3.OperationalError) no such column: payments.network
[SQL: SELECT payments.id AS payments_id, payments.user_id AS payments_user_id, payments.tx_hash AS payments_tx_hash, payments.amount AS payments_amount, payments.currency AS payments_currency, payments.network AS payments_network, payments.status AS payments_status, payments.error_message AS payments_error_message, payments.verification_method AS payments_verification_method, payments.verification_attempts AS payments_verification_attempts, payments.last_check_at AS payments_last_check_at, payments.created_at AS payments_created_at, payments.verified_at AS payments_verified_at 
FROM payments 
WHERE payments.status = ?]
[parameters: ('pending',)]
(Background on this error at: https://sqlalche.me/e/20/e3q8)
2026-08-16 20:03:59 | ERROR | Periodic check error: (sqlite3.OperationalError) no such column: payments.network
[SQL: SELECT payments.id AS payments_id, payments.user_id AS payments_user_id, payments.tx_hash AS payments_tx_hash, payments.amount AS payments_amount, payments.currency AS payments_currency, payments.network AS payments_network, payments.status AS payments_status, payments.error_message AS payments_error_message, payments.verification_method AS payments_verification_method, payments.verification_attempts AS payments_verification_attempts, payments.last_check_at AS payments_last_check_at, payments.created_at AS payments_created_at, payments.verified_at AS payments_verified_at 
FROM payments 
WHERE payments.status = ?]
[parameters: ('pending',)]
(Background on this error at: https://sqlalche.me/e/20/e3q8)
2026-08-16 20:04:29 | ERROR | Periodic check error: (sqlite3.OperationalError) no such column: payments.network
[SQL: SELECT payments.id AS payments_id, payments.user_id AS payments_user_id, payments.tx_hash AS payments_tx_hash, payments.amount AS payments_amount, payments.currency AS payments_currency, payments.network AS payments_network, payments.status AS payments_status, payments.error_message AS payments_error_message, payments.verification_method AS payments_verification_method, payments.verification_attempts AS payments_verification_attempts, payments.last_check_at AS payments_last_check_at, payments.created_at AS payments_created_at, payments.verified_at AS payments_verified_at 
FROM payments 
WHERE payments.status = ?]
[parameters: ('pending',)]
(Background on this error at: https://sqlalche.me/e/20/e3q8)
2026-08-16 20:04:59 | ERROR | Periodic check error: (sqlite3.OperationalError) no such column: payments.network
[SQL: SELECT payments.id AS payments_id, payments.user_id AS payments_user_id, payments.tx_hash AS payments_tx_hash, payments.amount AS payments_amount, payments.currency AS payments_currency, payments.network AS payments_network, payments.status AS payments_status, payments.error_message AS payments_error_message, payments.verification_method AS payments_verification_method, payments.verification_attempts AS payments_verification_attempts, payments.last_check_at AS payments_last_check_at, payments.created_at AS payments_created_at, payments.verified_at AS payments_verified_at 
FROM payments 
WHERE payments.status = ?]
[parameters: ('pending',)]
(Background on this error at: https://sqlalche.me/e/20/e3q8)
2026-08-16 20:05:29 | ERROR | Periodic check error: (sqlite3.OperationalError) no such column: payments.network
[SQL: SELECT payments.id AS payments_id, payments.user_id AS payments_user_id, payments.tx_hash AS payments_tx_hash, payments.amount AS payments_amount, payments.currency AS payments_currency, payments.network AS payments_network, payments.status AS payments_status, payments.error_message AS payments_error_message, payments.verification_method AS payments_verification_method, payments.verification_attempts AS payments_verification_attempts, payments.last_check_at AS payments_last_check_at, payments.created_at AS payments_created_at, payments.verified_at AS payments_verified_at 
FROM payments 
WHERE payments.status = ?]
[parameters: ('pending',)]
(Background on this error at: https://sqlalche.me/e/20/e3q8)
2026-08-16 20:05:59 | ERROR | Periodic check error: (sqlite3.OperationalError) no such column: payments.network
[SQL: SELECT payments.id AS payments_id, payments.user_id AS payments_user_id, payments.tx_hash AS payments_tx_hash, payments.amount AS payments_amount, payments.currency AS payments_currency, payments.network AS payments_network, payments.status AS payments_status, payments.error_message AS payments_error_message, payments.verification_method AS payments_verification_method, payments.verification_attempts AS payments_verification_attempts, payments.last_check_at AS payments_last_check_at, payments.created_at AS payments_created_at, payments.verified_at AS payments_verified_at 
FROM payments 
WHERE payments.status = ?]
[parameters: ('pending',)]
(Background on this error at: https://sqlalche.me/e/20/e3q8)
2026-08-16 20:06:29 | ERROR | Periodic check error: (sqlite3.OperationalError) no such column: payments.network
[SQL: SELECT payments.id AS payments_id, payments.user_id AS payments_user_id, payments.tx_hash AS payments_tx_hash, payments.amount AS payments_amount, payments.currency AS payments_currency, payments.network AS payments_network, payments.status AS payments_status, payments.error_message AS payments_error_message, payments.verification_method AS payments_verification_method, payments.verification_attempts AS payments_verification_attempts, payments.last_check_at AS payments_last_check_at, payments.created_at AS payments_created_at, payments.verified_at AS payments_verified_at 
FROM payments 
WHERE payments.status = ?]
[parameters: ('pending',)]
(Background on this error at: https://sqlalche.me/e/20/e3q8)
2026-08-16 20:06:59 | ERROR | Periodic check error: (sqlite3.OperationalError) no such column: payments.network
[SQL: SELECT payments.id AS payments_id, payments.user_id AS payments_user_id, payments.tx_hash AS payments_tx_hash, payments.amount AS payments_amount, payments.currency AS payments_currency, payments.network AS payments_network, payments.status AS payments_status, payments.error_message AS payments_error_message, payments.verification_method AS payments_verification_method, payments.verification_attempts AS payments_verification_attempts, payments.last_check_at AS payments_last_check_at, payments.created_at AS payments_created_at, payments.verified_at AS payments_verified_at 
FROM payments 
WHERE payments.status = ?]
[parameters: ('pending',)]
(Background on this error at: https://sqlalche.me/e/20/e3q8)
2026-08-16 20:07:29 | ERROR | Periodic check error: (sqlite3.OperationalError) no such column: payments.network
[SQL: SELECT payments.id AS payments_id, payments.user_id AS payments_user_id, payments.tx_hash AS payments_tx_hash, payments.amount AS payments_amount, payments.currency AS payments_currency, payments.network AS payments_network, payments.status AS payments_status, payments.error_message AS payments_error_message, payments.verification_method AS payments_verification_method, payments.verification_attempts AS payments_verification_attempts, payments.last_check_at AS payments_last_check_at, payments.created_at AS payments_created_at, payments.verified_at AS payments_verified_at 
FROM payments 
WHERE payments.status = ?]
[parameters: ('pending',)]
(Background on this error at: https://sqlalche.me/e/20/e3q8)
2026-08-16 20:07:59 | ERROR | Periodic check error: (sqlite3.OperationalError) no such column: payments.network
[SQL: SELECT payments.id AS payments_id, payments.user_id AS payments_user_id, payments.tx_hash AS payments_tx_hash, payments.amount AS payments_amount, payments.currency AS payments_currency, payments.network AS payments_network, payments.status AS payments_status, payments.error_message AS payments_error_message, payments.verification_method AS payments_verification_method, payments.verification_attempts AS payments_verification_attempts, payments.last_check_at AS payments_last_check_at, payments.created_at AS payments_created_at, payments.verified_at AS payments_verified_at 
FROM payments 
WHERE payments.status = ?]
[parameters: ('pending',)]
(Background on this error at: https://sqlalche.me/e/20/e3q8)
2026-08-16 20:08:29 | ERROR | Periodic check error: (sqlite3.OperationalError) no such column: payments.network
[SQL: SELECT payments.id AS payments_id, payments.user_id AS payments_user_id, payments.tx_hash AS payments_tx_hash, payments.amount AS payments_amount, payments.currency AS payments_currency, payments.network AS payments_network, payments.status AS payments_status, payments.error_message AS payments_error_message, payments.verification_method AS payments_verification_method, payments.verification_attempts AS payments_verification_attempts, payments.last_check_at AS payments_last_check_at, payments.created_at AS payments_created_at, payments.verified_at AS payments_verified_at 
FROM payments 
WHERE payments.status = ?]
[parameters: ('pending',)]
(Background on this error at: https://sqlalche.me/e/20/e3q8)
2026-08-16 20:08:59 | ERROR | Periodic check error: (sqlite3.OperationalError) no such column: payments.network
[SQL: SELECT payments.id AS payments_id, payments.user_id AS payments_user_id, payments.tx_hash AS payments_tx_hash, payments.amount AS payments_amount, payments.currency AS payments_currency, payments.network AS payments_network, payments.status AS payments_status, payments.error_message AS payments_error_message, payments.verification_method AS payments_verification_method, payments.verification_attempts AS payments_verification_attempts, payments.last_check_at AS payments_last_check_at, payments.created_at AS payments_created_at, payments.verified_at AS payments_verified_at 
FROM payments 
WHERE payments.status = ?]
[parameters: ('pending',)]
(Background on this error at: https://sqlalche.me/e/20/e3q8)
2026-08-16 20:09:29 | ERROR | Periodic check error: (sqlite3.OperationalError) no such column: payments.network
[SQL: SELECT payments.id AS payments_id, payments.user_id AS payments_user_id, payments.tx_hash AS payments_tx_hash, payments.amount AS payments_amount, payments.currency AS payments_currency, payments.network AS payments_network, payments.status AS payments_status, payments.error_message AS payments_error_message, payments.verification_method AS payments_verification_method, payments.verification_attempts AS payments_verification_attempts, payments.last_check_at AS payments_last_check_at, payments.created_at AS payments_created_at, payments.verified_at AS payments_verified_at 
FROM payments 
WHERE payments.status = ?]
[parameters: ('pending',)]
(Background on this error at: https://sqlalche.me/e/20/e3q8)
2026-08-16 20:09:59 | ERROR | Periodic check error: (sqlite3.OperationalError) no such column: payments.network
[SQL: SELECT payments.id AS payments_id, payments.user_id AS payments_user_id, payments.tx_hash AS payments_tx_hash, payments.amount AS payments_amount, payments.currency AS payments_currency, payments.network AS payments_network, payments.status AS payments_status, payments.error_message AS payments_error_message, payments.verification_method AS payments_verification_method, payments.verification_attempts AS payments_verification_attempts, payments.last_check_at AS payments_last_check_at, payments.created_at AS payments_created_at, payments.verified_at AS payments_verified_at 
FROM payments 
WHERE payments.status = ?]
[parameters: ('pending',)]
(Background on this error at: https://sqlalche.me/e/20/e3q8)
2026-08-16 20:10:29 | ERROR | Periodic check error: (sqlite3.OperationalError) no such column: payments.network
[SQL: SELECT payments.id AS payments_id, payments.user_id AS payments_user_id, payments.tx_hash AS payments_tx_hash, payments.amount AS payments_amount, payments.currency AS payments_currency, payments.network AS payments_network, payments.status AS payments_status, payments.error_message AS payments_error_message, payments.verification_method AS payments_verification_method, payments.verification_attempts AS payments_verification_attempts, payments.last_check_at AS payments_last_check_at, payments.created_at AS payments_created_at, payments.verified_at AS payments_verified_at 
FROM payments 
WHERE payments.status = ?]
[parameters: ('pending',)]
(Background on this error at: https://sqlalche.me/e/20/e3q8)
2026-08-16 20:10:59 | ERROR | Periodic check error: (sqlite3.OperationalError) no such column: payments.network
[SQL: SELECT payments.id AS payments_id, payments.user_id AS payments_user_id, payments.tx_hash AS payments_tx_hash, payments.amount AS payments_amount, payments.currency AS payments_currency, payments.network AS payments_network, payments.status AS payments_status, payments.error_message AS payments_error_message, payments.verification_method AS payments_verification_method, payments.verification_attempts AS payments_verification_attempts, payments.last_check_at AS payments_last_check_at, payments.created_at AS payments_created_at, payments.verified_at AS payments_verified_at 
FROM payments 
WHERE payments.status = ?]
[parameters: ('pending',)]
(Background on this error at: https://sqlalche.me/e/20/e3q8)
2026-08-16 20:11:29 | ERROR | Periodic check error: (sqlite3.OperationalError) no such column: payments.network
[SQL: SELECT payments.id AS payments_id, payments.user_id AS payments_user_id, payments.tx_hash AS payments_tx_hash, payments.amount AS payments_amount, payments.currency AS payments_currency, payments.network AS payments_network, payments.status AS payments_status, payments.error_message AS payments_error_message, payments.verification_method AS payments_verification_method, payments.verification_attempts AS payments_verification_attempts, payments.last_check_at AS payments_last_check_at, payments.created_at AS payments_created_at, payments.verified_at AS payments_verified_at 
FROM payments 
WHERE payments.status = ?]
[parameters: ('pending',)]
(Background on this error at: https://sqlalche.me/e/20/e3q8)
2026-08-16 20:11:59 | ERROR | Periodic check error: (sqlite3.OperationalError) no such column: payments.network
[SQL: SELECT payments.id AS payments_id, payments.user_id AS payments_user_id, payments.tx_hash AS payments_tx_hash, payments.amount AS payments_amount, payments.currency AS payments_currency, payments.network AS payments_network, payments.status AS payments_status, payments.error_message AS payments_error_message, payments.verification_method AS payments_verification_method, payments.verification_attempts AS payments_verification_attempts, payments.last_check_at AS payments_last_check_at, payments.created_at AS payments_created_at, payments.verified_at AS payments_verified_at 
FROM payments 
WHERE payments.status = ?]
[parameters: ('pending',)]
(Background on this error at: https://sqlalche.me/e/20/e3q8)
2026-08-16 20:12:29 | ERROR | Periodic check error: (sqlite3.OperationalError) no such column: payments.network
[SQL: SELECT payments.id AS payments_id, payments.user_id AS payments_user_id, payments.tx_hash AS payments_tx_hash, payments.amount AS payments_amount, payments.currency AS payments_currency, payments.network AS payments_network, payments.status AS payments_status, payments.error_message AS payments_error_message, payments.verification_method AS payments_verification_method, payments.verification_attempts AS payments_verification_attempts, payments.last_check_at AS payments_last_check_at, payments.created_at AS payments_created_at, payments.verified_at AS payments_verified_at 
FROM payments 
WHERE payments.status = ?]
[parameters: ('pending',)]
(Background on this error at: https://sqlalche.me/e/20/e3q8)
2026-08-16 20:12:59 | ERROR | Periodic check error: (sqlite3.OperationalError) no such column: payments.network
[SQL: SELECT payments.id AS payments_id, payments.user_id AS payments_user_id, payments.tx_hash AS payments_tx_hash, payments.amount AS payments_amount, payments.currency AS payments_currency, payments.network AS payments_network, payments.status AS payments_status, payments.error_message AS payments_error_message, payments.verification_method AS payments_verification_method, payments.verification_attempts AS payments_verification_attempts, payments.last_check_at AS payments_last_check_at, payments.created_at AS payments_created_at, payments.verified_at AS payments_verified_at 
FROM payments 
WHERE payments.status = ?]
[parameters: ('pending',)]
(Background on this error at: https://sqlalche.me/e/20/e3q8)
2026-08-16 20:13:29 | ERROR | Periodic check error: (sqlite3.OperationalError) no such column: payments.network
[SQL: SELECT payments.id AS payments_id, payments.user_id AS payments_user_id, payments.tx_hash AS payments_tx_hash, payments.amount AS payments_amount, payments.currency AS payments_currency, payments.network AS payments_network, payments.status AS payments_status, payments.error_message AS payments_error_message, payments.verification_method AS payments_verification_method, payments.verification_attempts AS payments_verification_attempts, payments.last_check_at AS payments_last_check_at, payments.created_at AS payments_created_at, payments.verified_at AS payments_verified_at 
FROM payments 
WHERE payments.status = ?]
[parameters: ('pending',)]
(Background on this error at: https://sqlalche.me/e/20/e3q8)
2026-08-16 20:13:59 | ERROR | Periodic check error: (sqlite3.OperationalError) no such column: payments.network
[SQL: SELECT payments.id AS payments_id, payments.user_id AS payments_user_id, payments.tx_hash AS payments_tx_hash, payments.amount AS payments_amount, payments.currency AS payments_currency, payments.network AS payments_network, payments.status AS payments_status, payments.error_message AS payments_error_message, payments.verification_method AS payments_verification_method, payments.verification_attempts AS payments_verification_attempts, payments.last_check_at AS payments_last_check_at, payments.created_at AS payments_created_at, payments.verified_at AS payments_verified_at 
FROM payments 
WHERE payments.status = ?]
[parameters: ('pending',)]
(Background on this error at: https://sqlalche.me/e/20/e3q8)
2026-08-16 20:14:29 | ERROR | Periodic check error: (sqlite3.OperationalError) no such column: payments.network
[SQL: SELECT payments.id AS payments_id, payments.user_id AS payments_user_id, payments.tx_hash AS payments_tx_hash, payments.amount AS payments_amount, payments.currency AS payments_currency, payments.network AS payments_network, payments.status AS payments_status, payments.error_message AS payments_error_message, payments.verification_method AS payments_verification_method, payments.verification_attempts AS payments_verification_attempts, payments.last_check_at AS payments_last_check_at, payments.created_at AS payments_created_at, payments.verified_at AS payments_verified_at 
FROM payments 
WHERE payments.status = ?]
[parameters: ('pending',)]
(Background on this error at: https://sqlalche.me/e/20/e3q8)
2026-08-16 20:14:59 | ERROR | Periodic check error: (sqlite3.OperationalError) no such column: payments.network
[SQL: SELECT payments.id AS payments_id, payments.user_id AS payments_user_id, payments.tx_hash AS payments_tx_hash, payments.amount AS payments_amount, payments.currency AS payments_currency, payments.network AS payments_network, payments.status AS payments_status, payments.error_message AS payments_error_message, payments.verification_method AS payments_verification_method, payments.verification_attempts AS payments_verification_attempts, payments.last_check_at AS payments_last_check_at, payments.created_at AS payments_created_at, payments.verified_at AS payments_verified_at 
FROM payments 
WHERE payments.status = ?]
[parameters: ('pending',)]
(Background on this error at: https://sqlalche.me/e/20/e3q8)
2026-08-16 20:15:29 | ERROR | Periodic check error: (sqlite3.OperationalError) no such column: payments.network
[SQL: SELECT payments.id AS payments_id, payments.user_id AS payments_user_id, payments.tx_hash AS payments_tx_hash, payments.amount AS payments_amount, payments.currency AS payments_currency, payments.network AS payments_network, payments.status AS payments_status, payments.error_message AS payments_error_message, payments.verification_method AS payments_verification_method, payments.verification_attempts AS payments_verification_attempts, payments.last_check_at AS payments_last_check_at, payments.created_at AS payments_created_at, payments.verified_at AS payments_verified_at 
FROM payments 
WHERE payments.status = ?]
[parameters: ('pending',)]
(Background on this error at: https://sqlalche.me/e/20/e3q8)
2026-08-16 20:15:59 | ERROR | Periodic check error: (sqlite3.OperationalError) no such column: payments.network
[SQL: SELECT payments.id AS payments_id, payments.user_id AS payments_user_id, payments.tx_hash AS payments_tx_hash, payments.amount AS payments_amount, payments.currency AS payments_currency, payments.network AS payments_network, payments.status AS payments_status, payments.error_message AS payments_error_message, payments.verification_method AS payments_verification_method, payments.verification_attempts AS payments_verification_attempts, payments.last_check_at AS payments_last_check_at, payments.created_at AS payments_created_at, payments.verified_at AS payments_verified_at 
FROM payments 
WHERE payments.status = ?]
[parameters: ('pending',)]
(Background on this error at: https://sqlalche.me/e/20/e3q8)
2026-08-16 20:16:29 | ERROR | Periodic check error: (sqlite3.OperationalError) no such column: payments.network
[SQL: SELECT payments.id AS payments_id, payments.user_id AS payments_user_id, payments.tx_hash AS payments_tx_hash, payments.amount AS payments_amount, payments.currency AS payments_currency, payments.network AS payments_network, payments.status AS payments_status, payments.error_message AS payments_error_message, payments.verification_method AS payments_verification_method, payments.verification_attempts AS payments_verification_attempts, payments.last_check_at AS payments_last_check_at, payments.created_at AS payments_created_at, payments.verified_at AS payments_verified_at 
FROM payments 
WHERE payments.status = ?]
[parameters: ('pending',)]
(Background on this error at: https://sqlalche.me/e/20/e3q8)
2026-08-16 20:16:59 | ERROR | Periodic check error: (sqlite3.OperationalError) no such column: payments.network
[SQL: SELECT payments.id AS payments_id, payments.user_id AS payments_user_id, payments.tx_hash AS payments_tx_hash, payments.amount AS payments_amount, payments.currency AS payments_currency, payments.network AS payments_network, payments.status AS payments_status, payments.error_message AS payments_error_message, payments.verification_method AS payments_verification_method, payments.verification_attempts AS payments_verification_attempts, payments.last_check_at AS payments_last_check_at, payments.created_at AS payments_created_at, payments.verified_at AS payments_verified_at 
FROM payments 
WHERE payments.status = ?]
[parameters: ('pending',)]
(Background on this error at: https://sqlalche.me/e/20/e3q8)
2026-08-16 20:17:29 | ERROR | Periodic check error: (sqlite3.OperationalError) no such column: payments.network
[SQL: SELECT payments.id AS payments_id, payments.user_id AS payments_user_id, payments.tx_hash AS payments_tx_hash, payments.amount AS payments_amount, payments.currency AS payments_currency, payments.network AS payments_network, payments.status AS payments_status, payments.error_message AS payments_error_message, payments.verification_method AS payments_verification_method, payments.verification_attempts AS payments_verification_attempts, payments.last_check_at AS payments_last_check_at, payments.created_at AS payments_created_at, payments.verified_at AS payments_verified_at 
FROM payments 
WHERE payments.status = ?]
[parameters: ('pending',)]
(Background on this error at: https://sqlalche.me/e/20/e3q8)
2026-08-16 20:17:59 | ERROR | Periodic check error: (sqlite3.OperationalError) no such column: payments.network
[SQL: SELECT payments.id AS payments_id, payments.user_id AS payments_user_id, payments.tx_hash AS payments_tx_hash, payments.amount AS payments_amount, payments.currency AS payments_currency, payments.network AS payments_network, payments.status AS payments_status, payments.error_message AS payments_error_message, payments.verification_method AS payments_verification_method, payments.verification_attempts AS payments_verification_attempts, payments.last_check_at AS payments_last_check_at, payments.created_at AS payments_created_at, payments.verified_at AS payments_verified_at 
FROM payments 
WHERE payments.status = ?]
[parameters: ('pending',)]
(Background on this error at: https://sqlalche.me/e/20/e3q8)
2026-08-16 20:18:29 | ERROR | Periodic check error: (sqlite3.OperationalError) no such column: payments.network
[SQL: SELECT payments.id AS payments_id, payments.user_id AS payments_user_id, payments.tx_hash AS payments_tx_hash, payments.amount AS payments_amount, payments.currency AS payments_currency, payments.network AS payments_network, payments.status AS payments_status, payments.error_message AS payments_error_message, payments.verification_method AS payments_verification_method, payments.verification_attempts AS payments_verification_attempts, payments.last_check_at AS payments_last_check_at, payments.created_at AS payments_created_at, payments.verified_at AS payments_verified_at 
FROM payments 
WHERE payments.status = ?]
[parameters: ('pending',)]
(Background on this error at: https://sqlalche.me/e/20/e3q8)
2026-08-16 20:18:59 | ERROR | Periodic check error: (sqlite3.OperationalError) no such column: payments.network
[SQL: SELECT payments.id AS payments_id, payments.user_id AS payments_user_id, payments.tx_hash AS payments_tx_hash, payments.amount AS payments_amount, payments.currency AS payments_currency, payments.network AS payments_network, payments.status AS payments_status, payments.error_message AS payments_error_message, payments.verification_method AS payments_verification_method, payments.verification_attempts AS payments_verification_attempts, payments.last_check_at AS payments_last_check_at, payments.created_at AS payments_created_at, payments.verified_at AS payments_verified_at 
FROM payments 
WHERE payments.status = ?]
[parameters: ('pending',)]
(Background on this error at: https://sqlalche.me/e/20/e3q8)
2026-08-16 20:19:29 | ERROR | Periodic check error: (sqlite3.OperationalError) no such column: payments.network
[SQL: SELECT payments.id AS payments_id, payments.user_id AS payments_user_id, payments.tx_hash AS payments_tx_hash, payments.amount AS payments_amount, payments.currency AS payments_currency, payments.network AS payments_network, payments.status AS payments_status, payments.error_message AS payments_error_message, payments.verification_method AS payments_verification_method, payments.verification_attempts AS payments_verification_attempts, payments.last_check_at AS payments_last_check_at, payments.created_at AS payments_created_at, payments.verified_at AS payments_verified_at 
FROM payments 
WHERE payments.status = ?]
[parameters: ('pending',)]
(Background on this error at: https://sqlalche.me/e/20/e3q8)
2026-08-16 20:19:59 | ERROR | Periodic check error: (sqlite3.OperationalError) no such column: payments.network
[SQL: SELECT payments.id AS payments_id, payments.user_id AS payments_user_id, payments.tx_hash AS payments_tx_hash, payments.amount AS payments_amount, payments.currency AS payments_currency, payments.network AS payments_network, payments.status AS payments_status, payments.error_message AS payments_error_message, payments.verification_method AS payments_verification_method, payments.verification_attempts AS payments_verification_attempts, payments.last_check_at AS payments_last_check_at, payments.created_at AS payments_created_at, payments.verified_at AS payments_verified_at 
FROM payments 
WHERE payments.status = ?]
[parameters: ('pending',)]
(Background on this error at: https://sqlalche.me/e/20/e3q8)
2026-08-16 20:20:29 | ERROR | Periodic check error: (sqlite3.OperationalError) no such column: payments.network
[SQL: SELECT payments.id AS payments_id, payments.user_id AS payments_user_id, payments.tx_hash AS payments_tx_hash, payments.amount AS payments_amount, payments.currency AS payments_currency, payments.network AS payments_network, payments.status AS payments_status, payments.error_message AS payments_error_message, payments.verification_method AS payments_verification_method, payments.verification_attempts AS payments_verification_attempts, payments.last_check_at AS payments_last_check_at, payments.created_at AS payments_created_at, payments.verified_at AS payments_verified_at 
FROM payments 
WHERE payments.status = ?]
[parameters: ('pending',)]
(Background on this error at: https://sqlalche.me/e/20/e3q8)
2026-08-16 20:20:59 | ERROR | Periodic check error: (sqlite3.OperationalError) no such column: payments.network
[SQL: SELECT payments.id AS payments_id, payments.user_id AS payments_user_id, payments.tx_hash AS payments_tx_hash, payments.amount AS payments_amount, payments.currency AS payments_currency, payments.network AS payments_network, payments.status AS payments_status, payments.error_message AS payments_error_message, payments.verification_method AS payments_verification_method, payments.verification_attempts AS payments_verification_attempts, payments.last_check_at AS payments_last_check_at, payments.created_at AS payments_created_at, payments.verified_at AS payments_verified_at 
FROM payments 
WHERE payments.status = ?]
[parameters: ('pending',)]
(Background on this error at: https://sqlalche.me/e/20/e3q8)
2026-08-16 20:21:29 | ERROR | Periodic check error: (sqlite3.OperationalError) no such column: payments.network
[SQL: SELECT payments.id AS payments_id, payments.user_id AS payments_user_id, payments.tx_hash AS payments_tx_hash, payments.amount AS payments_amount, payments.currency AS payments_currency, payments.network AS payments_network, payments.status AS payments_status, payments.error_message AS payments_error_message, payments.verification_method AS payments_verification_method, payments.verification_attempts AS payments_verification_attempts, payments.last_check_at AS payments_last_check_at, payments.created_at AS payments_created_at, payments.verified_at AS payments_verified_at 
FROM payments 
WHERE payments.status = ?]
[parameters: ('pending',)]
(Background on this error at: https://sqlalche.me/e/20/e3q8)
2026-08-16 20:21:59 | ERROR | Periodic check error: (sqlite3.OperationalError) no such column: payments.network
[SQL: SELECT payments.id AS payments_id, payments.user_id AS payments_user_id, payments.tx_hash AS payments_tx_hash, payments.amount AS payments_amount, payments.currency AS payments_currency, payments.network AS payments_network, payments.status AS payments_status, payments.error_message AS payments_error_message, payments.verification_method AS payments_verification_method, payments.verification_attempts AS payments_verification_attempts, payments.last_check_at AS payments_last_check_at, payments.created_at AS payments_created_at, payments.verified_at AS payments_verified_at 
FROM payments 
WHERE payments.status = ?]
[parameters: ('pending',)]
(Background on this error at: https://sqlalche.me/e/20/e3q8)
2026-08-16 20:22:29 | ERROR | Periodic check error: (sqlite3.OperationalError) no such column: payments.network
[SQL: SELECT payments.id AS payments_id, payments.user_id AS payments_user_id, payments.tx_hash AS payments_tx_hash, payments.amount AS payments_amount, payments.currency AS payments_currency, payments.network AS payments_network, payments.status AS payments_status, payments.error_message AS payments_error_message, payments.verification_method AS payments_verification_method, payments.verification_attempts AS payments_verification_attempts, payments.last_check_at AS payments_last_check_at, payments.created_at AS payments_created_at, payments.verified_at AS payments_verified_at 
FROM payments 
WHERE payments.status = ?]
[parameters: ('pending',)]
(Background on this error at: https://sqlalche.me/e/20/e3q8)
2026-08-16 20:22:59 | ERROR | Periodic check error: (sqlite3.OperationalError) no such column: payments.network
[SQL: SELECT payments.id AS payments_id, payments.user_id AS payments_user_id, payments.tx_hash AS payments_tx_hash, payments.amount AS payments_amount, payments.currency AS payments_currency, payments.network AS payments_network, payments.status AS payments_status, payments.error_message AS payments_error_message, payments.verification_method AS payments_verification_method, payments.verification_attempts AS payments_verification_attempts, payments.last_check_at AS payments_last_check_at, payments.created_at AS payments_created_at, payments.verified_at AS payments_verified_at 
FROM payments 
WHERE payments.status = ?]
[parameters: ('pending',)]
(Background on this error at: https://sqlalche.me/e/20/e3q8)
2026-08-16 20:23:29 | ERROR | Periodic check error: (sqlite3.OperationalError) no such column: payments.network
[SQL: SELECT payments.id AS payments_id, payments.user_id AS payments_user_id, payments.tx_hash AS payments_tx_hash, payments.amount AS payments_amount, payments.currency AS payments_currency, payments.network AS payments_network, payments.status AS payments_status, payments.error_message AS payments_error_message, payments.verification_method AS payments_verification_method, payments.verification_attempts AS payments_verification_attempts, payments.last_check_at AS payments_last_check_at, payments.created_at AS payments_created_at, payments.verified_at AS payments_verified_at 
FROM payments 
WHERE payments.status = ?]
[parameters: ('pending',)]
(Background on this error at: https://sqlalche.me/e/20/e3q8)
2026-08-16 20:23:59 | ERROR | Periodic check error: (sqlite3.OperationalError) no such column: payments.network
[SQL: SELECT payments.id AS payments_id, payments.user_id AS payments_user_id, payments.tx_hash AS payments_tx_hash, payments.amount AS payments_amount, payments.currency AS payments_currency, payments.network AS payments_network, payments.status AS payments_status, payments.error_message AS payments_error_message, payments.verification_method AS payments_verification_method, payments.verification_attempts AS payments_verification_attempts, payments.last_check_at AS payments_last_check_at, payments.created_at AS payments_created_at, payments.verified_at AS payments_verified_at 
FROM payments 
WHERE payments.status = ?]
[parameters: ('pending',)]
(Background on this error at: https://sqlalche.me/e/20/e3q8)
2026-08-16 20:24:29 | ERROR | Periodic check error: (sqlite3.OperationalError) no such column: payments.network
[SQL: SELECT payments.id AS payments_id, payments.user_id AS payments_user_id, payments.tx_hash AS payments_tx_hash, payments.amount AS payments_amount, payments.currency AS payments_currency, payments.network AS payments_network, payments.status AS payments_status, payments.error_message AS payments_error_message, payments.verification_method AS payments_verification_method, payments.verification_attempts AS payments_verification_attempts, payments.last_check_at AS payments_last_check_at, payments.created_at AS payments_created_at, payments.verified_at AS payments_verified_at 
FROM payments 
WHERE payments.status = ?]
[parameters: ('pending',)]
(Background on this error at: https://sqlalche.me/e/20/e3q8)
2026-08-16 20:24:59 | ERROR | Periodic check error: (sqlite3.OperationalError) no such column: payments.network
[SQL: SELECT payments.id AS payments_id, payments.user_id AS payments_user_id, payments.tx_hash AS payments_tx_hash, payments.amount AS payments_amount, payments.currency AS payments_currency, payments.network AS payments_network, payments.status AS payments_status, payments.error_message AS payments_error_message, payments.verification_method AS payments_verification_method, payments.verification_attempts AS payments_verification_attempts, payments.last_check_at AS payments_last_check_at, payments.created_at AS payments_created_at, payments.verified_at AS payments_verified_at 
FROM payments 
WHERE payments.status = ?]
[parameters: ('pending',)]
(Background on this error at: https://sqlalche.me/e/20/e3q8)
2026-08-16 20:25:29 | ERROR | Periodic check error: (sqlite3.OperationalError) no such column: payments.network
[SQL: SELECT payments.id AS payments_id, payments.user_id AS payments_user_id, payments.tx_hash AS payments_tx_hash, payments.amount AS payments_amount, payments.currency AS payments_currency, payments.network AS payments_network, payments.status AS payments_status, payments.error_message AS payments_error_message, payments.verification_method AS payments_verification_method, payments.verification_attempts AS payments_verification_attempts, payments.last_check_at AS payments_last_check_at, payments.created_at AS payments_created_at, payments.verified_at AS payments_verified_at 
FROM payments 
WHERE payments.status = ?]
[parameters: ('pending',)]
(Background on this error at: https://sqlalche.me/e/20/e3q8)
2026-08-16 20:25:59 | ERROR | Periodic check error: (sqlite3.OperationalError) no such column: payments.network
[SQL: SELECT payments.id AS payments_id, payments.user_id AS payments_user_id, payments.tx_hash AS payments_tx_hash, payments.amount AS payments_amount, payments.currency AS payments_currency, payments.network AS payments_network, payments.status AS payments_status, payments.error_message AS payments_error_message, payments.verification_method AS payments_verification_method, payments.verification_attempts AS payments_verification_attempts, payments.last_check_at AS payments_last_check_at, payments.created_at AS payments_created_at, payments.verified_at AS payments_verified_at 
FROM payments 
WHERE payments.status = ?]
[parameters: ('pending',)]
(Background on this error at: https://sqlalche.me/e/20/e3q8)
2026-08-16 20:26:29 | ERROR | Periodic check error: (sqlite3.OperationalError) no such column: payments.network
[SQL: SELECT payments.id AS payments_id, payments.user_id AS payments_user_id, payments.tx_hash AS payments_tx_hash, payments.amount AS payments_amount, payments.currency AS payments_currency, payments.network AS payments_network, payments.status AS payments_status, payments.error_message AS payments_error_message, payments.verification_method AS payments_verification_method, payments.verification_attempts AS payments_verification_attempts, payments.last_check_at AS payments_last_check_at, payments.created_at AS payments_created_at, payments.verified_at AS payments_verified_at 
FROM payments 
WHERE payments.status = ?]
[parameters: ('pending',)]
(Background on this error at: https://sqlalche.me/e/20/e3q8)
2026-08-16 20:26:59 | ERROR | Periodic check error: (sqlite3.OperationalError) no such column: payments.network
[SQL: SELECT payments.id AS payments_id, payments.user_id AS payments_user_id, payments.tx_hash AS payments_tx_hash, payments.amount AS payments_amount, payments.currency AS payments_currency, payments.network AS payments_network, payments.status AS payments_status, payments.error_message AS payments_error_message, payments.verification_method AS payments_verification_method, payments.verification_attempts AS payments_verification_attempts, payments.last_check_at AS payments_last_check_at, payments.created_at AS payments_created_at, payments.verified_at AS payments_verified_at 
FROM payments 
WHERE payments.status = ?]
[parameters: ('pending',)]
(Background on this error at: https://sqlalche.me/e/20/e3q8)
2026-08-16 20:27:29 | ERROR | Periodic check error: (sqlite3.OperationalError) no such column: payments.network
[SQL: SELECT payments.id AS payments_id, payments.user_id AS payments_user_id, payments.tx_hash AS payments_tx_hash, payments.amount AS payments_amount, payments.currency AS payments_currency, payments.network AS payments_network, payments.status AS payments_status, payments.error_message AS payments_error_message, payments.verification_method AS payments_verification_method, payments.verification_attempts AS payments_verification_attempts, payments.last_check_at AS payments_last_check_at, payments.created_at AS payments_created_at, payments.verified_at AS payments_verified_at 
FROM payments 
WHERE payments.status = ?]
[parameters: ('pending',)]
(Background on this error at: https://sqlalche.me/e/20/e3q8)
2026-08-16 20:27:59 | ERROR | Periodic check error: (sqlite3.OperationalError) no such column: payments.network
[SQL: SELECT payments.id AS payments_id, payments.user_id AS payments_user_id, payments.tx_hash AS payments_tx_hash, payments.amount AS payments_amount, payments.currency AS payments_currency, payments.network AS payments_network, payments.status AS payments_status, payments.error_message AS payments_error_message, payments.verification_method AS payments_verification_method, payments.verification_attempts AS payments_verification_attempts, payments.last_check_at AS payments_last_check_at, payments.created_at AS payments_created_at, payments.verified_at AS payments_verified_at 
FROM payments 
WHERE payments.status = ?]
[parameters: ('pending',)]
(Background on this error at: https://sqlalche.me/e/20/e3q8)
2026-08-16 20:28:29 | ERROR | Periodic check error: (sqlite3.OperationalError) no such column: payments.network
[SQL: SELECT payments.id AS payments_id, payments.user_id AS payments_user_id, payments.tx_hash AS payments_tx_hash, payments.amount AS payments_amount, payments.currency AS payments_currency, payments.network AS payments_network, payments.status AS payments_status, payments.error_message AS payments_error_message, payments.verification_method AS payments_verification_method, payments.verification_attempts AS payments_verification_attempts, payments.last_check_at AS payments_last_check_at, payments.created_at AS payments_created_at, payments.verified_at AS payments_verified_at 
FROM payments 
WHERE payments.status = ?]
[parameters: ('pending',)]
(Background on this error at: https://sqlalche.me/e/20/e3q8)
2026-08-16 20:28:59 | ERROR | Periodic check error: (sqlite3.OperationalError) no such column: payments.network
[SQL: SELECT payments.id AS payments_id, payments.user_id AS payments_user_id, payments.tx_hash AS payments_tx_hash, payments.amount AS payments_amount, payments.currency AS payments_currency, payments.network AS payments_network, payments.status AS payments_status, payments.error_message AS payments_error_message, payments.verification_method AS payments_verification_method, payments.verification_attempts AS payments_verification_attempts, payments.last_check_at AS payments_last_check_at, payments.created_at AS payments_created_at, payments.verified_at AS payments_verified_at 
FROM payments 
WHERE payments.status = ?]
[parameters: ('pending',)]
(Background on this error at: https://sqlalche.me/e/20/e3q8)
2026-08-16 20:29:29 | ERROR | Periodic check error: (sqlite3.OperationalError) no such column: payments.network
[SQL: SELECT payments.id AS payments_id, payments.user_id AS payments_user_id, payments.tx_hash AS payments_tx_hash, payments.amount AS payments_amount, payments.currency AS payments_currency, payments.network AS payments_network, payments.status AS payments_status, payments.error_message AS payments_error_message, payments.verification_method AS payments_verification_method, payments.verification_attempts AS payments_verification_attempts, payments.last_check_at AS payments_last_check_at, payments.created_at AS payments_created_at, payments.verified_at AS payments_verified_at 
FROM payments 
WHERE payments.status = ?]
[parameters: ('pending',)]
(Background on this error at: https://sqlalche.me/e/20/e3q8)
2026-08-16 20:29:59 | ERROR | Periodic check error: (sqlite3.OperationalError) no such column: payments.network
[SQL: SELECT payments.id AS payments_id, payments.user_id AS payments_user_id, payments.tx_hash AS payments_tx_hash, payments.amount AS payments_amount, payments.currency AS payments_currency, payments.network AS payments_network, payments.status AS payments_status, payments.error_message AS payments_error_message, payments.verification_method AS payments_verification_method, payments.verification_attempts AS payments_verification_attempts, payments.last_check_at AS payments_last_check_at, payments.created_at AS payments_created_at, payments.verified_at AS payments_verified_at 
FROM payments 
WHERE payments.status = ?]
[parameters: ('pending',)]
(Background on this error at: https://sqlalche.me/e/20/e3q8)
2026-08-16 20:30:29 | ERROR | Periodic check error: (sqlite3.OperationalError) no such column: payments.network
[SQL: SELECT payments.id AS payments_id, payments.user_id AS payments_user_id, payments.tx_hash AS payments_tx_hash, payments.amount AS payments_amount, payments.currency AS payments_currency, payments.network AS payments_network, payments.status AS payments_status, payments.error_message AS payments_error_message, payments.verification_method AS payments_verification_method, payments.verification_attempts AS payments_verification_attempts, payments.last_check_at AS payments_last_check_at, payments.created_at AS payments_created_at, payments.verified_at AS payments_verified_at 
FROM payments 
WHERE payments.status = ?]
[parameters: ('pending',)]
(Background on this error at: https://sqlalche.me/e/20/e3q8)
2026-08-16 20:30:59 | ERROR | Periodic check error: (sqlite3.OperationalError) no such column: payments.network
[SQL: SELECT payments.id AS payments_id, payments.user_id AS payments_user_id, payments.tx_hash AS payments_tx_hash, payments.amount AS payments_amount, payments.currency AS payments_currency, payments.network AS payments_network, payments.status AS payments_status, payments.error_message AS payments_error_message, payments.verification_method AS payments_verification_method, payments.verification_attempts AS payments_verification_attempts, payments.last_check_at AS payments_last_check_at, payments.created_at AS payments_created_at, payments.verified_at AS payments_verified_at 
FROM payments 
WHERE payments.status = ?]
[parameters: ('pending',)]
(Background on this error at: https://sqlalche.me/e/20/e3q8)
2026-08-16 20:31:29 | ERROR | Periodic check error: (sqlite3.OperationalError) no such column: payments.network
[SQL: SELECT payments.id AS payments_id, payments.user_id AS payments_user_id, payments.tx_hash AS payments_tx_hash, payments.amount AS payments_amount, payments.currency AS payments_currency, payments.network AS payments_network, payments.status AS payments_status, payments.error_message AS payments_error_message, payments.verification_method AS payments_verification_method, payments.verification_attempts AS payments_verification_attempts, payments.last_check_at AS payments_last_check_at, payments.created_at AS payments_created_at, payments.verified_at AS payments_verified_at 
FROM payments 
WHERE payments.status = ?]
[parameters: ('pending',)]
(Background on this error at: https://sqlalche.me/e/20/e3q8)
2026-08-16 20:31:59 | ERROR | Periodic check error: (sqlite3.OperationalError) no such column: payments.network
[SQL: SELECT payments.id AS payments_id, payments.user_id AS payments_user_id, payments.tx_hash AS payments_tx_hash, payments.amount AS payments_amount, payments.currency AS payments_currency, payments.network AS payments_network, payments.status AS payments_status, payments.error_message AS payments_error_message, payments.verification_method AS payments_verification_method, payments.verification_attempts AS payments_verification_attempts, payments.last_check_at AS payments_last_check_at, payments.created_at AS payments_created_at, payments.verified_at AS payments_verified_at 
FROM payments 
WHERE payments.status = ?]
[parameters: ('pending',)]
(Background on this error at: https://sqlalche.me/e/20/e3q8)
2026-08-16 20:32:29 | ERROR | Periodic check error: (sqlite3.OperationalError) no such column: payments.network
[SQL: SELECT payments.id AS payments_id, payments.user_id AS payments_user_id, payments.tx_hash AS payments_tx_hash, payments.amount AS payments_amount, payments.currency AS payments_currency, payments.network AS payments_network, payments.status AS payments_status, payments.error_message AS payments_error_message, payments.verification_method AS payments_verification_method, payments.verification_attempts AS payments_verification_attempts, payments.last_check_at AS payments_last_check_at, payments.created_at AS payments_created_at, payments.verified_at AS payments_verified_at 
FROM payments 
WHERE payments.status = ?]
[parameters: ('pending',)]
(Background on this error at: https://sqlalche.me/e/20/e3q8)
2026-08-16 20:32:59 | ERROR | Periodic check error: (sqlite3.OperationalError) no such column: payments.network
[SQL: SELECT payments.id AS payments_id, payments.user_id AS payments_user_id, payments.tx_hash AS payments_tx_hash, payments.amount AS payments_amount, payments.currency AS payments_currency, payments.network AS payments_network, payments.status AS payments_status, payments.error_message AS payments_error_message, payments.verification_method AS payments_verification_method, payments.verification_attempts AS payments_verification_attempts, payments.last_check_at AS payments_last_check_at, payments.created_at AS payments_created_at, payments.verified_at AS payments_verified_at 
FROM payments 
WHERE payments.status = ?]
[parameters: ('pending',)]
(Background on this error at: https://sqlalche.me/e/20/e3q8)
2026-08-16 20:33:29 | ERROR | Periodic check error: (sqlite3.OperationalError) no such column: payments.network
[SQL: SELECT payments.id AS payments_id, payments.user_id AS payments_user_id, payments.tx_hash AS payments_tx_hash, payments.amount AS payments_amount, payments.currency AS payments_currency, payments.network AS payments_network, payments.status AS payments_status, payments.error_message AS payments_error_message, payments.verification_method AS payments_verification_method, payments.verification_attempts AS payments_verification_attempts, payments.last_check_at AS payments_last_check_at, payments.created_at AS payments_created_at, payments.verified_at AS payments_verified_at 
FROM payments 
WHERE payments.status = ?]
[parameters: ('pending',)]
(Background on this error at: https://sqlalche.me/e/20/e3q8)
2026-08-16 20:33:59 | ERROR | Periodic check error: (sqlite3.OperationalError) no such column: payments.network
[SQL: SELECT payments.id AS payments_id, payments.user_id AS payments_user_id, payments.tx_hash AS payments_tx_hash, payments.amount AS payments_amount, payments.currency AS payments_currency, payments.network AS payments_network, payments.status AS payments_status, payments.error_message AS payments_error_message, payments.verification_method AS payments_verification_method, payments.verification_attempts AS payments_verification_attempts, payments.last_check_at AS payments_last_check_at, payments.created_at AS payments_created_at, payments.verified_at AS payments_verified_at 
FROM payments 
WHERE payments.status = ?]
[parameters: ('pending',)]
(Background on this error at: https://sqlalche.me/e/20/e3q8)
2026-08-16 20:34:29 | ERROR | Periodic check error: (sqlite3.OperationalError) no such column: payments.network
[SQL: SELECT payments.id AS payments_id, payments.user_id AS payments_user_id, payments.tx_hash AS payments_tx_hash, payments.amount AS payments_amount, payments.currency AS payments_currency, payments.network AS payments_network, payments.status AS payments_status, payments.error_message AS payments_error_message, payments.verification_method AS payments_verification_method, payments.verification_attempts AS payments_verification_attempts, payments.last_check_at AS payments_last_check_at, payments.created_at AS payments_created_at, payments.verified_at AS payments_verified_at 
FROM payments 
WHERE payments.status = ?]
[parameters: ('pending',)]
(Background on this error at: https://sqlalche.me/e/20/e3q8)
2026-08-16 20:34:59 | ERROR | Periodic check error: (sqlite3.OperationalError) no such column: payments.network
[SQL: SELECT payments.id AS payments_id, payments.user_id AS payments_user_id, payments.tx_hash AS payments_tx_hash, payments.amount AS payments_amount, payments.currency AS payments_currency, payments.network AS payments_network, payments.status AS payments_status, payments.error_message AS payments_error_message, payments.verification_method AS payments_verification_method, payments.verification_attempts AS payments_verification_attempts, payments.last_check_at AS payments_last_check_at, payments.created_at AS payments_created_at, payments.verified_at AS payments_verified_at 
FROM payments 
WHERE payments.status = ?]
[parameters: ('pending',)]
(Background on this error at: https://sqlalche.me/e/20/e3q8)
2026-08-16 20:35:29 | ERROR | Periodic check error: (sqlite3.OperationalError) no such column: payments.network
[SQL: SELECT payments.id AS payments_id, payments.user_id AS payments_user_id, payments.tx_hash AS payments_tx_hash, payments.amount AS payments_amount, payments.currency AS payments_currency, payments.network AS payments_network, payments.status AS payments_status, payments.error_message AS payments_error_message, payments.verification_method AS payments_verification_method, payments.verification_attempts AS payments_verification_attempts, payments.last_check_at AS payments_last_check_at, payments.created_at AS payments_created_at, payments.verified_at AS payments_verified_at 
FROM payments 
WHERE payments.status = ?]
[parameters: ('pending',)]
(Background on this error at: https://sqlalche.me/e/20/e3q8)
2026-08-16 20:35:59 | ERROR | Periodic check error: (sqlite3.OperationalError) no such column: payments.network
[SQL: SELECT payments.id AS payments_id, payments.user_id AS payments_user_id, payments.tx_hash AS payments_tx_hash, payments.amount AS payments_amount, payments.currency AS payments_currency, payments.network AS payments_network, payments.status AS payments_status, payments.error_message AS payments_error_message, payments.verification_method AS payments_verification_method, payments.verification_attempts AS payments_verification_attempts, payments.last_check_at AS payments_last_check_at, payments.created_at AS payments_created_at, payments.verified_at AS payments_verified_at 
FROM payments 
WHERE payments.status = ?]
[parameters: ('pending',)]
(Background on this error at: https://sqlalche.me/e/20/e3q8)
2026-08-16 20:36:29 | ERROR | Periodic check error: (sqlite3.OperationalError) no such column: payments.network
[SQL: SELECT payments.id AS payments_id, payments.user_id AS payments_user_id, payments.tx_hash AS payments_tx_hash, payments.amount AS payments_amount, payments.currency AS payments_currency, payments.network AS payments_network, payments.status AS payments_status, payments.error_message AS payments_error_message, payments.verification_method AS payments_verification_method, payments.verification_attempts AS payments_verification_attempts, payments.last_check_at AS payments_last_check_at, payments.created_at AS payments_created_at, payments.verified_at AS payments_verified_at 
FROM payments 
WHERE payments.status = ?]
[parameters: ('pending',)]
(Background on this error at: https://sqlalche.me/e/20/e3q8)
2026-08-16 20:36:59 | ERROR | Periodic check error: (sqlite3.OperationalError) no such column: payments.network
[SQL: SELECT payments.id AS payments_id, payments.user_id AS payments_user_id, payments.tx_hash AS payments_tx_hash, payments.amount AS payments_amount, payments.currency AS payments_currency, payments.network AS payments_network, payments.status AS payments_status, payments.error_message AS payments_error_message, payments.verification_method AS payments_verification_method, payments.verification_attempts AS payments_verification_attempts, payments.last_check_at AS payments_last_check_at, payments.created_at AS payments_created_at, payments.verified_at AS payments_verified_at 
FROM payments 
WHERE payments.status = ?]
[parameters: ('pending',)]
(Background on this error at: https://sqlalche.me/e/20/e3q8)
2026-08-16 20:37:29 | ERROR | Periodic check error: (sqlite3.OperationalError) no such column: payments.network
[SQL: SELECT payments.id AS payments_id, payments.user_id AS payments_user_id, payments.tx_hash AS payments_tx_hash, payments.amount AS payments_amount, payments.currency AS payments_currency, payments.network AS payments_network, payments.status AS payments_status, payments.error_message AS payments_error_message, payments.verification_method AS payments_verification_method, payments.verification_attempts AS payments_verification_attempts, payments.last_check_at AS payments_last_check_at, payments.created_at AS payments_created_at, payments.verified_at AS payments_verified_at 
FROM payments 
WHERE payments.status = ?]
[parameters: ('pending',)]
(Background on this error at: https://sqlalche.me/e/20/e3q8)
2026-08-16 20:37:59 | ERROR | Periodic check error: (sqlite3.OperationalError) no such column: payments.network
[SQL: SELECT payments.id AS payments_id, payments.user_id AS payments_user_id, payments.tx_hash AS payments_tx_hash, payments.amount AS payments_amount, payments.currency AS payments_currency, payments.network AS payments_network, payments.status AS payments_status, payments.error_message AS payments_error_message, payments.verification_method AS payments_verification_method, payments.verification_attempts AS payments_verification_attempts, payments.last_check_at AS payments_last_check_at, payments.created_at AS payments_created_at, payments.verified_at AS payments_verified_at 
FROM payments 
WHERE payments.status = ?]
[parameters: ('pending',)]
(Background on this error at: https://sqlalche.me/e/20/e3q8)
2026-08-16 20:38:59 | ERROR | Periodic check error: QueuePool limit of size 5 overflow 10 reached, connection timed out, timeout 30.00 (Background on this error at: https://sqlalche.me/e/20/3o7r)
2026-08-16 20:39:29 | ERROR | Periodic check error: (sqlite3.OperationalError) no such column: payments.network
[SQL: SELECT payments.id AS payments_id, payments.user_id AS payments_user_id, payments.tx_hash AS payments_tx_hash, payments.amount AS payments_amount, payments.currency AS payments_currency, payments.network AS payments_network, payments.status AS payments_status, payments.error_message AS payments_error_message, payments.verification_method AS payments_verification_method, payments.verification_attempts AS payments_verification_attempts, payments.last_check_at AS payments_last_check_at, payments.created_at AS payments_created_at, payments.verified_at AS payments_verified_at 
FROM payments 
WHERE payments.status = ?]
[parameters: ('pending',)]
(Background on this error at: https://sqlalche.me/e/20/e3q8)
2026-08-16 20:39:59 | ERROR | Periodic check error: (sqlite3.OperationalError) no such column: payments.network
[SQL: SELECT payments.id AS payments_id, payments.user_id AS payments_user_id, payments.tx_hash AS payments_tx_hash, payments.amount AS payments_amount, payments.currency AS payments_currency, payments.network AS payments_network, payments.status AS payments_status, payments.error_message AS payments_error_message, payments.verification_method AS payments_verification_method, payments.verification_attempts AS payments_verification_attempts, payments.last_check_at AS payments_last_check_at, payments.created_at AS payments_created_at, payments.verified_at AS payments_verified_at 
FROM payments 
WHERE payments.status = ?]
[parameters: ('pending',)]
(Background on this error at: https://sqlalche.me/e/20/e3q8)
2026-08-16 20:40:29 | ERROR | Periodic check error: (sqlite3.OperationalError) no such column: payments.network
[SQL: SELECT payments.id AS payments_id, payments.user_id AS payments_user_id, payments.tx_hash AS payments_tx_hash, payments.amount AS payments_amount, payments.currency AS payments_currency, payments.network AS payments_network, payments.status AS payments_status, payments.error_message AS payments_error_message, payments.verification_method AS payments_verification_method, payments.verification_attempts AS payments_verification_attempts, payments.last_check_at AS payments_last_check_at, payments.created_at AS payments_created_at, payments.verified_at AS payments_verified_at 
FROM payments 
WHERE payments.status = ?]
[parameters: ('pending',)]
(Background on this error at: https://sqlalche.me/e/20/e3q8)
2026-08-16 20:40:59 | ERROR | Periodic check error: (sqlite3.OperationalError) no such column: payments.network
[SQL: SELECT payments.id AS payments_id, payments.user_id AS payments_user_id, payments.tx_hash AS payments_tx_hash, payments.amount AS payments_amount, payments.currency AS payments_currency, payments.network AS payments_network, payments.status AS payments_status, payments.error_message AS payments_error_message, payments.verification_method AS payments_verification_method, payments.verification_attempts AS payments_verification_attempts, payments.last_check_at AS payments_last_check_at, payments.created_at AS payments_created_at, payments.verified_at AS payments_verified_at 
FROM payments 
WHERE payments.status = ?]
[parameters: ('pending',)]
(Background on this error at: https://sqlalche.me/e/20/e3q8)
2026-08-16 20:41:29 | ERROR | Periodic check error: (sqlite3.OperationalError) no such column: payments.network
[SQL: SELECT payments.id AS payments_id, payments.user_id AS payments_user_id, payments.tx_hash AS payments_tx_hash, payments.amount AS payments_amount, payments.currency AS payments_currency, payments.network AS payments_network, payments.status AS payments_status, payments.error_message AS payments_error_message, payments.verification_method AS payments_verification_method, payments.verification_attempts AS payments_verification_attempts, payments.last_check_at AS payments_last_check_at, payments.created_at AS payments_created_at, payments.verified_at AS payments_verified_at 
FROM payments 
WHERE payments.status = ?]
[parameters: ('pending',)]
(Background on this error at: https://sqlalche.me/e/20/e3q8)
2026-08-16 20:42:26 | ERROR | Periodic check error: (sqlite3.OperationalError) no such column: payments.network
[SQL: SELECT payments.id AS payments_id, payments.user_id AS payments_user_id, payments.tx_hash AS payments_tx_hash, payments.amount AS payments_amount, payments.currency AS payments_currency, payments.network AS payments_network, payments.status AS payments_status, payments.error_message AS payments_error_message, payments.verification_method AS payments_verification_method, payments.verification_attempts AS payments_verification_attempts, payments.last_check_at AS payments_last_check_at, payments.created_at AS payments_created_at, payments.verified_at AS payments_verified_at 
FROM payments 
WHERE payments.status = ?]
[parameters: ('pending',)]
(Background on this error at: https://sqlalche.me/e/20/e3q8)
2026-08-16 20:42:56 | ERROR | Periodic check error: (sqlite3.OperationalError) no such column: payments.network
[SQL: SELECT payments.id AS payments_id, payments.user_id AS payments_user_id, payments.tx_hash AS payments_tx_hash, payments.amount AS payments_amount, payments.currency AS payments_currency, payments.network AS payments_network, payments.status AS payments_status, payments.error_message AS payments_error_message, payments.verification_method AS payments_verification_method, payments.verification_attempts AS payments_verification_attempts, payments.last_check_at AS payments_last_check_at, payments.created_at AS payments_created_at, payments.verified_at AS payments_verified_at 
FROM payments 
WHERE payments.status = ?]
[parameters: ('pending',)]
(Background on this error at: https://sqlalche.me/e/20/e3q8)
2026-08-16 20:43:26 | ERROR | Periodic check error: (sqlite3.OperationalError) no such column: payments.network
[SQL: SELECT payments.id AS payments_id, payments.user_id AS payments_user_id, payments.tx_hash AS payments_tx_hash, payments.amount AS payments_amount, payments.currency AS payments_currency, payments.network AS payments_network, payments.status AS payments_status, payments.error_message AS payments_error_message, payments.verification_method AS payments_verification_method, payments.verification_attempts AS payments_verification_attempts, payments.last_check_at AS payments_last_check_at, payments.created_at AS payments_created_at, payments.verified_at AS payments_verified_at 
FROM payments 
WHERE payments.status = ?]
[parameters: ('pending',)]
(Background on this error at: https://sqlalche.me/e/20/e3q8)
2026-08-16 20:43:56 | ERROR | Periodic check error: (sqlite3.OperationalError) no such column: payments.network
[SQL: SELECT payments.id AS payments_id, payments.user_id AS payments_user_id, payments.tx_hash AS payments_tx_hash, payments.amount AS payments_amount, payments.currency AS payments_currency, payments.network AS payments_network, payments.status AS payments_status, payments.error_message AS payments_error_message, payments.verification_method AS payments_verification_method, payments.verification_attempts AS payments_verification_attempts, payments.last_check_at AS payments_last_check_at, payments.created_at AS payments_created_at, payments.verified_at AS payments_verified_at 
FROM payments 
WHERE payments.status = ?]
[parameters: ('pending',)]
(Background on this error at: https://sqlalche.me/e/20/e3q8)
2026-08-16 20:44:56 | ERROR | Periodic check error: QueuePool limit of size 5 overflow 10 reached, connection timed out, timeout 30.00 (Background on this error at: https://sqlalche.me/e/20/3o7r)
2026-08-16 20:45:26 | ERROR | Periodic check error: (sqlite3.OperationalError) no such column: payments.network
[SQL: SELECT payments.id AS payments_id, payments.user_id AS payments_user_id, payments.tx_hash AS payments_tx_hash, payments.amount AS payments_amount, payments.currency AS payments_currency, payments.network AS payments_network, payments.status AS payments_status, payments.error_message AS payments_error_message, payments.verification_method AS payments_verification_method, payments.verification_attempts AS payments_verification_attempts, payments.last_check_at AS payments_last_check_at, payments.created_at AS payments_created_at, payments.verified_at AS payments_verified_at 
FROM payments 
WHERE payments.status = ?]
[parameters: ('pending',)]
(Background on this error at: https://sqlalche.me/e/20/e3q8)
2026-08-16 20:45:56 | ERROR | Periodic check error: (sqlite3.OperationalError) no such column: payments.network
[SQL: SELECT payments.id AS payments_id, payments.user_id AS payments_user_id, payments.tx_hash AS payments_tx_hash, payments.amount AS payments_amount, payments.currency AS payments_currency, payments.network AS payments_network, payments.status AS payments_status, payments.error_message AS payments_error_message, payments.verification_method AS payments_verification_method, payments.verification_attempts AS payments_verification_attempts, payments.last_check_at AS payments_last_check_at, payments.created_at AS payments_created_at, payments.verified_at AS payments_verified_at 
FROM payments 
WHERE payments.status = ?]
[parameters: ('pending',)]
(Background on this error at: https://sqlalche.me/e/20/e3q8)
2026-08-16 20:46:26 | ERROR | Periodic check error: (sqlite3.OperationalError) no such column: payments.network
[SQL: SELECT payments.id AS payments_id, payments.user_id AS payments_user_id, payments.tx_hash AS payments_tx_hash, payments.amount AS payments_amount, payments.currency AS payments_currency, payments.network AS payments_network, payments.status AS payments_status, payments.error_message AS payments_error_message, payments.verification_method AS payments_verification_method, payments.verification_attempts AS payments_verification_attempts, payments.last_check_at AS payments_last_check_at, payments.created_at AS payments_created_at, payments.verified_at AS payments_verified_at 
FROM payments 
WHERE payments.status = ?]
[parameters: ('pending',)]
(Background on this error at: https://sqlalche.me/e/20/e3q8)
2026-08-16 20:46:47 | INFO | \U0001f6d1 Sweetsnipe server shutting down...
2026-08-16 20:46:47 | INFO | \u2705 Server shutdown complete
2026-08-17 06:01:05 | INFO | \U0001f680 Sweetsnipe server starting... (Environment: development)
2026-08-17 06:01:05 | INFO | \u2705 Server startup complete
2026-08-17 06:01:05 | ERROR | Periodic check error: (sqlite3.OperationalError) no such column: payments.network
[SQL: SELECT payments.id AS payments_id, payments.user_id AS payments_user_id, payments.tx_hash AS payments_tx_hash, payments.amount AS payments_amount, payments.currency AS payments_currency, payments.network AS payments_network, payments.status AS payments_status, payments.error_message AS payments_error_message, payments.verification_method AS payments_verification_method, payments.verification_attempts AS payments_verification_attempts, payments.last_check_at AS payments_last_check_at, payments.created_at AS payments_created_at, payments.verified_at AS payments_verified_at 
FROM payments 
WHERE payments.status = ?]
[parameters: ('pending',)]
(Background on this error at: https://sqlalche.me/e/20/e3q8)
2026-08-17 06:01:35 | ERROR | Periodic check error: (sqlite3.OperationalError) no such column: payments.network
[SQL: SELECT payments.id AS payments_id, payments.user_id AS payments_user_id, payments.tx_hash AS payments_tx_hash, payments.amount AS payments_amount, payments.currency AS payments_currency, payments.network AS payments_network, payments.status AS payments_status, payments.error_message AS payments_error_message, payments.verification_method AS payments_verification_method, payments.verification_attempts AS payments_verification_attempts, payments.last_check_at AS payments_last_check_at, payments.created_at AS payments_created_at, payments.verified_at AS payments_verified_at 
FROM payments 
WHERE payments.status = ?]
[parameters: ('pending',)]
(Background on this error at: https://sqlalche.me/e/20/e3q8)
2026-08-17 06:02:05 | ERROR | Periodic check error: (sqlite3.OperationalError) no such column: payments.network
[SQL: SELECT payments.id AS payments_id, payments.user_id AS payments_user_id, payments.tx_hash AS payments_tx_hash, payments.amount AS payments_amount, payments.currency AS payments_currency, payments.network AS payments_network, payments.status AS payments_status, payments.error_message AS payments_error_message, payments.verification_method AS payments_verification_method, payments.verification_attempts AS payments_verification_attempts, payments.last_check_at AS payments_last_check_at, payments.created_at AS payments_created_at, payments.verified_at AS payments_verified_at 
FROM payments 
WHERE payments.status = ?]
[parameters: ('pending',)]
(Background on this error at: https://sqlalche.me/e/20/e3q8)
2026-08-17 06:02:35 | ERROR | Periodic check error: (sqlite3.OperationalError) no such column: payments.network
[SQL: SELECT payments.id AS payments_id, payments.user_id AS payments_user_id, payments.tx_hash AS payments_tx_hash, payments.amount AS payments_amount, payments.currency AS payments_currency, payments.network AS payments_network, payments.status AS payments_status, payments.error_message AS payments_error_message, payments.verification_method AS payments_verification_method, payments.verification_attempts AS payments_verification_attempts, payments.last_check_at AS payments_last_check_at, payments.created_at AS payments_created_at, payments.verified_at AS payments_verified_at 
FROM payments 
WHERE payments.status = ?]
[parameters: ('pending',)]
(Background on this error at: https://sqlalche.me/e/20/e3q8)
2026-08-17 06:03:05 | ERROR | Periodic check error: (sqlite3.OperationalError) no such column: payments.network
[SQL: SELECT payments.id AS payments_id, payments.user_id AS payments_user_id, payments.tx_hash AS payments_tx_hash, payments.amount AS payments_amount, payments.currency AS payments_currency, payments.network AS payments_network, payments.status AS payments_status, payments.error_message AS payments_error_message, payments.verification_method AS payments_verification_method, payments.verification_attempts AS payments_verification_attempts, payments.last_check_at AS payments_last_check_at, payments.created_at AS payments_created_at, payments.verified_at AS payments_verified_at 
FROM payments 
WHERE payments.status = ?]
[parameters: ('pending',)]
(Background on this error at: https://sqlalche.me/e/20/e3q8)
2026-08-17 06:03:35 | ERROR | Periodic check error: (sqlite3.OperationalError) no such column: payments.network
[SQL: SELECT payments.id AS payments_id, payments.user_id AS payments_user_id, payments.tx_hash AS payments_tx_hash, payments.amount AS payments_amount, payments.currency AS payments_currency, payments.network AS payments_network, payments.status AS payments_status, payments.error_message AS payments_error_message, payments.verification_method AS payments_verification_method, payments.verification_attempts AS payments_verification_attempts, payments.last_check_at AS payments_last_check_at, payments.created_at AS payments_created_at, payments.verified_at AS payments_verified_at 
FROM payments 
WHERE payments.status = ?]
[parameters: ('pending',)]
(Background on this error at: https://sqlalche.me/e/20/e3q8)
2026-08-17 06:04:05 | ERROR | Periodic check error: (sqlite3.OperationalError) no such column: payments.network
[SQL: SELECT payments.id AS payments_id, payments.user_id AS payments_user_id, payments.tx_hash AS payments_tx_hash, payments.amount AS payments_amount, payments.currency AS payments_currency, payments.network AS payments_network, payments.status AS payments_status, payments.error_message AS payments_error_message, payments.verification_method AS payments_verification_method, payments.verification_attempts AS payments_verification_attempts, payments.last_check_at AS payments_last_check_at, payments.created_at AS payments_created_at, payments.verified_at AS payments_verified_at 
FROM payments 
WHERE payments.status = ?]
[parameters: ('pending',)]
(Background on this error at: https://sqlalche.me/e/20/e3q8)
2026-08-17 06:04:35 | ERROR | Periodic check error: (sqlite3.OperationalError) no such column: payments.network
[SQL: SELECT payments.id AS payments_id, payments.user_id AS payments_user_id, payments.tx_hash AS payments_tx_hash, payments.amount AS payments_amount, payments.currency AS payments_currency, payments.network AS payments_network, payments.status AS payments_status, payments.error_message AS payments_error_message, payments.verification_method AS payments_verification_method, payments.verification_attempts AS payments_verification_attempts, payments.last_check_at AS payments_last_check_at, payments.created_at AS payments_created_at, payments.verified_at AS payments_verified_at 
FROM payments 
WHERE payments.status = ?]
[parameters: ('pending',)]
(Background on this error at: https://sqlalche.me/e/20/e3q8)
2026-08-17 06:05:05 | ERROR | Periodic check error: (sqlite3.OperationalError) no such column: payments.network
[SQL: SELECT payments.id AS payments_id, payments.user_id AS payments_user_id, payments.tx_hash AS payments_tx_hash, payments.amount AS payments_amount, payments.currency AS payments_currency, payments.network AS payments_network, payments.status AS payments_status, payments.error_message AS payments_error_message, payments.verification_method AS payments_verification_method, payments.verification_attempts AS payments_verification_attempts, payments.last_check_at AS payments_last_check_at, payments.created_at AS payments_created_at, payments.verified_at AS payments_verified_at 
FROM payments 
WHERE payments.status = ?]
[parameters: ('pending',)]
(Background on this error at: https://sqlalche.me/e/20/e3q8)
2026-08-17 06:05:35 | ERROR | Periodic check error: (sqlite3.OperationalError) no such column: payments.network
[SQL: SELECT payments.id AS payments_id, payments.user_id AS payments_user_id, payments.tx_hash AS payments_tx_hash, payments.amount AS payments_amount, payments.currency AS payments_currency, payments.network AS payments_network, payments.status AS payments_status, payments.error_message AS payments_error_message, payments.verification_method AS payments_verification_method, payments.verification_attempts AS payments_verification_attempts, payments.last_check_at AS payments_last_check_at, payments.created_at AS payments_created_at, payments.verified_at AS payments_verified_at 
FROM payments 
WHERE payments.status = ?]
[parameters: ('pending',)]
(Background on this error at: https://sqlalche.me/e/20/e3q8)
2026-08-17 06:06:05 | ERROR | Periodic check error: (sqlite3.OperationalError) no such column: payments.network
[SQL: SELECT payments.id AS payments_id, payments.user_id AS payments_user_id, payments.tx_hash AS payments_tx_hash, payments.amount AS payments_amount, payments.currency AS payments_currency, payments.network AS payments_network, payments.status AS payments_status, payments.error_message AS payments_error_message, payments.verification_method AS payments_verification_method, payments.verification_attempts AS payments_verification_attempts, payments.last_check_at AS payments_last_check_at, payments.created_at AS payments_created_at, payments.verified_at AS payments_verified_at 
FROM payments 
WHERE payments.status = ?]
[parameters: ('pending',)]
(Background on this error at: https://sqlalche.me/e/20/e3q8)
2026-08-17 06:06:35 | ERROR | Periodic check error: (sqlite3.OperationalError) no such column: payments.network
[SQL: SELECT payments.id AS payments_id, payments.user_id AS payments_user_id, payments.tx_hash AS payments_tx_hash, payments.amount AS payments_amount, payments.currency AS payments_currency, payments.network AS payments_network, payments.status AS payments_status, payments.error_message AS payments_error_message, payments.verification_method AS payments_verification_method, payments.verification_attempts AS payments_verification_attempts, payments.last_check_at AS payments_last_check_at, payments.created_at AS payments_created_at, payments.verified_at AS payments_verified_at 
FROM payments 
WHERE payments.status = ?]
[parameters: ('pending',)]
(Background on this error at: https://sqlalche.me/e/20/e3q8)
2026-08-17 06:07:05 | ERROR | Periodic check error: (sqlite3.OperationalError) no such column: payments.network
[SQL: SELECT payments.id AS payments_id, payments.user_id AS payments_user_id, payments.tx_hash AS payments_tx_hash, payments.amount AS payments_amount, payments.currency AS payments_currency, payments.network AS payments_network, payments.status AS payments_status, payments.error_message AS payments_error_message, payments.verification_method AS payments_verification_method, payments.verification_attempts AS payments_verification_attempts, payments.last_check_at AS payments_last_check_at, payments.created_at AS payments_created_at, payments.verified_at AS payments_verified_at 
FROM payments 
WHERE payments.status = ?]
[parameters: ('pending',)]
(Background on this error at: https://sqlalche.me/e/20/e3q8)
2026-08-17 06:07:35 | ERROR | Periodic check error: (sqlite3.OperationalError) no such column: payments.network
[SQL: SELECT payments.id AS payments_id, payments.user_id AS payments_user_id, payments.tx_hash AS payments_tx_hash, payments.amount AS payments_amount, payments.currency AS payments_currency, payments.network AS payments_network, payments.status AS payments_status, payments.error_message AS payments_error_message, payments.verification_method AS payments_verification_method, payments.verification_attempts AS payments_verification_attempts, payments.last_check_at AS payments_last_check_at, payments.created_at AS payments_created_at, payments.verified_at AS payments_verified_at 
FROM payments 
WHERE payments.status = ?]
[parameters: ('pending',)]
(Background on this error at: https://sqlalche.me/e/20/e3q8)
2026-08-17 06:08:05 | ERROR | Periodic check error: (sqlite3.OperationalError) no such column: payments.network
[SQL: SELECT payments.id AS payments_id, payments.user_id AS payments_user_id, payments.tx_hash AS payments_tx_hash, payments.amount AS payments_amount, payments.currency AS payments_currency, payments.network AS payments_network, payments.status AS payments_status, payments.error_message AS payments_error_message, payments.verification_method AS payments_verification_method, payments.verification_attempts AS payments_verification_attempts, payments.last_check_at AS payments_last_check_at, payments.created_at AS payments_created_at, payments.verified_at AS payments_verified_at 
FROM payments 
WHERE payments.status = ?]
[parameters: ('pending',)]
(Background on this error at: https://sqlalche.me/e/20/e3q8)
2026-08-17 06:08:35 | ERROR | Periodic check error: (sqlite3.OperationalError) no such column: payments.network
[SQL: SELECT payments.id AS payments_id, payments.user_id AS payments_user_id, payments.tx_hash AS payments_tx_hash, payments.amount AS payments_amount, payments.currency AS payments_currency, payments.network AS payments_network, payments.status AS payments_status, payments.error_message AS payments_error_message, payments.verification_method AS payments_verification_method, payments.verification_attempts AS payments_verification_attempts, payments.last_check_at AS payments_last_check_at, payments.created_at AS payments_created_at, payments.verified_at AS payments_verified_at 
FROM payments 
WHERE payments.status = ?]
[parameters: ('pending',)]
(Background on this error at: https://sqlalche.me/e/20/e3q8)
2026-08-17 06:09:05 | ERROR | Periodic check error: (sqlite3.OperationalError) no such column: payments.network
[SQL: SELECT payments.id AS payments_id, payments.user_id AS payments_user_id, payments.tx_hash AS payments_tx_hash, payments.amount AS payments_amount, payments.currency AS payments_currency, payments.network AS payments_network, payments.status AS payments_status, payments.error_message AS payments_error_message, payments.verification_method AS payments_verification_method, payments.verification_attempts AS payments_verification_attempts, payments.last_check_at AS payments_last_check_at, payments.created_at AS payments_created_at, payments.verified_at AS payments_verified_at 
FROM payments 
WHERE payments.status = ?]
[parameters: ('pending',)]
(Background on this error at: https://sqlalche.me/e/20/e3q8)
2026-08-17 06:09:35 | ERROR | Periodic check error: (sqlite3.OperationalError) no such column: payments.network
[SQL: SELECT payments.id AS payments_id, payments.user_id AS payments_user_id, payments.tx_hash AS payments_tx_hash, payments.amount AS payments_amount, payments.currency AS payments_currency, payments.network AS payments_network, payments.status AS payments_status, payments.error_message AS payments_error_message, payments.verification_method AS payments_verification_method, payments.verification_attempts AS payments_verification_attempts, payments.last_check_at AS payments_last_check_at, payments.created_at AS payments_created_at, payments.verified_at AS payments_verified_at 
FROM payments 
WHERE payments.status = ?]
[parameters: ('pending',)]
(Background on this error at: https://sqlalche.me/e/20/e3q8)
2026-08-17 06:10:05 | ERROR | Periodic check error: (sqlite3.OperationalError) no such column: payments.network
[SQL: SELECT payments.id AS payments_id, payments.user_id AS payments_user_id, payments.tx_hash AS payments_tx_hash, payments.amount AS payments_amount, payments.currency AS payments_currency, payments.network AS payments_network, payments.status AS payments_status, payments.error_message AS payments_error_message, payments.verification_method AS payments_verification_method, payments.verification_attempts AS payments_verification_attempts, payments.last_check_at AS payments_last_check_at, payments.created_at AS payments_created_at, payments.verified_at AS payments_verified_at 
FROM payments 
WHERE payments.status = ?]
[parameters: ('pending',)]
(Background on this error at: https://sqlalche.me/e/20/e3q8)
2026-08-17 06:10:35 | ERROR | Periodic check error: (sqlite3.OperationalError) no such column: payments.network
[SQL: SELECT payments.id AS payments_id, payments.user_id AS payments_user_id, payments.tx_hash AS payments_tx_hash, payments.amount AS payments_amount, payments.currency AS payments_currency, payments.network AS payments_network, payments.status AS payments_status, payments.error_message AS payments_error_message, payments.verification_method AS payments_verification_method, payments.verification_attempts AS payments_verification_attempts, payments.last_check_at AS payments_last_check_at, payments.created_at AS payments_created_at, payments.verified_at AS payments_verified_at 
FROM payments 
WHERE payments.status = ?]
[parameters: ('pending',)]
(Background on this error at: https://sqlalche.me/e/20/e3q8)
2026-08-17 06:11:05 | ERROR | Periodic check error: (sqlite3.OperationalError) no such column: payments.network
[SQL: SELECT payments.id AS payments_id, payments.user_id AS payments_user_id, payments.tx_hash AS payments_tx_hash, payments.amount AS payments_amount, payments.currency AS payments_currency, payments.network AS payments_network, payments.status AS payments_status, payments.error_message AS payments_error_message, payments.verification_method AS payments_verification_method, payments.verification_attempts AS payments_verification_attempts, payments.last_check_at AS payments_last_check_at, payments.created_at AS payments_created_at, payments.verified_at AS payments_verified_at 
FROM payments 
WHERE payments.status = ?]
[parameters: ('pending',)]
(Background on this error at: https://sqlalche.me/e/20/e3q8)
2026-08-17 06:11:35 | ERROR | Periodic check error: (sqlite3.OperationalError) no such column: payments.network
[SQL: SELECT payments.id AS payments_id, payments.user_id AS payments_user_id, payments.tx_hash AS payments_tx_hash, payments.amount AS payments_amount, payments.currency AS payments_currency, payments.network AS payments_network, payments.status AS payments_status, payments.error_message AS payments_error_message, payments.verification_method AS payments_verification_method, payments.verification_attempts AS payments_verification_attempts, payments.last_check_at AS payments_last_check_at, payments.created_at AS payments_created_at, payments.verified_at AS payments_verified_at 
FROM payments 
WHERE payments.status = ?]
[parameters: ('pending',)]
(Background on this error at: https://sqlalche.me/e/20/e3q8)
2026-08-17 06:12:05 | ERROR | Periodic check error: (sqlite3.OperationalError) no such column: payments.network
[SQL: SELECT payments.id AS payments_id, payments.user_id AS payments_user_id, payments.tx_hash AS payments_tx_hash, payments.amount AS payments_amount, payments.currency AS payments_currency, payments.network AS payments_network, payments.status AS payments_status, payments.error_message AS payments_error_message, payments.verification_method AS payments_verification_method, payments.verification_attempts AS payments_verification_attempts, payments.last_check_at AS payments_last_check_at, payments.created_at AS payments_created_at, payments.verified_at AS payments_verified_at 
FROM payments 
WHERE payments.status = ?]
[parameters: ('pending',)]
(Background on this error at: https://sqlalche.me/e/20/e3q8)
2026-08-17 06:12:35 | ERROR | Periodic check error: (sqlite3.OperationalError) no such column: payments.network
[SQL: SELECT payments.id AS payments_id, payments.user_id AS payments_user_id, payments.tx_hash AS payments_tx_hash, payments.amount AS payments_amount, payments.currency AS payments_currency, payments.network AS payments_network, payments.status AS payments_status, payments.error_message AS payments_error_message, payments.verification_method AS payments_verification_method, payments.verification_attempts AS payments_verification_attempts, payments.last_check_at AS payments_last_check_at, payments.created_at AS payments_created_at, payments.verified_at AS payments_verified_at 
FROM payments 
WHERE payments.status = ?]
[parameters: ('pending',)]
(Background on this error at: https://sqlalche.me/e/20/e3q8)
2026-08-17 06:13:05 | ERROR | Periodic check error: (sqlite3.OperationalError) no such column: payments.network
[SQL: SELECT payments.id AS payments_id, payments.user_id AS payments_user_id, payments.tx_hash AS payments_tx_hash, payments.amount AS payments_amount, payments.currency AS payments_currency, payments.network AS payments_network, payments.status AS payments_status, payments.error_message AS payments_error_message, payments.verification_method AS payments_verification_method, payments.verification_attempts AS payments_verification_attempts, payments.last_check_at AS payments_last_check_at, payments.created_at AS payments_created_at, payments.verified_at AS payments_verified_at 
FROM payments 
WHERE payments.status = ?]
[parameters: ('pending',)]
(Background on this error at: https://sqlalche.me/e/20/e3q8)
2026-08-17 06:13:35 | ERROR | Periodic check error: (sqlite3.OperationalError) no such column: payments.network
[SQL: SELECT payments.id AS payments_id, payments.user_id AS payments_user_id, payments.tx_hash AS payments_tx_hash, payments.amount AS payments_amount, payments.currency AS payments_currency, payments.network AS payments_network, payments.status AS payments_status, payments.error_message AS payments_error_message, payments.verification_method AS payments_verification_method, payments.verification_attempts AS payments_verification_attempts, payments.last_check_at AS payments_last_check_at, payments.created_at AS payments_created_at, payments.verified_at AS payments_verified_at 
FROM payments 
WHERE payments.status = ?]
[parameters: ('pending',)]
(Background on this error at: https://sqlalche.me/e/20/e3q8)
2026-08-17 06:14:05 | ERROR | Periodic check error: (sqlite3.OperationalError) no such column: payments.network
[SQL: SELECT payments.id AS payments_id, payments.user_id AS payments_user_id, payments.tx_hash AS payments_tx_hash, payments.amount AS payments_amount, payments.currency AS payments_currency, payments.network AS payments_network, payments.status AS payments_status, payments.error_message AS payments_error_message, payments.verification_method AS payments_verification_method, payments.verification_attempts AS payments_verification_attempts, payments.last_check_at AS payments_last_check_at, payments.created_at AS payments_created_at, payments.verified_at AS payments_verified_at 
FROM payments 
WHERE payments.status = ?]
[parameters: ('pending',)]
(Background on this error at: https://sqlalche.me/e/20/e3q8)
2026-08-17 06:14:35 | ERROR | Periodic check error: (sqlite3.OperationalError) no such column: payments.network
[SQL: SELECT payments.id AS payments_id, payments.user_id AS payments_user_id, payments.tx_hash AS payments_tx_hash, payments.amount AS payments_amount, payments.currency AS payments_currency, payments.network AS payments_network, payments.status AS payments_status, payments.error_message AS payments_error_message, payments.verification_method AS payments_verification_method, payments.verification_attempts AS payments_verification_attempts, payments.last_check_at AS payments_last_check_at, payments.created_at AS payments_created_at, payments.verified_at AS payments_verified_at 
FROM payments 
WHERE payments.status = ?]
[parameters: ('pending',)]
(Background on this error at: https://sqlalche.me/e/20/e3q8)
2026-08-17 06:15:05 | ERROR | Periodic check error: (sqlite3.OperationalError) no such column: payments.network
[SQL: SELECT payments.id AS payments_id, payments.user_id AS payments_user_id, payments.tx_hash AS payments_tx_hash, payments.amount AS payments_amount, payments.currency AS payments_currency, payments.network AS payments_network, payments.status AS payments_status, payments.error_message AS payments_error_message, payments.verification_method AS payments_verification_method, payments.verification_attempts AS payments_verification_attempts, payments.last_check_at AS payments_last_check_at, payments.created_at AS payments_created_at, payments.verified_at AS payments_verified_at 
FROM payments 
WHERE payments.status = ?]
[parameters: ('pending',)]
(Background on this error at: https://sqlalche.me/e/20/e3q8)
2026-08-17 06:15:35 | ERROR | Periodic check error: (sqlite3.OperationalError) no such column: payments.network
[SQL: SELECT payments.id AS payments_id, payments.user_id AS payments_user_id, payments.tx_hash AS payments_tx_hash, payments.amount AS payments_amount, payments.currency AS payments_currency, payments.network AS payments_network, payments.status AS payments_status, payments.error_message AS payments_error_message, payments.verification_method AS payments_verification_method, payments.verification_attempts AS payments_verification_attempts, payments.last_check_at AS payments_last_check_at, payments.created_at AS payments_created_at, payments.verified_at AS payments_verified_at 
FROM payments 
WHERE payments.status = ?]
[parameters: ('pending',)]
(Background on this error at: https://sqlalche.me/e/20/e3q8)
2026-08-17 06:16:05 | ERROR | Periodic check error: (sqlite3.OperationalError) no such column: payments.network
[SQL: SELECT payments.id AS payments_id, payments.user_id AS payments_user_id, payments.tx_hash AS payments_tx_hash, payments.amount AS payments_amount, payments.currency AS payments_currency, payments.network AS payments_network, payments.status AS payments_status, payments.error_message AS payments_error_message, payments.verification_method AS payments_verification_method, payments.verification_attempts AS payments_verification_attempts, payments.last_check_at AS payments_last_check_at, payments.created_at AS payments_created_at, payments.verified_at AS payments_verified_at 
FROM payments 
WHERE payments.status = ?]
[parameters: ('pending',)]
(Background on this error at: https://sqlalche.me/e/20/e3q8)
2026-08-17 06:16:35 | ERROR | Periodic check error: (sqlite3.OperationalError) no such column: payments.network
[SQL: SELECT payments.id AS payments_id, payments.user_id AS payments_user_id, payments.tx_hash AS payments_tx_hash, payments.amount AS payments_amount, payments.currency AS payments_currency, payments.network AS payments_network, payments.status AS payments_status, payments.error_message AS payments_error_message, payments.verification_method AS payments_verification_method, payments.verification_attempts AS payments_verification_attempts, payments.last_check_at AS payments_last_check_at, payments.created_at AS payments_created_at, payments.verified_at AS payments_verified_at 
FROM payments 
WHERE payments.status = ?]
[parameters: ('pending',)]
(Background on this error at: https://sqlalche.me/e/20/e3q8)
2026-08-17 06:17:05 | ERROR | Periodic check error: (sqlite3.OperationalError) no such column: payments.network
[SQL: SELECT payments.id AS payments_id, payments.user_id AS payments_user_id, payments.tx_hash AS payments_tx_hash, payments.amount AS payments_amount, payments.currency AS payments_currency, payments.network AS payments_network, payments.status AS payments_status, payments.error_message AS payments_error_message, payments.verification_method AS payments_verification_method, payments.verification_attempts AS payments_verification_attempts, payments.last_check_at AS payments_last_check_at, payments.created_at AS payments_created_at, payments.verified_at AS payments_verified_at 
FROM payments 
WHERE payments.status = ?]
[parameters: ('pending',)]
(Background on this error at: https://sqlalche.me/e/20/e3q8)
2026-08-17 09:50:59 | ERROR | Periodic check error: (sqlite3.OperationalError) no such column: payments.network
[SQL: SELECT payments.id AS payments_id, payments.user_id AS payments_user_id, payments.tx_hash AS payments_tx_hash, payments.amount AS payments_amount, payments.currency AS payments_currency, payments.network AS payments_network, payments.status AS payments_status, payments.error_message AS payments_error_message, payments.verification_method AS payments_verification_method, payments.verification_attempts AS payments_verification_attempts, payments.last_check_at AS payments_last_check_at, payments.created_at AS payments_created_at, payments.verified_at AS payments_verified_at 
FROM payments 
WHERE payments.status = ?]
[parameters: ('pending',)]
(Background on this error at: https://sqlalche.me/e/20/e3q8)
2026-08-17 09:51:29 | ERROR | Periodic check error: (sqlite3.OperationalError) no such column: payments.network
[SQL: SELECT payments.id AS payments_id, payments.user_id AS payments_user_id, payments.tx_hash AS payments_tx_hash, payments.amount AS payments_amount, payments.currency AS payments_currency, payments.network AS payments_network, payments.status AS payments_status, payments.error_message AS payments_error_message, payments.verification_method AS payments_verification_method, payments.verification_attempts AS payments_verification_attempts, payments.last_check_at AS payments_last_check_at, payments.created_at AS payments_created_at, payments.verified_at AS payments_verified_at 
FROM payments 
WHERE payments.status = ?]
[parameters: ('pending',)]
(Background on this error at: https://sqlalche.me/e/20/e3q8)
2026-08-17 09:51:59 | ERROR | Periodic check error: (sqlite3.OperationalError) no such column: payments.network
[SQL: SELECT payments.id AS payments_id, payments.user_id AS payments_user_id, payments.tx_hash AS payments_tx_hash, payments.amount AS payments_amount, payments.currency AS payments_currency, payments.network AS payments_network, payments.status AS payments_status, payments.error_message AS payments_error_message, payments.verification_method AS payments_verification_method, payments.verification_attempts AS payments_verification_attempts, payments.last_check_at AS payments_last_check_at, payments.created_at AS payments_created_at, payments.verified_at AS payments_verified_at 
FROM payments 
WHERE payments.status = ?]
[parameters: ('pending',)]
(Background on this error at: https://sqlalche.me/e/20/e3q8)
2026-08-17 09:52:29 | ERROR | Periodic check error: (sqlite3.OperationalError) no such column: payments.network
[SQL: SELECT payments.id AS payments_id, payments.user_id AS payments_user_id, payments.tx_hash AS payments_tx_hash, payments.amount AS payments_amount, payments.currency AS payments_currency, payments.network AS payments_network, payments.status AS payments_status, payments.error_message AS payments_error_message, payments.verification_method AS payments_verification_method, payments.verification_attempts AS payments_verification_attempts, payments.last_check_at AS payments_last_check_at, payments.created_at AS payments_created_at, payments.verified_at AS payments_verified_at 
FROM payments 
WHERE payments.status = ?]
[parameters: ('pending',)]
(Background on this error at: https://sqlalche.me/e/20/e3q8)
2026-08-17 09:52:59 | ERROR | Periodic check error: (sqlite3.OperationalError) no such column: payments.network
[SQL: SELECT payments.id AS payments_id, payments.user_id AS payments_user_id, payments.tx_hash AS payments_tx_hash, payments.amount AS payments_amount, payments.currency AS payments_currency, payments.network AS payments_network, payments.status AS payments_status, payments.error_message AS payments_error_message, payments.verification_method AS payments_verification_method, payments.verification_attempts AS payments_verification_attempts, payments.last_check_at AS payments_last_check_at, payments.created_at AS payments_created_at, payments.verified_at AS payments_verified_at 
FROM payments 
WHERE payments.status = ?]
[parameters: ('pending',)]
(Background on this error at: https://sqlalche.me/e/20/e3q8)
2026-08-17 09:53:29 | ERROR | Periodic check error: (sqlite3.OperationalError) no such column: payments.network
[SQL: SELECT payments.id AS payments_id, payments.user_id AS payments_user_id, payments.tx_hash AS payments_tx_hash, payments.amount AS payments_amount, payments.currency AS payments_currency, payments.network AS payments_network, payments.status AS payments_status, payments.error_message AS payments_error_message, payments.verification_method AS payments_verification_method, payments.verification_attempts AS payments_verification_attempts, payments.last_check_at AS payments_last_check_at, payments.created_at AS payments_created_at, payments.verified_at AS payments_verified_at 
FROM payments 
WHERE payments.status = ?]
[parameters: ('pending',)]
(Background on this error at: https://sqlalche.me/e/20/e3q8)
2026-08-17 09:53:59 | ERROR | Periodic check error: (sqlite3.OperationalError) no such column: payments.network
[SQL: SELECT payments.id AS payments_id, payments.user_id AS payments_user_id, payments.tx_hash AS payments_tx_hash, payments.amount AS payments_amount, payments.currency AS payments_currency, payments.network AS payments_network, payments.status AS payments_status, payments.error_message AS payments_error_message, payments.verification_method AS payments_verification_method, payments.verification_attempts AS payments_verification_attempts, payments.last_check_at AS payments_last_check_at, payments.created_at AS payments_created_at, payments.verified_at AS payments_verified_at 
FROM payments 
WHERE payments.status = ?]
[parameters: ('pending',)]
(Background on this error at: https://sqlalche.me/e/20/e3q8)
2026-08-17 09:54:29 | ERROR | Periodic check error: (sqlite3.OperationalError) no such column: payments.network
[SQL: SELECT payments.id AS payments_id, payments.user_id AS payments_user_id, payments.tx_hash AS payments_tx_hash, payments.amount AS payments_amount, payments.currency AS payments_currency, payments.network AS payments_network, payments.status AS payments_status, payments.error_message AS payments_error_message, payments.verification_method AS payments_verification_method, payments.verification_attempts AS payments_verification_attempts, payments.last_check_at AS payments_last_check_at, payments.created_at AS payments_created_at, payments.verified_at AS payments_verified_at 
FROM payments 
WHERE payments.status = ?]
[parameters: ('pending',)]
(Background on this error at: https://sqlalche.me/e/20/e3q8)
2026-08-17 09:54:59 | ERROR | Periodic check error: (sqlite3.OperationalError) no such column: payments.network
[SQL: SELECT payments.id AS payments_id, payments.user_id AS payments_user_id, payments.tx_hash AS payments_tx_hash, payments.amount AS payments_amount, payments.currency AS payments_currency, payments.network AS payments_network, payments.status AS payments_status, payments.error_message AS payments_error_message, payments.verification_method AS payments_verification_method, payments.verification_attempts AS payments_verification_attempts, payments.last_check_at AS payments_last_check_at, payments.created_at AS payments_created_at, payments.verified_at AS payments_verified_at 
FROM payments 
WHERE payments.status = ?]
[parameters: ('pending',)]
(Background on this error at: https://sqlalche.me/e/20/e3q8)
2026-08-17 09:55:29 | ERROR | Periodic check error: (sqlite3.OperationalError) no such column: payments.network
[SQL: SELECT payments.id AS payments_id, payments.user_id AS payments_user_id, payments.tx_hash AS payments_tx_hash, payments.amount AS payments_amount, payments.currency AS payments_currency, payments.network AS payments_network, payments.status AS payments_status, payments.error_message AS payments_error_message, payments.verification_method AS payments_verification_method, payments.verification_attempts AS payments_verification_attempts, payments.last_check_at AS payments_last_check_at, payments.created_at AS payments_created_at, payments.verified_at AS payments_verified_at 
FROM payments 
WHERE payments.status = ?]
[parameters: ('pending',)]
(Background on this error at: https://sqlalche.me/e/20/e3q8)
2026-08-17 09:55:59 | ERROR | Periodic check error: (sqlite3.OperationalError) no such column: payments.network
[SQL: SELECT payments.id AS payments_id, payments.user_id AS payments_user_id, payments.tx_hash AS payments_tx_hash, payments.amount AS payments_amount, payments.currency AS payments_currency, payments.network AS payments_network, payments.status AS payments_status, payments.error_message AS payments_error_message, payments.verification_method AS payments_verification_method, payments.verification_attempts AS payments_verification_attempts, payments.last_check_at AS payments_last_check_at, payments.created_at AS payments_created_at, payments.verified_at AS payments_verified_at 
FROM payments 
WHERE payments.status = ?]
[parameters: ('pending',)]
(Background on this error at: https://sqlalche.me/e/20/e3q8)
2026-08-17 09:56:29 | ERROR | Periodic check error: (sqlite3.OperationalError) no such column: payments.network
[SQL: SELECT payments.id AS payments_id, payments.user_id AS payments_user_id, payments.tx_hash AS payments_tx_hash, payments.amount AS payments_amount, payments.currency AS payments_currency, payments.network AS payments_network, payments.status AS payments_status, payments.error_message AS payments_error_message, payments.verification_method AS payments_verification_method, payments.verification_attempts AS payments_verification_attempts, payments.last_check_at AS payments_last_check_at, payments.created_at AS payments_created_at, payments.verified_at AS payments_verified_at 
FROM payments 
WHERE payments.status = ?]
[parameters: ('pending',)]
(Background on this error at: https://sqlalche.me/e/20/e3q8)
2026-08-17 09:56:59 | ERROR | Periodic check error: (sqlite3.OperationalError) no such column: payments.network
[SQL: SELECT payments.id AS payments_id, payments.user_id AS payments_user_id, payments.tx_hash AS payments_tx_hash, payments.amount AS payments_amount, payments.currency AS payments_currency, payments.network AS payments_network, payments.status AS payments_status, payments.error_message AS payments_error_message, payments.verification_method AS payments_verification_method, payments.verification_attempts AS payments_verification_attempts, payments.last_check_at AS payments_last_check_at, payments.created_at AS payments_created_at, payments.verified_at AS payments_verified_at 
FROM payments 
WHERE payments.status = ?]
[parameters: ('pending',)]
(Background on this error at: https://sqlalche.me/e/20/e3q8)
2026-08-17 09:57:29 | ERROR | Periodic check error: (sqlite3.OperationalError) no such column: payments.network
[SQL: SELECT payments.id AS payments_id, payments.user_id AS payments_user_id, payments.tx_hash AS payments_tx_hash, payments.amount AS payments_amount, payments.currency AS payments_currency, payments.network AS payments_network, payments.status AS payments_status, payments.error_message AS payments_error_message, payments.verification_method AS payments_verification_method, payments.verification_attempts AS payments_verification_attempts, payments.last_check_at AS payments_last_check_at, payments.created_at AS payments_created_at, payments.verified_at AS payments_verified_at 
FROM payments 
WHERE payments.status = ?]
[parameters: ('pending',)]
(Background on this error at: https://sqlalche.me/e/20/e3q8)
2026-08-17 09:57:59 | ERROR | Periodic check error: (sqlite3.OperationalError) no such column: payments.network
[SQL: SELECT payments.id AS payments_id, payments.user_id AS payments_user_id, payments.tx_hash AS payments_tx_hash, payments.amount AS payments_amount, payments.currency AS payments_currency, payments.network AS payments_network, payments.status AS payments_status, payments.error_message AS payments_error_message, payments.verification_method AS payments_verification_method, payments.verification_attempts AS payments_verification_attempts, payments.last_check_at AS payments_last_check_at, payments.created_at AS payments_created_at, payments.verified_at AS payments_verified_at 
FROM payments 
WHERE payments.status = ?]
[parameters: ('pending',)]
(Background on this error at: https://sqlalche.me/e/20/e3q8)
2026-08-17 09:58:29 | ERROR | Periodic check error: (sqlite3.OperationalError) no such column: payments.network
[SQL: SELECT payments.id AS payments_id, payments.user_id AS payments_user_id, payments.tx_hash AS payments_tx_hash, payments.amount AS payments_amount, payments.currency AS payments_currency, payments.network AS payments_network, payments.status AS payments_status, payments.error_message AS payments_error_message, payments.verification_method AS payments_verification_method, payments.verification_attempts AS payments_verification_attempts, payments.last_check_at AS payments_last_check_at, payments.created_at AS payments_created_at, payments.verified_at AS payments_verified_at 
FROM payments 
WHERE payments.status = ?]
[parameters: ('pending',)]
(Background on this error at: https://sqlalche.me/e/20/e3q8)
2026-08-17 09:58:59 | ERROR | Periodic check error: (sqlite3.OperationalError) no such column: payments.network
[SQL: SELECT payments.id AS payments_id, payments.user_id AS payments_user_id, payments.tx_hash AS payments_tx_hash, payments.amount AS payments_amount, payments.currency AS payments_currency, payments.network AS payments_network, payments.status AS payments_status, payments.error_message AS payments_error_message, payments.verification_method AS payments_verification_method, payments.verification_attempts AS payments_verification_attempts, payments.last_check_at AS payments_last_check_at, payments.created_at AS payments_created_at, payments.verified_at AS payments_verified_at 
FROM payments 
WHERE payments.status = ?]
[parameters: ('pending',)]
(Background on this error at: https://sqlalche.me/e/20/e3q8)
2026-08-17 09:59:29 | ERROR | Periodic check error: (sqlite3.OperationalError) no such column: payments.network
[SQL: SELECT payments.id AS payments_id, payments.user_id AS payments_user_id, payments.tx_hash AS payments_tx_hash, payments.amount AS payments_amount, payments.currency AS payments_currency, payments.network AS payments_network, payments.status AS payments_status, payments.error_message AS payments_error_message, payments.verification_method AS payments_verification_method, payments.verification_attempts AS payments_verification_attempts, payments.last_check_at AS payments_last_check_at, payments.created_at AS payments_created_at, payments.verified_at AS payments_verified_at 
FROM payments 
WHERE payments.status = ?]
[parameters: ('pending',)]
(Background on this error at: https://sqlalche.me/e/20/e3q8)
2026-08-17 09:59:59 | ERROR | Periodic check error: (sqlite3.OperationalError) no such column: payments.network
[SQL: SELECT payments.id AS payments_id, payments.user_id AS payments_user_id, payments.tx_hash AS payments_tx_hash, payments.amount AS payments_amount, payments.currency AS payments_currency, payments.network AS payments_network, payments.status AS payments_status, payments.error_message AS payments_error_message, payments.verification_method AS payments_verification_method, payments.verification_attempts AS payments_verification_attempts, payments.last_check_at AS payments_last_check_at, payments.created_at AS payments_created_at, payments.verified_at AS payments_verified_at 
FROM payments 
WHERE payments.status = ?]
[parameters: ('pending',)]
(Background on this error at: https://sqlalche.me/e/20/e3q8)
2026-08-17 10:00:29 | ERROR | Periodic check error: (sqlite3.OperationalError) no such column: payments.network
[SQL: SELECT payments.id AS payments_id, payments.user_id AS payments_user_id, payments.tx_hash AS payments_tx_hash, payments.amount AS payments_amount, payments.currency AS payments_currency, payments.network AS payments_network, payments.status AS payments_status, payments.error_message AS payments_error_message, payments.verification_method AS payments_verification_method, payments.verification_attempts AS payments_verification_attempts, payments.last_check_at AS payments_last_check_at, payments.created_at AS payments_created_at, payments.verified_at AS payments_verified_at 
FROM payments 
WHERE payments.status = ?]
[parameters: ('pending',)]
(Background on this error at: https://sqlalche.me/e/20/e3q8)
2026-08-17 10:00:59 | ERROR | Periodic check error: (sqlite3.OperationalError) no such column: payments.network
[SQL: SELECT payments.id AS payments_id, payments.user_id AS payments_user_id, payments.tx_hash AS payments_tx_hash, payments.amount AS payments_amount, payments.currency AS payments_currency, payments.network AS payments_network, payments.status AS payments_status, payments.error_message AS payments_error_message, payments.verification_method AS payments_verification_method, payments.verification_attempts AS payments_verification_attempts, payments.last_check_at AS payments_last_check_at, payments.created_at AS payments_created_at, payments.verified_at AS payments_verified_at 
FROM payments 
WHERE payments.status = ?]
[parameters: ('pending',)]
(Background on this error at: https://sqlalche.me/e/20/e3q8)
2026-08-17 10:01:29 | ERROR | Periodic check error: (sqlite3.OperationalError) no such column: payments.network
[SQL: SELECT payments.id AS payments_id, payments.user_id AS payments_user_id, payments.tx_hash AS payments_tx_hash, payments.amount AS payments_amount, payments.currency AS payments_currency, payments.network AS payments_network, payments.status AS payments_status, payments.error_message AS payments_error_message, payments.verification_method AS payments_verification_method, payments.verification_attempts AS payments_verification_attempts, payments.last_check_at AS payments_last_check_at, payments.created_at AS payments_created_at, payments.verified_at AS payments_verified_at 
FROM payments 
WHERE payments.status = ?]
[parameters: ('pending',)]
(Background on this error at: https://sqlalche.me/e/20/e3q8)
2026-08-17 10:01:59 | ERROR | Periodic check error: (sqlite3.OperationalError) no such column: payments.network
[SQL: SELECT payments.id AS payments_id, payments.user_id AS payments_user_id, payments.tx_hash AS payments_tx_hash, payments.amount AS payments_amount, payments.currency AS payments_currency, payments.network AS payments_network, payments.status AS payments_status, payments.error_message AS payments_error_message, payments.verification_method AS payments_verification_method, payments.verification_attempts AS payments_verification_attempts, payments.last_check_at AS payments_last_check_at, payments.created_at AS payments_created_at, payments.verified_at AS payments_verified_at 
FROM payments 
WHERE payments.status = ?]
[parameters: ('pending',)]
(Background on this error at: https://sqlalche.me/e/20/e3q8)
2026-08-17 10:02:29 | ERROR | Periodic check error: (sqlite3.OperationalError) no such column: payments.network
[SQL: SELECT payments.id AS payments_id, payments.user_id AS payments_user_id, payments.tx_hash AS payments_tx_hash, payments.amount AS payments_amount, payments.currency AS payments_currency, payments.network AS payments_network, payments.status AS payments_status, payments.error_message AS payments_error_message, payments.verification_method AS payments_verification_method, payments.verification_attempts AS payments_verification_attempts, payments.last_check_at AS payments_last_check_at, payments.created_at AS payments_created_at, payments.verified_at AS payments_verified_at 
FROM payments 
WHERE payments.status = ?]
[parameters: ('pending',)]
(Background on this error at: https://sqlalche.me/e/20/e3q8)
2026-08-17 10:02:59 | ERROR | Periodic check error: (sqlite3.OperationalError) no such column: payments.network
[SQL: SELECT payments.id AS payments_id, payments.user_id AS payments_user_id, payments.tx_hash AS payments_tx_hash, payments.amount AS payments_amount, payments.currency AS payments_currency, payments.network AS payments_network, payments.status AS payments_status, payments.error_message AS payments_error_message, payments.verification_method AS payments_verification_method, payments.verification_attempts AS payments_verification_attempts, payments.last_check_at AS payments_last_check_at, payments.created_at AS payments_created_at, payments.verified_at AS payments_verified_at 
FROM payments 
WHERE payments.status = ?]
[parameters: ('pending',)]
(Background on this error at: https://sqlalche.me/e/20/e3q8)
2026-08-17 10:03:29 | ERROR | Periodic check error: (sqlite3.OperationalError) no such column: payments.network
[SQL: SELECT payments.id AS payments_id, payments.user_id AS payments_user_id, payments.tx_hash AS payments_tx_hash, payments.amount AS payments_amount, payments.currency AS payments_currency, payments.network AS payments_network, payments.status AS payments_status, payments.error_message AS payments_error_message, payments.verification_method AS payments_verification_method, payments.verification_attempts AS payments_verification_attempts, payments.last_check_at AS payments_last_check_at, payments.created_at AS payments_created_at, payments.verified_at AS payments_verified_at 
FROM payments 
WHERE payments.status = ?]
[parameters: ('pending',)]
(Background on this error at: https://sqlalche.me/e/20/e3q8)
2026-08-17 10:03:59 | ERROR | Periodic check error: (sqlite3.OperationalError) no such column: payments.network
[SQL: SELECT payments.id AS payments_id, payments.user_id AS payments_user_id, payments.tx_hash AS payments_tx_hash, payments.amount AS payments_amount, payments.currency AS payments_currency, payments.network AS payments_network, payments.status AS payments_status, payments.error_message AS payments_error_message, payments.verification_method AS payments_verification_method, payments.verification_attempts AS payments_verification_attempts, payments.last_check_at AS payments_last_check_at, payments.created_at AS payments_created_at, payments.verified_at AS payments_verified_at 
FROM payments 
WHERE payments.status = ?]
[parameters: ('pending',)]
(Background on this error at: https://sqlalche.me/e/20/e3q8)
2026-08-17 10:04:29 | ERROR | Periodic check error: (sqlite3.OperationalError) no such column: payments.network
[SQL: SELECT payments.id AS payments_id, payments.user_id AS payments_user_id, payments.tx_hash AS payments_tx_hash, payments.amount AS payments_amount, payments.currency AS payments_currency, payments.network AS payments_network, payments.status AS payments_status, payments.error_message AS payments_error_message, payments.verification_method AS payments_verification_method, payments.verification_attempts AS payments_verification_attempts, payments.last_check_at AS payments_last_check_at, payments.created_at AS payments_created_at, payments.verified_at AS payments_verified_at 
FROM payments 
WHERE payments.status = ?]
[parameters: ('pending',)]
(Background on this error at: https://sqlalche.me/e/20/e3q8)
2026-08-17 10:04:59 | ERROR | Periodic check error: (sqlite3.OperationalError) no such column: payments.network
[SQL: SELECT payments.id AS payments_id, payments.user_id AS payments_user_id, payments.tx_hash AS payments_tx_hash, payments.amount AS payments_amount, payments.currency AS payments_currency, payments.network AS payments_network, payments.status AS payments_status, payments.error_message AS payments_error_message, payments.verification_method AS payments_verification_method, payments.verification_attempts AS payments_verification_attempts, payments.last_check_at AS payments_last_check_at, payments.created_at AS payments_created_at, payments.verified_at AS payments_verified_at 
FROM payments 
WHERE payments.status = ?]
[parameters: ('pending',)]
(Background on this error at: https://sqlalche.me/e/20/e3q8)
2026-08-17 10:05:29 | ERROR | Periodic check error: (sqlite3.OperationalError) no such column: payments.network
[SQL: SELECT payments.id AS payments_id, payments.user_id AS payments_user_id, payments.tx_hash AS payments_tx_hash, payments.amount AS payments_amount, payments.currency AS payments_currency, payments.network AS payments_network, payments.status AS payments_status, payments.error_message AS payments_error_message, payments.verification_method AS payments_verification_method, payments.verification_attempts AS payments_verification_attempts, payments.last_check_at AS payments_last_check_at, payments.created_at AS payments_created_at, payments.verified_at AS payments_verified_at 
FROM payments 
WHERE payments.status = ?]
[parameters: ('pending',)]
(Background on this error at: https://sqlalche.me/e/20/e3q8)
2026-08-17 10:05:59 | ERROR | Periodic check error: (sqlite3.OperationalError) no such column: payments.network
[SQL: SELECT payments.id AS payments_id, payments.user_id AS payments_user_id, payments.tx_hash AS payments_tx_hash, payments.amount AS payments_amount, payments.currency AS payments_currency, payments.network AS payments_network, payments.status AS payments_status, payments.error_message AS payments_error_message, payments.verification_method AS payments_verification_method, payments.verification_attempts AS payments_verification_attempts, payments.last_check_at AS payments_last_check_at, payments.created_at AS payments_created_at, payments.verified_at AS payments_verified_at 
FROM payments 
WHERE payments.status = ?]
[parameters: ('pending',)]
(Background on this error at: https://sqlalche.me/e/20/e3q8)
2026-08-17 10:06:29 | ERROR | Periodic check error: (sqlite3.OperationalError) no such column: payments.network
[SQL: SELECT payments.id AS payments_id, payments.user_id AS payments_user_id, payments.tx_hash AS payments_tx_hash, payments.amount AS payments_amount, payments.currency AS payments_currency, payments.network AS payments_network, payments.status AS payments_status, payments.error_message AS payments_error_message, payments.verification_method AS payments_verification_method, payments.verification_attempts AS payments_verification_attempts, payments.last_check_at AS payments_last_check_at, payments.created_at AS payments_created_at, payments.verified_at AS payments_verified_at 
FROM payments 
WHERE payments.status = ?]
[parameters: ('pending',)]
(Background on this error at: https://sqlalche.me/e/20/e3q8)
2026-08-17 10:06:59 | ERROR | Periodic check error: (sqlite3.OperationalError) no such column: payments.network
[SQL: SELECT payments.id AS payments_id, payments.user_id AS payments_user_id, payments.tx_hash AS payments_tx_hash, payments.amount AS payments_amount, payments.currency AS payments_currency, payments.network AS payments_network, payments.status AS payments_status, payments.error_message AS payments_error_message, payments.verification_method AS payments_verification_method, payments.verification_attempts AS payments_verification_attempts, payments.last_check_at AS payments_last_check_at, payments.created_at AS payments_created_at, payments.verified_at AS payments_verified_at 
FROM payments 
WHERE payments.status = ?]
[parameters: ('pending',)]
(Background on this error at: https://sqlalche.me/e/20/e3q8)
2026-08-17 10:07:29 | ERROR | Periodic check error: (sqlite3.OperationalError) no such column: payments.network
[SQL: SELECT payments.id AS payments_id, payments.user_id AS payments_user_id, payments.tx_hash AS payments_tx_hash, payments.amount AS payments_amount, payments.currency AS payments_currency, payments.network AS payments_network, payments.status AS payments_status, payments.error_message AS payments_error_message, payments.verification_method AS payments_verification_method, payments.verification_attempts AS payments_verification_attempts, payments.last_check_at AS payments_last_check_at, payments.created_at AS payments_created_at, payments.verified_at AS payments_verified_at 
FROM payments 
WHERE payments.status = ?]
[parameters: ('pending',)]
(Background on this error at: https://sqlalche.me/e/20/e3q8)
2026-08-17 10:07:59 | ERROR | Periodic check error: (sqlite3.OperationalError) no such column: payments.network
[SQL: SELECT payments.id AS payments_id, payments.user_id AS payments_user_id, payments.tx_hash AS payments_tx_hash, payments.amount AS payments_amount, payments.currency AS payments_currency, payments.network AS payments_network, payments.status AS payments_status, payments.error_message AS payments_error_message, payments.verification_method AS payments_verification_method, payments.verification_attempts AS payments_verification_attempts, payments.last_check_at AS payments_last_check_at, payments.created_at AS payments_created_at, payments.verified_at AS payments_verified_at 
FROM payments 
WHERE payments.status = ?]
[parameters: ('pending',)]
(Background on this error at: https://sqlalche.me/e/20/e3q8)
2026-08-17 10:08:29 | ERROR | Periodic check error: (sqlite3.OperationalError) no such column: payments.network
[SQL: SELECT payments.id AS payments_id, payments.user_id AS payments_user_id, payments.tx_hash AS payments_tx_hash, payments.amount AS payments_amount, payments.currency AS payments_currency, payments.network AS payments_network, payments.status AS payments_status, payments.error_message AS payments_error_message, payments.verification_method AS payments_verification_method, payments.verification_attempts AS payments_verification_attempts, payments.last_check_at AS payments_last_check_at, payments.created_at AS payments_created_at, payments.verified_at AS payments_verified_at 
FROM payments 
WHERE payments.status = ?]
[parameters: ('pending',)]
(Background on this error at: https://sqlalche.me/e/20/e3q8)
2026-08-17 10:08:59 | ERROR | Periodic check error: (sqlite3.OperationalError) no such column: payments.network
[SQL: SELECT payments.id AS payments_id, payments.user_id AS payments_user_id, payments.tx_hash AS payments_tx_hash, payments.amount AS payments_amount, payments.currency AS payments_currency, payments.network AS payments_network, payments.status AS payments_status, payments.error_message AS payments_error_message, payments.verification_method AS payments_verification_method, payments.verification_attempts AS payments_verification_attempts, payments.last_check_at AS payments_last_check_at, payments.created_at AS payments_created_at, payments.verified_at AS payments_verified_at 
FROM payments 
WHERE payments.status = ?]
[parameters: ('pending',)]
(Background on this error at: https://sqlalche.me/e/20/e3q8)
2026-08-17 10:09:30 | ERROR | Periodic check error: (sqlite3.OperationalError) no such column: payments.network
[SQL: SELECT payments.id AS payments_id, payments.user_id AS payments_user_id, payments.tx_hash AS payments_tx_hash, payments.amount AS payments_amount, payments.currency AS payments_currency, payments.network AS payments_network, payments.status AS payments_status, payments.error_message AS payments_error_message, payments.verification_method AS payments_verification_method, payments.verification_attempts AS payments_verification_attempts, payments.last_check_at AS payments_last_check_at, payments.created_at AS payments_created_at, payments.verified_at AS payments_verified_at 
FROM payments 
WHERE payments.status = ?]
[parameters: ('pending',)]
(Background on this error at: https://sqlalche.me/e/20/e3q8)
2026-08-17 10:10:00 | ERROR | Periodic check error: (sqlite3.OperationalError) no such column: payments.network
[SQL: SELECT payments.id AS payments_id, payments.user_id AS payments_user_id, payments.tx_hash AS payments_tx_hash, payments.amount AS payments_amount, payments.currency AS payments_currency, payments.network AS payments_network, payments.status AS payments_status, payments.error_message AS payments_error_message, payments.verification_method AS payments_verification_method, payments.verification_attempts AS payments_verification_attempts, payments.last_check_at AS payments_last_check_at, payments.created_at AS payments_created_at, payments.verified_at AS payments_verified_at 
FROM payments 
WHERE payments.status = ?]
[parameters: ('pending',)]
(Background on this error at: https://sqlalche.me/e/20/e3q8)
2026-08-17 10:10:28 | ERROR | Periodic check error: (sqlite3.OperationalError) no such column: payments.network
[SQL: SELECT payments.id AS payments_id, payments.user_id AS payments_user_id, payments.tx_hash AS payments_tx_hash, payments.amount AS payments_amount, payments.currency AS payments_currency, payments.network AS payments_network, payments.status AS payments_status, payments.error_message AS payments_error_message, payments.verification_method AS payments_verification_method, payments.verification_attempts AS payments_verification_attempts, payments.last_check_at AS payments_last_check_at, payments.created_at AS payments_created_at, payments.verified_at AS payments_verified_at 
FROM payments 
WHERE payments.status = ?]
[parameters: ('pending',)]
(Background on this error at: https://sqlalche.me/e/20/e3q8)
2026-08-17 10:10:58 | ERROR | Periodic check error: (sqlite3.OperationalError) no such column: payments.network
[SQL: SELECT payments.id AS payments_id, payments.user_id AS payments_user_id, payments.tx_hash AS payments_tx_hash, payments.amount AS payments_amount, payments.currency AS payments_currency, payments.network AS payments_network, payments.status AS payments_status, payments.error_message AS payments_error_message, payments.verification_method AS payments_verification_method, payments.verification_attempts AS payments_verification_attempts, payments.last_check_at AS payments_last_check_at, payments.created_at AS payments_created_at, payments.verified_at AS payments_verified_at 
FROM payments 
WHERE payments.status = ?]
[parameters: ('pending',)]
(Background on this error at: https://sqlalche.me/e/20/e3q8)
2026-08-17 10:11:28 | ERROR | Periodic check error: (sqlite3.OperationalError) no such column: payments.network
[SQL: SELECT payments.id AS payments_id, payments.user_id AS payments_user_id, payments.tx_hash AS payments_tx_hash, payments.amount AS payments_amount, payments.currency AS payments_currency, payments.network AS payments_network, payments.status AS payments_status, payments.error_message AS payments_error_message, payments.verification_method AS payments_verification_method, payments.verification_attempts AS payments_verification_attempts, payments.last_check_at AS payments_last_check_at, payments.created_at AS payments_created_at, payments.verified_at AS payments_verified_at 
FROM payments 
WHERE payments.status = ?]
[parameters: ('pending',)]
(Background on this error at: https://sqlalche.me/e/20/e3q8)
2026-08-17 10:11:58 | ERROR | Periodic check error: (sqlite3.OperationalError) no such column: payments.network
[SQL: SELECT payments.id AS payments_id, payments.user_id AS payments_user_id, payments.tx_hash AS payments_tx_hash, payments.amount AS payments_amount, payments.currency AS payments_currency, payments.network AS payments_network, payments.status AS payments_status, payments.error_message AS payments_error_message, payments.verification_method AS payments_verification_method, payments.verification_attempts AS payments_verification_attempts, payments.last_check_at AS payments_last_check_at, payments.created_at AS payments_created_at, payments.verified_at AS payments_verified_at 
FROM payments 
WHERE payments.status = ?]
[parameters: ('pending',)]
(Background on this error at: https://sqlalche.me/e/20/e3q8)
2026-08-17 10:12:29 | ERROR | Periodic check error: (sqlite3.OperationalError) no such column: payments.network
[SQL: SELECT payments.id AS payments_id, payments.user_id AS payments_user_id, payments.tx_hash AS payments_tx_hash, payments.amount AS payments_amount, payments.currency AS payments_currency, payments.network AS payments_network, payments.status AS payments_status, payments.error_message AS payments_error_message, payments.verification_method AS payments_verification_method, payments.verification_attempts AS payments_verification_attempts, payments.last_check_at AS payments_last_check_at, payments.created_at AS payments_created_at, payments.verified_at AS payments_verified_at 
FROM payments 
WHERE payments.status = ?]
[parameters: ('pending',)]
(Background on this error at: https://sqlalche.me/e/20/e3q8)
2026-08-17 10:12:59 | ERROR | Periodic check error: (sqlite3.OperationalError) no such column: payments.network
[SQL: SELECT payments.id AS payments_id, payments.user_id AS payments_user_id, payments.tx_hash AS payments_tx_hash, payments.amount AS payments_amount, payments.currency AS payments_currency, payments.network AS payments_network, payments.status AS payments_status, payments.error_message AS payments_error_message, payments.verification_method AS payments_verification_method, payments.verification_attempts AS payments_verification_attempts, payments.last_check_at AS payments_last_check_at, payments.created_at AS payments_created_at, payments.verified_at AS payments_verified_at 
FROM payments 
WHERE payments.status = ?]
[parameters: ('pending',)]
(Background on this error at: https://sqlalche.me/e/20/e3q8)
2026-08-17 10:13:29 | ERROR | Periodic check error: (sqlite3.OperationalError) no such column: payments.network
[SQL: SELECT payments.id AS payments_id, payments.user_id AS payments_user_id, payments.tx_hash AS payments_tx_hash, payments.amount AS payments_amount, payments.currency AS payments_currency, payments.network AS payments_network, payments.status AS payments_status, payments.error_message AS payments_error_message, payments.verification_method AS payments_verification_method, payments.verification_attempts AS payments_verification_attempts, payments.last_check_at AS payments_last_check_at, payments.created_at AS payments_created_at, payments.verified_at AS payments_verified_at 
FROM payments 
WHERE payments.status = ?]
[parameters: ('pending',)]
(Background on this error at: https://sqlalche.me/e/20/e3q8)
2026-08-17 10:13:59 | ERROR | Periodic check error: (sqlite3.OperationalError) no such column: payments.network
[SQL: SELECT payments.id AS payments_id, payments.user_id AS payments_user_id, payments.tx_hash AS payments_tx_hash, payments.amount AS payments_amount, payments.currency AS payments_currency, payments.network AS payments_network, payments.status AS payments_status, payments.error_message AS payments_error_message, payments.verification_method AS payments_verification_method, payments.verification_attempts AS payments_verification_attempts, payments.last_check_at AS payments_last_check_at, payments.created_at AS payments_created_at, payments.verified_at AS payments_verified_at 
FROM payments 
WHERE payments.status = ?]
[parameters: ('pending',)]
(Background on this error at: https://sqlalche.me/e/20/e3q8)
2026-08-17 10:14:59 | ERROR | Periodic check error: QueuePool limit of size 5 overflow 10 reached, connection timed out, timeout 30.00 (Background on this error at: https://sqlalche.me/e/20/3o7r)
2026-08-17 10:15:29 | ERROR | Periodic check error: (sqlite3.OperationalError) no such column: payments.network
[SQL: SELECT payments.id AS payments_id, payments.user_id AS payments_user_id, payments.tx_hash AS payments_tx_hash, payments.amount AS payments_amount, payments.currency AS payments_currency, payments.network AS payments_network, payments.status AS payments_status, payments.error_message AS payments_error_message, payments.verification_method AS payments_verification_method, payments.verification_attempts AS payments_verification_attempts, payments.last_check_at AS payments_last_check_at, payments.created_at AS payments_created_at, payments.verified_at AS payments_verified_at 
FROM payments 
WHERE payments.status = ?]
[parameters: ('pending',)]
(Background on this error at: https://sqlalche.me/e/20/e3q8)
2026-08-17 10:15:59 | ERROR | Periodic check error: (sqlite3.OperationalError) no such column: payments.network
[SQL: SELECT payments.id AS payments_id, payments.user_id AS payments_user_id, payments.tx_hash AS payments_tx_hash, payments.amount AS payments_amount, payments.currency AS payments_currency, payments.network AS payments_network, payments.status AS payments_status, payments.error_message AS payments_error_message, payments.verification_method AS payments_verification_method, payments.verification_attempts AS payments_verification_attempts, payments.last_check_at AS payments_last_check_at, payments.created_at AS payments_created_at, payments.verified_at AS payments_verified_at 
FROM payments 
WHERE payments.status = ?]
[parameters: ('pending',)]
(Background on this error at: https://sqlalche.me/e/20/e3q8)
2026-08-17 10:16:29 | ERROR | Periodic check error: (sqlite3.OperationalError) no such column: payments.network
[SQL: SELECT payments.id AS payments_id, payments.user_id AS payments_user_id, payments.tx_hash AS payments_tx_hash, payments.amount AS payments_amount, payments.currency AS payments_currency, payments.network AS payments_network, payments.status AS payments_status, payments.error_message AS payments_error_message, payments.verification_method AS payments_verification_method, payments.verification_attempts AS payments_verification_attempts, payments.last_check_at AS payments_last_check_at, payments.created_at AS payments_created_at, payments.verified_at AS payments_verified_at 
FROM payments 
WHERE payments.status = ?]
[parameters: ('pending',)]
(Background on this error at: https://sqlalche.me/e/20/e3q8)
2026-08-17 10:16:59 | ERROR | Periodic check error: (sqlite3.OperationalError) no such column: payments.network
[SQL: SELECT payments.id AS payments_id, payments.user_id AS payments_user_id, payments.tx_hash AS payments_tx_hash, payments.amount AS payments_amount, payments.currency AS payments_currency, payments.network AS payments_network, payments.status AS payments_status, payments.error_message AS payments_error_message, payments.verification_method AS payments_verification_method, payments.verification_attempts AS payments_verification_attempts, payments.last_check_at AS payments_last_check_at, payments.created_at AS payments_created_at, payments.verified_at AS payments_verified_at 
FROM payments 
WHERE payments.status = ?]
[parameters: ('pending',)]
(Background on this error at: https://sqlalche.me/e/20/e3q8)
2026-08-17 10:17:29 | ERROR | Periodic check error: (sqlite3.OperationalError) no such column: payments.network
[SQL: SELECT payments.id AS payments_id, payments.user_id AS payments_user_id, payments.tx_hash AS payments_tx_hash, payments.amount AS payments_amount, payments.currency AS payments_currency, payments.network AS payments_network, payments.status AS payments_status, payments.error_message AS payments_error_message, payments.verification_method AS payments_verification_method, payments.verification_attempts AS payments_verification_attempts, payments.last_check_at AS payments_last_check_at, payments.created_at AS payments_created_at, payments.verified_at AS payments_verified_at 
FROM payments 
WHERE payments.status = ?]
[parameters: ('pending',)]
(Background on this error at: https://sqlalche.me/e/20/e3q8)
2026-08-17 10:17:59 | ERROR | Periodic check error: (sqlite3.OperationalError) no such column: payments.network
[SQL: SELECT payments.id AS payments_id, payments.user_id AS payments_user_id, payments.tx_hash AS payments_tx_hash, payments.amount AS payments_amount, payments.currency AS payments_currency, payments.network AS payments_network, payments.status AS payments_status, payments.error_message AS payments_error_message, payments.verification_method AS payments_verification_method, payments.verification_attempts AS payments_verification_attempts, payments.last_check_at AS payments_last_check_at, payments.created_at AS payments_created_at, payments.verified_at AS payments_verified_at 
FROM payments 
WHERE payments.status = ?]
[parameters: ('pending',)]
(Background on this error at: https://sqlalche.me/e/20/e3q8)
2026-08-17 10:18:29 | ERROR | Periodic check error: (sqlite3.OperationalError) no such column: payments.network
[SQL: SELECT payments.id AS payments_id, payments.user_id AS payments_user_id, payments.tx_hash AS payments_tx_hash, payments.amount AS payments_amount, payments.currency AS payments_currency, payments.network AS payments_network, payments.status AS payments_status, payments.error_message AS payments_error_message, payments.verification_method AS payments_verification_method, payments.verification_attempts AS payments_verification_attempts, payments.last_check_at AS payments_last_check_at, payments.created_at AS payments_created_at, payments.verified_at AS payments_verified_at 
FROM payments 
WHERE payments.status = ?]
[parameters: ('pending',)]
(Background on this error at: https://sqlalche.me/e/20/e3q8)
2026-08-17 10:18:59 | ERROR | Periodic check error: (sqlite3.OperationalError) no such column: payments.network
[SQL: SELECT payments.id AS payments_id, payments.user_id AS payments_user_id, payments.tx_hash AS payments_tx_hash, payments.amount AS payments_amount, payments.currency AS payments_currency, payments.network AS payments_network, payments.status AS payments_status, payments.error_message AS payments_error_message, payments.verification_method AS payments_verification_method, payments.verification_attempts AS payments_verification_attempts, payments.last_check_at AS payments_last_check_at, payments.created_at AS payments_created_at, payments.verified_at AS payments_verified_at 
FROM payments 
WHERE payments.status = ?]
[parameters: ('pending',)]
(Background on this error at: https://sqlalche.me/e/20/e3q8)
2026-08-17 10:19:29 | ERROR | Periodic check error: (sqlite3.OperationalError) no such column: payments.network
[SQL: SELECT payments.id AS payments_id, payments.user_id AS payments_user_id, payments.tx_hash AS payments_tx_hash, payments.amount AS payments_amount, payments.currency AS payments_currency, payments.network AS payments_network, payments.status AS payments_status, payments.error_message AS payments_error_message, payments.verification_method AS payments_verification_method, payments.verification_attempts AS payments_verification_attempts, payments.last_check_at AS payments_last_check_at, payments.created_at AS payments_created_at, payments.verified_at AS payments_verified_at 
FROM payments 
WHERE payments.status = ?]
[parameters: ('pending',)]
(Background on this error at: https://sqlalche.me/e/20/e3q8)
2026-08-17 10:20:23 | ERROR | Periodic check error: (sqlite3.OperationalError) no such column: payments.network
[SQL: SELECT payments.id AS payments_id, payments.user_id AS payments_user_id, payments.tx_hash AS payments_tx_hash, payments.amount AS payments_amount, payments.currency AS payments_currency, payments.network AS payments_network, payments.status AS payments_status, payments.error_message AS payments_error_message, payments.verification_method AS payments_verification_method, payments.verification_attempts AS payments_verification_attempts, payments.last_check_at AS payments_last_check_at, payments.created_at AS payments_created_at, payments.verified_at AS payments_verified_at 
FROM payments 
WHERE payments.status = ?]
[parameters: ('pending',)]
(Background on this error at: https://sqlalche.me/e/20/e3q8)
2026-08-17 10:20:53 | ERROR | Periodic check error: (sqlite3.OperationalError) no such column: payments.network
[SQL: SELECT payments.id AS payments_id, payments.user_id AS payments_user_id, payments.tx_hash AS payments_tx_hash, payments.amount AS payments_amount, payments.currency AS payments_currency, payments.network AS payments_network, payments.status AS payments_status, payments.error_message AS payments_error_message, payments.verification_method AS payments_verification_method, payments.verification_attempts AS payments_verification_attempts, payments.last_check_at AS payments_last_check_at, payments.created_at AS payments_created_at, payments.verified_at AS payments_verified_at 
FROM payments 
WHERE payments.status = ?]
[parameters: ('pending',)]
(Background on this error at: https://sqlalche.me/e/20/e3q8)
2026-08-17 10:21:23 | ERROR | Periodic check error: (sqlite3.OperationalError) no such column: payments.network
[SQL: SELECT payments.id AS payments_id, payments.user_id AS payments_user_id, payments.tx_hash AS payments_tx_hash, payments.amount AS payments_amount, payments.currency AS payments_currency, payments.network AS payments_network, payments.status AS payments_status, payments.error_message AS payments_error_message, payments.verification_method AS payments_verification_method, payments.verification_attempts AS payments_verification_attempts, payments.last_check_at AS payments_last_check_at, payments.created_at AS payments_created_at, payments.verified_at AS payments_verified_at 
FROM payments 
WHERE payments.status = ?]
[parameters: ('pending',)]
(Background on this error at: https://sqlalche.me/e/20/e3q8)
2026-08-17 10:21:53 | ERROR | Periodic check error: (sqlite3.OperationalError) no such column: payments.network
[SQL: SELECT payments.id AS payments_id, payments.user_id AS payments_user_id, payments.tx_hash AS payments_tx_hash, payments.amount AS payments_amount, payments.currency AS payments_currency, payments.network AS payments_network, payments.status AS payments_status, payments.error_message AS payments_error_message, payments.verification_method AS payments_verification_method, payments.verification_attempts AS payments_verification_attempts, payments.last_check_at AS payments_last_check_at, payments.created_at AS payments_created_at, payments.verified_at AS payments_verified_at 
FROM payments 
WHERE payments.status = ?]
[parameters: ('pending',)]
(Background on this error at: https://sqlalche.me/e/20/e3q8)
2026-08-17 10:22:23 | ERROR | Periodic check error: (sqlite3.OperationalError) no such column: payments.network
[SQL: SELECT payments.id AS payments_id, payments.user_id AS payments_user_id, payments.tx_hash AS payments_tx_hash, payments.amount AS payments_amount, payments.currency AS payments_currency, payments.network AS payments_network, payments.status AS payments_status, payments.error_message AS payments_error_message, payments.verification_method AS payments_verification_method, payments.verification_attempts AS payments_verification_attempts, payments.last_check_at AS payments_last_check_at, payments.created_at AS payments_created_at, payments.verified_at AS payments_verified_at 
FROM payments 
WHERE payments.status = ?]
[parameters: ('pending',)]
(Background on this error at: https://sqlalche.me/e/20/e3q8)
2026-08-17 10:22:53 | ERROR | Periodic check error: (sqlite3.OperationalError) no such column: payments.network
[SQL: SELECT payments.id AS payments_id, payments.user_id AS payments_user_id, payments.tx_hash AS payments_tx_hash, payments.amount AS payments_amount, payments.currency AS payments_currency, payments.network AS payments_network, payments.status AS payments_status, payments.error_message AS payments_error_message, payments.verification_method AS payments_verification_method, payments.verification_attempts AS payments_verification_attempts, payments.last_check_at AS payments_last_check_at, payments.created_at AS payments_created_at, payments.verified_at AS payments_verified_at 
FROM payments 
WHERE payments.status = ?]
[parameters: ('pending',)]
(Background on this error at: https://sqlalche.me/e/20/e3q8)
2026-08-17 10:23:23 | ERROR | Periodic check error: (sqlite3.OperationalError) no such column: payments.network
[SQL: SELECT payments.id AS payments_id, payments.user_id AS payments_user_id, payments.tx_hash AS payments_tx_hash, payments.amount AS payments_amount, payments.currency AS payments_currency, payments.network AS payments_network, payments.status AS payments_status, payments.error_message AS payments_error_message, payments.verification_method AS payments_verification_method, payments.verification_attempts AS payments_verification_attempts, payments.last_check_at AS payments_last_check_at, payments.created_at AS payments_created_at, payments.verified_at AS payments_verified_at 
FROM payments 
WHERE payments.status = ?]
[parameters: ('pending',)]
(Background on this error at: https://sqlalche.me/e/20/e3q8)
2026-08-17 10:23:53 | ERROR | Periodic check error: (sqlite3.OperationalError) no such column: payments.network
[SQL: SELECT payments.id AS payments_id, payments.user_id AS payments_user_id, payments.tx_hash AS payments_tx_hash, payments.amount AS payments_amount, payments.currency AS payments_currency, payments.network AS payments_network, payments.status AS payments_status, payments.error_message AS payments_error_message, payments.verification_method AS payments_verification_method, payments.verification_attempts AS payments_verification_attempts, payments.last_check_at AS payments_last_check_at, payments.created_at AS payments_created_at, payments.verified_at AS payments_verified_at 
FROM payments 
WHERE payments.status = ?]
[parameters: ('pending',)]
(Background on this error at: https://sqlalche.me/e/20/e3q8)
2026-08-17 10:24:23 | ERROR | Periodic check error: (sqlite3.OperationalError) no such column: payments.network
[SQL: SELECT payments.id AS payments_id, payments.user_id AS payments_user_id, payments.tx_hash AS payments_tx_hash, payments.amount AS payments_amount, payments.currency AS payments_currency, payments.network AS payments_network, payments.status AS payments_status, payments.error_message AS payments_error_message, payments.verification_method AS payments_verification_method, payments.verification_attempts AS payments_verification_attempts, payments.last_check_at AS payments_last_check_at, payments.created_at AS payments_created_at, payments.verified_at AS payments_verified_at 
FROM payments 
WHERE payments.status = ?]
[parameters: ('pending',)]
(Background on this error at: https://sqlalche.me/e/20/e3q8)
2026-08-17 10:24:53 | ERROR | Periodic check error: (sqlite3.OperationalError) no such column: payments.network
[SQL: SELECT payments.id AS payments_id, payments.user_id AS payments_user_id, payments.tx_hash AS payments_tx_hash, payments.amount AS payments_amount, payments.currency AS payments_currency, payments.network AS payments_network, payments.status AS payments_status, payments.error_message AS payments_error_message, payments.verification_method AS payments_verification_method, payments.verification_attempts AS payments_verification_attempts, payments.last_check_at AS payments_last_check_at, payments.created_at AS payments_created_at, payments.verified_at AS payments_verified_at 
FROM payments 
WHERE payments.status = ?]
[parameters: ('pending',)]
(Background on this error at: https://sqlalche.me/e/20/e3q8)
2026-08-17 10:25:23 | ERROR | Periodic check error: (sqlite3.OperationalError) no such column: payments.network
[SQL: SELECT payments.id AS payments_id, payments.user_id AS payments_user_id, payments.tx_hash AS payments_tx_hash, payments.amount AS payments_amount, payments.currency AS payments_currency, payments.network AS payments_network, payments.status AS payments_status, payments.error_message AS payments_error_message, payments.verification_method AS payments_verification_method, payments.verification_attempts AS payments_verification_attempts, payments.last_check_at AS payments_last_check_at, payments.created_at AS payments_created_at, payments.verified_at AS payments_verified_at 
FROM payments 
WHERE payments.status = ?]
[parameters: ('pending',)]
(Background on this error at: https://sqlalche.me/e/20/e3q8)
2026-08-17 10:25:54 | ERROR | Periodic check error: (sqlite3.OperationalError) no such column: payments.network
[SQL: SELECT payments.id AS payments_id, payments.user_id AS payments_user_id, payments.tx_hash AS payments_tx_hash, payments.amount AS payments_amount, payments.currency AS payments_currency, payments.network AS payments_network, payments.status AS payments_status, payments.error_message AS payments_error_message, payments.verification_method AS payments_verification_method, payments.verification_attempts AS payments_verification_attempts, payments.last_check_at AS payments_last_check_at, payments.created_at AS payments_created_at, payments.verified_at AS payments_verified_at 
FROM payments 
WHERE payments.status = ?]
[parameters: ('pending',)]
(Background on this error at: https://sqlalche.me/e/20/e3q8)
2026-08-17 10:26:24 | ERROR | Periodic check error: (sqlite3.OperationalError) no such column: payments.network
[SQL: SELECT payments.id AS payments_id, payments.user_id AS payments_user_id, payments.tx_hash AS payments_tx_hash, payments.amount AS payments_amount, payments.currency AS payments_currency, payments.network AS payments_network, payments.status AS payments_status, payments.error_message AS payments_error_message, payments.verification_method AS payments_verification_method, payments.verification_attempts AS payments_verification_attempts, payments.last_check_at AS payments_last_check_at, payments.created_at AS payments_created_at, payments.verified_at AS payments_verified_at 
FROM payments 
WHERE payments.status = ?]
[parameters: ('pending',)]
(Background on this error at: https://sqlalche.me/e/20/e3q8)
2026-08-17 10:26:54 | ERROR | Periodic check error: (sqlite3.OperationalError) no such column: payments.network
[SQL: SELECT payments.id AS payments_id, payments.user_id AS payments_user_id, payments.tx_hash AS payments_tx_hash, payments.amount AS payments_amount, payments.currency AS payments_currency, payments.network AS payments_network, payments.status AS payments_status, payments.error_message AS payments_error_message, payments.verification_method AS payments_verification_method, payments.verification_attempts AS payments_verification_attempts, payments.last_check_at AS payments_last_check_at, payments.created_at AS payments_created_at, payments.verified_at AS payments_verified_at 
FROM payments 
WHERE payments.status = ?]
[parameters: ('pending',)]
(Background on this error at: https://sqlalche.me/e/20/e3q8)
2026-08-17 10:27:24 | ERROR | Periodic check error: (sqlite3.OperationalError) no such column: payments.network
[SQL: SELECT payments.id AS payments_id, payments.user_id AS payments_user_id, payments.tx_hash AS payments_tx_hash, payments.amount AS payments_amount, payments.currency AS payments_currency, payments.network AS payments_network, payments.status AS payments_status, payments.error_message AS payments_error_message, payments.verification_method AS payments_verification_method, payments.verification_attempts AS payments_verification_attempts, payments.last_check_at AS payments_last_check_at, payments.created_at AS payments_created_at, payments.verified_at AS payments_verified_at 
FROM payments 
WHERE payments.status = ?]
[parameters: ('pending',)]
(Background on this error at: https://sqlalche.me/e/20/e3q8)
2026-08-17 10:27:54 | ERROR | Periodic check error: (sqlite3.OperationalError) no such column: payments.network
[SQL: SELECT payments.id AS payments_id, payments.user_id AS payments_user_id, payments.tx_hash AS payments_tx_hash, payments.amount AS payments_amount, payments.currency AS payments_currency, payments.network AS payments_network, payments.status AS payments_status, payments.error_message AS payments_error_message, payments.verification_method AS payments_verification_method, payments.verification_attempts AS payments_verification_attempts, payments.last_check_at AS payments_last_check_at, payments.created_at AS payments_created_at, payments.verified_at AS payments_verified_at 
FROM payments 
WHERE payments.status = ?]
[parameters: ('pending',)]
(Background on this error at: https://sqlalche.me/e/20/e3q8)
2026-08-17 10:28:24 | ERROR | Periodic check error: (sqlite3.OperationalError) no such column: payments.network
[SQL: SELECT payments.id AS payments_id, payments.user_id AS payments_user_id, payments.tx_hash AS payments_tx_hash, payments.amount AS payments_amount, payments.currency AS payments_currency, payments.network AS payments_network, payments.status AS payments_status, payments.error_message AS payments_error_message, payments.verification_method AS payments_verification_method, payments.verification_attempts AS payments_verification_attempts, payments.last_check_at AS payments_last_check_at, payments.created_at AS payments_created_at, payments.verified_at AS payments_verified_at 
FROM payments 
WHERE payments.status = ?]
[parameters: ('pending',)]
(Background on this error at: https://sqlalche.me/e/20/e3q8)
2026-08-17 10:28:54 | ERROR | Periodic check error: (sqlite3.OperationalError) no such column: payments.network
[SQL: SELECT payments.id AS payments_id, payments.user_id AS payments_user_id, payments.tx_hash AS payments_tx_hash, payments.amount AS payments_amount, payments.currency AS payments_currency, payments.network AS payments_network, payments.status AS payments_status, payments.error_message AS payments_error_message, payments.verification_method AS payments_verification_method, payments.verification_attempts AS payments_verification_attempts, payments.last_check_at AS payments_last_check_at, payments.created_at AS payments_created_at, payments.verified_at AS payments_verified_at 
FROM payments 
WHERE payments.status = ?]
[parameters: ('pending',)]
(Background on this error at: https://sqlalche.me/e/20/e3q8)
2026-08-17 10:29:24 | ERROR | Periodic check error: (sqlite3.OperationalError) no such column: payments.network
[SQL: SELECT payments.id AS payments_id, payments.user_id AS payments_user_id, payments.tx_hash AS payments_tx_hash, payments.amount AS payments_amount, payments.currency AS payments_currency, payments.network AS payments_network, payments.status AS payments_status, payments.error_message AS payments_error_message, payments.verification_method AS payments_verification_method, payments.verification_attempts AS payments_verification_attempts, payments.last_check_at AS payments_last_check_at, payments.created_at AS payments_created_at, payments.verified_at AS payments_verified_at 
FROM payments 
WHERE payments.status = ?]
[parameters: ('pending',)]
(Background on this error at: https://sqlalche.me/e/20/e3q8)
2026-08-17 10:29:54 | ERROR | Periodic check error: (sqlite3.OperationalError) no such column: payments.network
[SQL: SELECT payments.id AS payments_id, payments.user_id AS payments_user_id, payments.tx_hash AS payments_tx_hash, payments.amount AS payments_amount, payments.currency AS payments_currency, payments.network AS payments_network, payments.status AS payments_status, payments.error_message AS payments_error_message, payments.verification_method AS payments_verification_method, payments.verification_attempts AS payments_verification_attempts, payments.last_check_at AS payments_last_check_at, payments.created_at AS payments_created_at, payments.verified_at AS payments_verified_at 
FROM payments 
WHERE payments.status = ?]
[parameters: ('pending',)]
(Background on this error at: https://sqlalche.me/e/20/e3q8)
2026-08-17 10:30:24 | ERROR | Periodic check error: (sqlite3.OperationalError) no such column: payments.network
[SQL: SELECT payments.id AS payments_id, payments.user_id AS payments_user_id, payments.tx_hash AS payments_tx_hash, payments.amount AS payments_amount, payments.currency AS payments_currency, payments.network AS payments_network, payments.status AS payments_status, payments.error_message AS payments_error_message, payments.verification_method AS payments_verification_method, payments.verification_attempts AS payments_verification_attempts, payments.last_check_at AS payments_last_check_at, payments.created_at AS payments_created_at, payments.verified_at AS payments_verified_at 
FROM payments 
WHERE payments.status = ?]
[parameters: ('pending',)]
(Background on this error at: https://sqlalche.me/e/20/e3q8)
2026-08-17 10:30:54 | ERROR | Periodic check error: (sqlite3.OperationalError) no such column: payments.network
[SQL: SELECT payments.id AS payments_id, payments.user_id AS payments_user_id, payments.tx_hash AS payments_tx_hash, payments.amount AS payments_amount, payments.currency AS payments_currency, payments.network AS payments_network, payments.status AS payments_status, payments.error_message AS payments_error_message, payments.verification_method AS payments_verification_method, payments.verification_attempts AS payments_verification_attempts, payments.last_check_at AS payments_last_check_at, payments.created_at AS payments_created_at, payments.verified_at AS payments_verified_at 
FROM payments 
WHERE payments.status = ?]
[parameters: ('pending',)]
(Background on this error at: https://sqlalche.me/e/20/e3q8)
2026-08-17 10:31:24 | ERROR | Periodic check error: (sqlite3.OperationalError) no such column: payments.network
[SQL: SELECT payments.id AS payments_id, payments.user_id AS payments_user_id, payments.tx_hash AS payments_tx_hash, payments.amount AS payments_amount, payments.currency AS payments_currency, payments.network AS payments_network, payments.status AS payments_status, payments.error_message AS payments_error_message, payments.verification_method AS payments_verification_method, payments.verification_attempts AS payments_verification_attempts, payments.last_check_at AS payments_last_check_at, payments.created_at AS payments_created_at, payments.verified_at AS payments_verified_at 
FROM payments 
WHERE payments.status = ?]
[parameters: ('pending',)]
(Background on this error at: https://sqlalche.me/e/20/e3q8)
2026-08-17 10:31:54 | ERROR | Periodic check error: (sqlite3.OperationalError) no such column: payments.network
[SQL: SELECT payments.id AS payments_id, payments.user_id AS payments_user_id, payments.tx_hash AS payments_tx_hash, payments.amount AS payments_amount, payments.currency AS payments_currency, payments.network AS payments_network, payments.status AS payments_status, payments.error_message AS payments_error_message, payments.verification_method AS payments_verification_method, payments.verification_attempts AS payments_verification_attempts, payments.last_check_at AS payments_last_check_at, payments.created_at AS payments_created_at, payments.verified_at AS payments_verified_at 
FROM payments 
WHERE payments.status = ?]
[parameters: ('pending',)]
(Background on this error at: https://sqlalche.me/e/20/e3q8)
2026-08-17 10:32:54 | ERROR | Periodic check error: QueuePool limit of size 5 overflow 10 reached, connection timed out, timeout 30.00 (Background on this error at: https://sqlalche.me/e/20/3o7r)
2026-08-17 10:33:24 | ERROR | Periodic check error: (sqlite3.OperationalError) no such column: payments.network
[SQL: SELECT payments.id AS payments_id, payments.user_id AS payments_user_id, payments.tx_hash AS payments_tx_hash, payments.amount AS payments_amount, payments.currency AS payments_currency, payments.network AS payments_network, payments.status AS payments_status, payments.error_message AS payments_error_message, payments.verification_method AS payments_verification_method, payments.verification_attempts AS payments_verification_attempts, payments.last_check_at AS payments_last_check_at, payments.created_at AS payments_created_at, payments.verified_at AS payments_verified_at 
FROM payments 
WHERE payments.status = ?]
[parameters: ('pending',)]
(Background on this error at: https://sqlalche.me/e/20/e3q8)
2026-08-17 10:33:54 | ERROR | Periodic check error: (sqlite3.OperationalError) no such column: payments.network
[SQL: SELECT payments.id AS payments_id, payments.user_id AS payments_user_id, payments.tx_hash AS payments_tx_hash, payments.amount AS payments_amount, payments.currency AS payments_currency, payments.network AS payments_network, payments.status AS payments_status, payments.error_message AS payments_error_message, payments.verification_method AS payments_verification_method, payments.verification_attempts AS payments_verification_attempts, payments.last_check_at AS payments_last_check_at, payments.created_at AS payments_created_at, payments.verified_at AS payments_verified_at 
FROM payments 
WHERE payments.status = ?]
[parameters: ('pending',)]
(Background on this error at: https://sqlalche.me/e/20/e3q8)
2026-08-17 10:34:24 | ERROR | Periodic check error: (sqlite3.OperationalError) no such column: payments.network
[SQL: SELECT payments.id AS payments_id, payments.user_id AS payments_user_id, payments.tx_hash AS payments_tx_hash, payments.amount AS payments_amount, payments.currency AS payments_currency, payments.network AS payments_network, payments.status AS payments_status, payments.error_message AS payments_error_message, payments.verification_method AS payments_verification_method, payments.verification_attempts AS payments_verification_attempts, payments.last_check_at AS payments_last_check_at, payments.created_at AS payments_created_at, payments.verified_at AS payments_verified_at 
FROM payments 
WHERE payments.status = ?]
[parameters: ('pending',)]
(Background on this error at: https://sqlalche.me/e/20/e3q8)
2026-08-17 10:34:54 | ERROR | Periodic check error: (sqlite3.OperationalError) no such column: payments.network
[SQL: SELECT payments.id AS payments_id, payments.user_id AS payments_user_id, payments.tx_hash AS payments_tx_hash, payments.amount AS payments_amount, payments.currency AS payments_currency, payments.network AS payments_network, payments.status AS payments_status, payments.error_message AS payments_error_message, payments.verification_method AS payments_verification_method, payments.verification_attempts AS payments_verification_attempts, payments.last_check_at AS payments_last_check_at, payments.created_at AS payments_created_at, payments.verified_at AS payments_verified_at 
FROM payments 
WHERE payments.status = ?]
[parameters: ('pending',)]
(Background on this error at: https://sqlalche.me/e/20/e3q8)
2026-08-17 10:35:24 | ERROR | Periodic check error: (sqlite3.OperationalError) no such column: payments.network
[SQL: SELECT payments.id AS payments_id, payments.user_id AS payments_user_id, payments.tx_hash AS payments_tx_hash, payments.amount AS payments_amount, payments.currency AS payments_currency, payments.network AS payments_network, payments.status AS payments_status, payments.error_message AS payments_error_message, payments.verification_method AS payments_verification_method, payments.verification_attempts AS payments_verification_attempts, payments.last_check_at AS payments_last_check_at, payments.created_at AS payments_created_at, payments.verified_at AS payments_verified_at 
FROM payments 
WHERE payments.status = ?]
[parameters: ('pending',)]
(Background on this error at: https://sqlalche.me/e/20/e3q8)
2026-08-17 10:35:54 | ERROR | Periodic check error: (sqlite3.OperationalError) no such column: payments.network
[SQL: SELECT payments.id AS payments_id, payments.user_id AS payments_user_id, payments.tx_hash AS payments_tx_hash, payments.amount AS payments_amount, payments.currency AS payments_currency, payments.network AS payments_network, payments.status AS payments_status, payments.error_message AS payments_error_message, payments.verification_method AS payments_verification_method, payments.verification_attempts AS payments_verification_attempts, payments.last_check_at AS payments_last_check_at, payments.created_at AS payments_created_at, payments.verified_at AS payments_verified_at 
FROM payments 
WHERE payments.status = ?]
[parameters: ('pending',)]
(Background on this error at: https://sqlalche.me/e/20/e3q8)
2026-08-17 10:36:24 | ERROR | Periodic check error: (sqlite3.OperationalError) no such column: payments.network
[SQL: SELECT payments.id AS payments_id, payments.user_id AS payments_user_id, payments.tx_hash AS payments_tx_hash, payments.amount AS payments_amount, payments.currency AS payments_currency, payments.network AS payments_network, payments.status AS payments_status, payments.error_message AS payments_error_message, payments.verification_method AS payments_verification_method, payments.verification_attempts AS payments_verification_attempts, payments.last_check_at AS payments_last_check_at, payments.created_at AS payments_created_at, payments.verified_at AS payments_verified_at 
FROM payments 
WHERE payments.status = ?]
[parameters: ('pending',)]
(Background on this error at: https://sqlalche.me/e/20/e3q8)
2026-08-17 10:36:54 | ERROR | Periodic check error: (sqlite3.OperationalError) no such column: payments.network
[SQL: SELECT payments.id AS payments_id, payments.user_id AS payments_user_id, payments.tx_hash AS payments_tx_hash, payments.amount AS payments_amount, payments.currency AS payments_currency, payments.network AS payments_network, payments.status AS payments_status, payments.error_message AS payments_error_message, payments.verification_method AS payments_verification_method, payments.verification_attempts AS payments_verification_attempts, payments.last_check_at AS payments_last_check_at, payments.created_at AS payments_created_at, payments.verified_at AS payments_verified_at 
FROM payments 
WHERE payments.status = ?]
[parameters: ('pending',)]
(Background on this error at: https://sqlalche.me/e/20/e3q8)
2026-08-17 10:37:24 | ERROR | Periodic check error: (sqlite3.OperationalError) no such column: payments.network
[SQL: SELECT payments.id AS payments_id, payments.user_id AS payments_user_id, payments.tx_hash AS payments_tx_hash, payments.amount AS payments_amount, payments.currency AS payments_currency, payments.network AS payments_network, payments.status AS payments_status, payments.error_message AS payments_error_message, payments.verification_method AS payments_verification_method, payments.verification_attempts AS payments_verification_attempts, payments.last_check_at AS payments_last_check_at, payments.created_at AS payments_created_at, payments.verified_at AS payments_verified_at 
FROM payments 
WHERE payments.status = ?]
[parameters: ('pending',)]
(Background on this error at: https://sqlalche.me/e/20/e3q8)
2026-08-17 10:37:54 | ERROR | Periodic check error: (sqlite3.OperationalError) no such column: payments.network
[SQL: SELECT payments.id AS payments_id, payments.user_id AS payments_user_id, payments.tx_hash AS payments_tx_hash, payments.amount AS payments_amount, payments.currency AS payments_currency, payments.network AS payments_network, payments.status AS payments_status, payments.error_message AS payments_error_message, payments.verification_method AS payments_verification_method, payments.verification_attempts AS payments_verification_attempts, payments.last_check_at AS payments_last_check_at, payments.created_at AS payments_created_at, payments.verified_at AS payments_verified_at 
FROM payments 
WHERE payments.status = ?]
[parameters: ('pending',)]
(Background on this error at: https://sqlalche.me/e/20/e3q8)
2026-08-17 10:38:24 | ERROR | Periodic check error: (sqlite3.OperationalError) no such column: payments.network
[SQL: SELECT payments.id AS payments_id, payments.user_id AS payments_user_id, payments.tx_hash AS payments_tx_hash, payments.amount AS payments_amount, payments.currency AS payments_currency, payments.network AS payments_network, payments.status AS payments_status, payments.error_message AS payments_error_message, payments.verification_method AS payments_verification_method, payments.verification_attempts AS payments_verification_attempts, payments.last_check_at AS payments_last_check_at, payments.created_at AS payments_created_at, payments.verified_at AS payments_verified_at 
FROM payments 
WHERE payments.status = ?]
[parameters: ('pending',)]
(Background on this error at: https://sqlalche.me/e/20/e3q8)
2026-08-17 10:38:54 | ERROR | Periodic check error: (sqlite3.OperationalError) no such column: payments.network
[SQL: SELECT payments.id AS payments_id, payments.user_id AS payments_user_id, payments.tx_hash AS payments_tx_hash, payments.amount AS payments_amount, payments.currency AS payments_currency, payments.network AS payments_network, payments.status AS payments_status, payments.error_message AS payments_error_message, payments.verification_method AS payments_verification_method, payments.verification_attempts AS payments_verification_attempts, payments.last_check_at AS payments_last_check_at, payments.created_at AS payments_created_at, payments.verified_at AS payments_verified_at 
FROM payments 
WHERE payments.status = ?]
[parameters: ('pending',)]
(Background on this error at: https://sqlalche.me/e/20/e3q8)
2026-08-17 10:39:24 | ERROR | Periodic check error: (sqlite3.OperationalError) no such column: payments.network
[SQL: SELECT payments.id AS payments_id, payments.user_id AS payments_user_id, payments.tx_hash AS payments_tx_hash, payments.amount AS payments_amount, payments.currency AS payments_currency, payments.network AS payments_network, payments.status AS payments_status, payments.error_message AS payments_error_message, payments.verification_method AS payments_verification_method, payments.verification_attempts AS payments_verification_attempts, payments.last_check_at AS payments_last_check_at, payments.created_at AS payments_created_at, payments.verified_at AS payments_verified_at 
FROM payments 
WHERE payments.status = ?]
[parameters: ('pending',)]
(Background on this error at: https://sqlalche.me/e/20/e3q8)
2026-08-17 10:39:54 | ERROR | Periodic check error: (sqlite3.OperationalError) no such column: payments.network
[SQL: SELECT payments.id AS payments_id, payments.user_id AS payments_user_id, payments.tx_hash AS payments_tx_hash, payments.amount AS payments_amount, payments.currency AS payments_currency, payments.network AS payments_network, payments.status AS payments_status, payments.error_message AS payments_error_message, payments.verification_method AS payments_verification_method, payments.verification_attempts AS payments_verification_attempts, payments.last_check_at AS payments_last_check_at, payments.created_at AS payments_created_at, payments.verified_at AS payments_verified_at 
FROM payments 
WHERE payments.status = ?]
[parameters: ('pending',)]
(Background on this error at: https://sqlalche.me/e/20/e3q8)
2026-08-17 10:40:24 | ERROR | Periodic check error: (sqlite3.OperationalError) no such column: payments.network
[SQL: SELECT payments.id AS payments_id, payments.user_id AS payments_user_id, payments.tx_hash AS payments_tx_hash, payments.amount AS payments_amount, payments.currency AS payments_currency, payments.network AS payments_network, payments.status AS payments_status, payments.error_message AS payments_error_message, payments.verification_method AS payments_verification_method, payments.verification_attempts AS payments_verification_attempts, payments.last_check_at AS payments_last_check_at, payments.created_at AS payments_created_at, payments.verified_at AS payments_verified_at 
FROM payments 
WHERE payments.status = ?]
[parameters: ('pending',)]
(Background on this error at: https://sqlalche.me/e/20/e3q8)
2026-08-17 10:40:54 | ERROR | Periodic check error: (sqlite3.OperationalError) no such column: payments.network
[SQL: SELECT payments.id AS payments_id, payments.user_id AS payments_user_id, payments.tx_hash AS payments_tx_hash, payments.amount AS payments_amount, payments.currency AS payments_currency, payments.network AS payments_network, payments.status AS payments_status, payments.error_message AS payments_error_message, payments.verification_method AS payments_verification_method, payments.verification_attempts AS payments_verification_attempts, payments.last_check_at AS payments_last_check_at, payments.created_at AS payments_created_at, payments.verified_at AS payments_verified_at 
FROM payments 
WHERE payments.status = ?]
[parameters: ('pending',)]
(Background on this error at: https://sqlalche.me/e/20/e3q8)
2026-08-17 10:41:24 | ERROR | Periodic check error: (sqlite3.OperationalError) no such column: payments.network
[SQL: SELECT payments.id AS payments_id, payments.user_id AS payments_user_id, payments.tx_hash AS payments_tx_hash, payments.amount AS payments_amount, payments.currency AS payments_currency, payments.network AS payments_network, payments.status AS payments_status, payments.error_message AS payments_error_message, payments.verification_method AS payments_verification_method, payments.verification_attempts AS payments_verification_attempts, payments.last_check_at AS payments_last_check_at, payments.created_at AS payments_created_at, payments.verified_at AS payments_verified_at 
FROM payments 
WHERE payments.status = ?]
[parameters: ('pending',)]
(Background on this error at: https://sqlalche.me/e/20/e3q8)
2026-08-17 10:41:54 | ERROR | Periodic check error: (sqlite3.OperationalError) no such column: payments.network
[SQL: SELECT payments.id AS payments_id, payments.user_id AS payments_user_id, payments.tx_hash AS payments_tx_hash, payments.amount AS payments_amount, payments.currency AS payments_currency, payments.network AS payments_network, payments.status AS payments_status, payments.error_message AS payments_error_message, payments.verification_method AS payments_verification_method, payments.verification_attempts AS payments_verification_attempts, payments.last_check_at AS payments_last_check_at, payments.created_at AS payments_created_at, payments.verified_at AS payments_verified_at 
FROM payments 
WHERE payments.status = ?]
[parameters: ('pending',)]
(Background on this error at: https://sqlalche.me/e/20/e3q8)
2026-08-17 10:42:24 | ERROR | Periodic check error: (sqlite3.OperationalError) no such column: payments.network
[SQL: SELECT payments.id AS payments_id, payments.user_id AS payments_user_id, payments.tx_hash AS payments_tx_hash, payments.amount AS payments_amount, payments.currency AS payments_currency, payments.network AS payments_network, payments.status AS payments_status, payments.error_message AS payments_error_message, payments.verification_method AS payments_verification_method, payments.verification_attempts AS payments_verification_attempts, payments.last_check_at AS payments_last_check_at, payments.created_at AS payments_created_at, payments.verified_at AS payments_verified_at 
FROM payments 
WHERE payments.status = ?]
[parameters: ('pending',)]
(Background on this error at: https://sqlalche.me/e/20/e3q8)
2026-08-17 10:42:54 | ERROR | Periodic check error: (sqlite3.OperationalError) no such column: payments.network
[SQL: SELECT payments.id AS payments_id, payments.user_id AS payments_user_id, payments.tx_hash AS payments_tx_hash, payments.amount AS payments_amount, payments.currency AS payments_currency, payments.network AS payments_network, payments.status AS payments_status, payments.error_message AS payments_error_message, payments.verification_method AS payments_verification_method, payments.verification_attempts AS payments_verification_attempts, payments.last_check_at AS payments_last_check_at, payments.created_at AS payments_created_at, payments.verified_at AS payments_verified_at 
FROM payments 
WHERE payments.status = ?]
[parameters: ('pending',)]
(Background on this error at: https://sqlalche.me/e/20/e3q8)
2026-08-17 10:43:24 | ERROR | Periodic check error: (sqlite3.OperationalError) no such column: payments.network
[SQL: SELECT payments.id AS payments_id, payments.user_id AS payments_user_id, payments.tx_hash AS payments_tx_hash, payments.amount AS payments_amount, payments.currency AS payments_currency, payments.network AS payments_network, payments.status AS payments_status, payments.error_message AS payments_error_message, payments.verification_method AS payments_verification_method, payments.verification_attempts AS payments_verification_attempts, payments.last_check_at AS payments_last_check_at, payments.created_at AS payments_created_at, payments.verified_at AS payments_verified_at 
FROM payments 
WHERE payments.status = ?]
[parameters: ('pending',)]
(Background on this error at: https://sqlalche.me/e/20/e3q8)
2026-08-17 10:43:54 | ERROR | Periodic check error: (sqlite3.OperationalError) no such column: payments.network
[SQL: SELECT payments.id AS payments_id, payments.user_id AS payments_user_id, payments.tx_hash AS payments_tx_hash, payments.amount AS payments_amount, payments.currency AS payments_currency, payments.network AS payments_network, payments.status AS payments_status, payments.error_message AS payments_error_message, payments.verification_method AS payments_verification_method, payments.verification_attempts AS payments_verification_attempts, payments.last_check_at AS payments_last_check_at, payments.created_at AS payments_created_at, payments.verified_at AS payments_verified_at 
FROM payments 
WHERE payments.status = ?]
[parameters: ('pending',)]
(Background on this error at: https://sqlalche.me/e/20/e3q8)
2026-08-17 10:44:24 | ERROR | Periodic check error: (sqlite3.OperationalError) no such column: payments.network
[SQL: SELECT payments.id AS payments_id, payments.user_id AS payments_user_id, payments.tx_hash AS payments_tx_hash, payments.amount AS payments_amount, payments.currency AS payments_currency, payments.network AS payments_network, payments.status AS payments_status, payments.error_message AS payments_error_message, payments.verification_method AS payments_verification_method, payments.verification_attempts AS payments_verification_attempts, payments.last_check_at AS payments_last_check_at, payments.created_at AS payments_created_at, payments.verified_at AS payments_verified_at 
FROM payments 
WHERE payments.status = ?]
[parameters: ('pending',)]
(Background on this error at: https://sqlalche.me/e/20/e3q8)
2026-08-17 10:44:54 | ERROR | Periodic check error: (sqlite3.OperationalError) no such column: payments.network
[SQL: SELECT payments.id AS payments_id, payments.user_id AS payments_user_id, payments.tx_hash AS payments_tx_hash, payments.amount AS payments_amount, payments.currency AS payments_currency, payments.network AS payments_network, payments.status AS payments_status, payments.error_message AS payments_error_message, payments.verification_method AS payments_verification_method, payments.verification_attempts AS payments_verification_attempts, payments.last_check_at AS payments_last_check_at, payments.created_at AS payments_created_at, payments.verified_at AS payments_verified_at 
FROM payments 
WHERE payments.status = ?]
[parameters: ('pending',)]
(Background on this error at: https://sqlalche.me/e/20/e3q8)
2026-08-17 10:45:24 | ERROR | Periodic check error: (sqlite3.OperationalError) no such column: payments.network
[SQL: SELECT payments.id AS payments_id, payments.user_id AS payments_user_id, payments.tx_hash AS payments_tx_hash, payments.amount AS payments_amount, payments.currency AS payments_currency, payments.network AS payments_network, payments.status AS payments_status, payments.error_message AS payments_error_message, payments.verification_method AS payments_verification_method, payments.verification_attempts AS payments_verification_attempts, payments.last_check_at AS payments_last_check_at, payments.created_at AS payments_created_at, payments.verified_at AS payments_verified_at 
FROM payments 
WHERE payments.status = ?]
[parameters: ('pending',)]
(Background on this error at: https://sqlalche.me/e/20/e3q8)
2026-08-17 10:45:54 | ERROR | Periodic check error: (sqlite3.OperationalError) no such column: payments.network
[SQL: SELECT payments.id AS payments_id, payments.user_id AS payments_user_id, payments.tx_hash AS payments_tx_hash, payments.amount AS payments_amount, payments.currency AS payments_currency, payments.network AS payments_network, payments.status AS payments_status, payments.error_message AS payments_error_message, payments.verification_method AS payments_verification_method, payments.verification_attempts AS payments_verification_attempts, payments.last_check_at AS payments_last_check_at, payments.created_at AS payments_created_at, payments.verified_at AS payments_verified_at 
FROM payments 
WHERE payments.status = ?]
[parameters: ('pending',)]
(Background on this error at: https://sqlalche.me/e/20/e3q8)
2026-08-17 10:46:24 | ERROR | Periodic check error: (sqlite3.OperationalError) no such column: payments.network
[SQL: SELECT payments.id AS payments_id, payments.user_id AS payments_user_id, payments.tx_hash AS payments_tx_hash, payments.amount AS payments_amount, payments.currency AS payments_currency, payments.network AS payments_network, payments.status AS payments_status, payments.error_message AS payments_error_message, payments.verification_method AS payments_verification_method, payments.verification_attempts AS payments_verification_attempts, payments.last_check_at AS payments_last_check_at, payments.created_at AS payments_created_at, payments.verified_at AS payments_verified_at 
FROM payments 
WHERE payments.status = ?]
[parameters: ('pending',)]
(Background on this error at: https://sqlalche.me/e/20/e3q8)
2026-08-17 10:46:54 | ERROR | Periodic check error: (sqlite3.OperationalError) no such column: payments.network
[SQL: SELECT payments.id AS payments_id, payments.user_id AS payments_user_id, payments.tx_hash AS payments_tx_hash, payments.amount AS payments_amount, payments.currency AS payments_currency, payments.network AS payments_network, payments.status AS payments_status, payments.error_message AS payments_error_message, payments.verification_method AS payments_verification_method, payments.verification_attempts AS payments_verification_attempts, payments.last_check_at AS payments_last_check_at, payments.created_at AS payments_created_at, payments.verified_at AS payments_verified_at 
FROM payments 
WHERE payments.status = ?]
[parameters: ('pending',)]
(Background on this error at: https://sqlalche.me/e/20/e3q8)
2026-08-17 10:47:24 | ERROR | Periodic check error: (sqlite3.OperationalError) no such column: payments.network
[SQL: SELECT payments.id AS payments_id, payments.user_id AS payments_user_id, payments.tx_hash AS payments_tx_hash, payments.amount AS payments_amount, payments.currency AS payments_currency, payments.network AS payments_network, payments.status AS payments_status, payments.error_message AS payments_error_message, payments.verification_method AS payments_verification_method, payments.verification_attempts AS payments_verification_attempts, payments.last_check_at AS payments_last_check_at, payments.created_at AS payments_created_at, payments.verified_at AS payments_verified_at 
FROM payments 
WHERE payments.status = ?]
[parameters: ('pending',)]
(Background on this error at: https://sqlalche.me/e/20/e3q8)
2026-08-17 10:47:54 | ERROR | Periodic check error: (sqlite3.OperationalError) no such column: payments.network
[SQL: SELECT payments.id AS payments_id, payments.user_id AS payments_user_id, payments.tx_hash AS payments_tx_hash, payments.amount AS payments_amount, payments.currency AS payments_currency, payments.network AS payments_network, payments.status AS payments_status, payments.error_message AS payments_error_message, payments.verification_method AS payments_verification_method, payments.verification_attempts AS payments_verification_attempts, payments.last_check_at AS payments_last_check_at, payments.created_at AS payments_created_at, payments.verified_at AS payments_verified_at 
FROM payments 
WHERE payments.status = ?]
[parameters: ('pending',)]
(Background on this error at: https://sqlalche.me/e/20/e3q8)
2026-08-17 10:48:24 | ERROR | Periodic check error: (sqlite3.OperationalError) no such column: payments.network
[SQL: SELECT payments.id AS payments_id, payments.user_id AS payments_user_id, payments.tx_hash AS payments_tx_hash, payments.amount AS payments_amount, payments.currency AS payments_currency, payments.network AS payments_network, payments.status AS payments_status, payments.error_message AS payments_error_message, payments.verification_method AS payments_verification_method, payments.verification_attempts AS payments_verification_attempts, payments.last_check_at AS payments_last_check_at, payments.created_at AS payments_created_at, payments.verified_at AS payments_verified_at 
FROM payments 
WHERE payments.status = ?]
[parameters: ('pending',)]
(Background on this error at: https://sqlalche.me/e/20/e3q8)
2026-08-17 10:48:54 | ERROR | Periodic check error: (sqlite3.OperationalError) no such column: payments.network
[SQL: SELECT payments.id AS payments_id, payments.user_id AS payments_user_id, payments.tx_hash AS payments_tx_hash, payments.amount AS payments_amount, payments.currency AS payments_currency, payments.network AS payments_network, payments.status AS payments_status, payments.error_message AS payments_error_message, payments.verification_method AS payments_verification_method, payments.verification_attempts AS payments_verification_attempts, payments.last_check_at AS payments_last_check_at, payments.created_at AS payments_created_at, payments.verified_at AS payments_verified_at 
FROM payments 
WHERE payments.status = ?]
[parameters: ('pending',)]
(Background on this error at: https://sqlalche.me/e/20/e3q8)
2026-08-17 10:49:24 | ERROR | Periodic check error: (sqlite3.OperationalError) no such column: payments.network
[SQL: SELECT payments.id AS payments_id, payments.user_id AS payments_user_id, payments.tx_hash AS payments_tx_hash, payments.amount AS payments_amount, payments.currency AS payments_currency, payments.network AS payments_network, payments.status AS payments_status, payments.error_message AS payments_error_message, payments.verification_method AS payments_verification_method, payments.verification_attempts AS payments_verification_attempts, payments.last_check_at AS payments_last_check_at, payments.created_at AS payments_created_at, payments.verified_at AS payments_verified_at 
FROM payments 
WHERE payments.status = ?]
[parameters: ('pending',)]
(Background on this error at: https://sqlalche.me/e/20/e3q8)
2026-08-17 10:49:54 | ERROR | Periodic check error: (sqlite3.OperationalError) no such column: payments.network
[SQL: SELECT payments.id AS payments_id, payments.user_id AS payments_user_id, payments.tx_hash AS payments_tx_hash, payments.amount AS payments_amount, payments.currency AS payments_currency, payments.network AS payments_network, payments.status AS payments_status, payments.error_message AS payments_error_message, payments.verification_method AS payments_verification_method, payments.verification_attempts AS payments_verification_attempts, payments.last_check_at AS payments_last_check_at, payments.created_at AS payments_created_at, payments.verified_at AS payments_verified_at 
FROM payments 
WHERE payments.status = ?]
[parameters: ('pending',)]
(Background on this error at: https://sqlalche.me/e/20/e3q8)
2026-08-17 10:50:24 | ERROR | Periodic check error: (sqlite3.OperationalError) no such column: payments.network
[SQL: SELECT payments.id AS payments_id, payments.user_id AS payments_user_id, payments.tx_hash AS payments_tx_hash, payments.amount AS payments_amount, payments.currency AS payments_currency, payments.network AS payments_network, payments.status AS payments_status, payments.error_message AS payments_error_message, payments.verification_method AS payments_verification_method, payments.verification_attempts AS payments_verification_attempts, payments.last_check_at AS payments_last_check_at, payments.created_at AS payments_created_at, payments.verified_at AS payments_verified_at 
FROM payments 
WHERE payments.status = ?]
[parameters: ('pending',)]
(Background on this error at: https://sqlalche.me/e/20/e3q8)
2026-08-17 10:50:54 | ERROR | Periodic check error: (sqlite3.OperationalError) no such column: payments.network
[SQL: SELECT payments.id AS payments_id, payments.user_id AS payments_user_id, payments.tx_hash AS payments_tx_hash, payments.amount AS payments_amount, payments.currency AS payments_currency, payments.network AS payments_network, payments.status AS payments_status, payments.error_message AS payments_error_message, payments.verification_method AS payments_verification_method, payments.verification_attempts AS payments_verification_attempts, payments.last_check_at AS payments_last_check_at, payments.created_at AS payments_created_at, payments.verified_at AS payments_verified_at 
FROM payments 
WHERE payments.status = ?]
[parameters: ('pending',)]
(Background on this error at: https://sqlalche.me/e/20/e3q8)
2026-08-17 10:51:24 | ERROR | Periodic check error: (sqlite3.OperationalError) no such column: payments.network
[SQL: SELECT payments.id AS payments_id, payments.user_id AS payments_user_id, payments.tx_hash AS payments_tx_hash, payments.amount AS payments_amount, payments.currency AS payments_currency, payments.network AS payments_network, payments.status AS payments_status, payments.error_message AS payments_error_message, payments.verification_method AS payments_verification_method, payments.verification_attempts AS payments_verification_attempts, payments.last_check_at AS payments_last_check_at, payments.created_at AS payments_created_at, payments.verified_at AS payments_verified_at 
FROM payments 
WHERE payments.status = ?]
[parameters: ('pending',)]
(Background on this error at: https://sqlalche.me/e/20/e3q8)
2026-08-17 10:51:54 | ERROR | Periodic check error: (sqlite3.OperationalError) no such column: payments.network
[SQL: SELECT payments.id AS payments_id, payments.user_id AS payments_user_id, payments.tx_hash AS payments_tx_hash, payments.amount AS payments_amount, payments.currency AS payments_currency, payments.network AS payments_network, payments.status AS payments_status, payments.error_message AS payments_error_message, payments.verification_method AS payments_verification_method, payments.verification_attempts AS payments_verification_attempts, payments.last_check_at AS payments_last_check_at, payments.created_at AS payments_created_at, payments.verified_at AS payments_verified_at 
FROM payments 
WHERE payments.status = ?]
[parameters: ('pending',)]
(Background on this error at: https://sqlalche.me/e/20/e3q8)
2026-08-17 10:52:24 | ERROR | Periodic check error: (sqlite3.OperationalError) no such column: payments.network
[SQL: SELECT payments.id AS payments_id, payments.user_id AS payments_user_id, payments.tx_hash AS payments_tx_hash, payments.amount AS payments_amount, payments.currency AS payments_currency, payments.network AS payments_network, payments.status AS payments_status, payments.error_message AS payments_error_message, payments.verification_method AS payments_verification_method, payments.verification_attempts AS payments_verification_attempts, payments.last_check_at AS payments_last_check_at, payments.created_at AS payments_created_at, payments.verified_at AS payments_verified_at 
FROM payments 
WHERE payments.status = ?]
[parameters: ('pending',)]
(Background on this error at: https://sqlalche.me/e/20/e3q8)
2026-08-17 10:52:54 | ERROR | Periodic check error: (sqlite3.OperationalError) no such column: payments.network
[SQL: SELECT payments.id AS payments_id, payments.user_id AS payments_user_id, payments.tx_hash AS payments_tx_hash, payments.amount AS payments_amount, payments.currency AS payments_currency, payments.network AS payments_network, payments.status AS payments_status, payments.error_message AS payments_error_message, payments.verification_method AS payments_verification_method, payments.verification_attempts AS payments_verification_attempts, payments.last_check_at AS payments_last_check_at, payments.created_at AS payments_created_at, payments.verified_at AS payments_verified_at 
FROM payments 
WHERE payments.status = ?]
[parameters: ('pending',)]
(Background on this error at: https://sqlalche.me/e/20/e3q8)
2026-08-17 10:53:24 | ERROR | Periodic check error: (sqlite3.OperationalError) no such column: payments.network
[SQL: SELECT payments.id AS payments_id, payments.user_id AS payments_user_id, payments.tx_hash AS payments_tx_hash, payments.amount AS payments_amount, payments.currency AS payments_currency, payments.network AS payments_network, payments.status AS payments_status, payments.error_message AS payments_error_message, payments.verification_method AS payments_verification_method, payments.verification_attempts AS payments_verification_attempts, payments.last_check_at AS payments_last_check_at, payments.created_at AS payments_created_at, payments.verified_at AS payments_verified_at 
FROM payments 
WHERE payments.status = ?]
[parameters: ('pending',)]
(Background on this error at: https://sqlalche.me/e/20/e3q8)
2026-08-17 10:54:23 | ERROR | Periodic check error: (sqlite3.OperationalError) no such column: payments.network
[SQL: SELECT payments.id AS payments_id, payments.user_id AS payments_user_id, payments.tx_hash AS payments_tx_hash, payments.amount AS payments_amount, payments.currency AS payments_currency, payments.network AS payments_network, payments.status AS payments_status, payments.error_message AS payments_error_message, payments.verification_method AS payments_verification_method, payments.verification_attempts AS payments_verification_attempts, payments.last_check_at AS payments_last_check_at, payments.created_at AS payments_created_at, payments.verified_at AS payments_verified_at 
FROM payments 
WHERE payments.status = ?]
[parameters: ('pending',)]
(Background on this error at: https://sqlalche.me/e/20/e3q8)
2026-08-17 10:54:53 | ERROR | Periodic check error: (sqlite3.OperationalError) no such column: payments.network
[SQL: SELECT payments.id AS payments_id, payments.user_id AS payments_user_id, payments.tx_hash AS payments_tx_hash, payments.amount AS payments_amount, payments.currency AS payments_currency, payments.network AS payments_network, payments.status AS payments_status, payments.error_message AS payments_error_message, payments.verification_method AS payments_verification_method, payments.verification_attempts AS payments_verification_attempts, payments.last_check_at AS payments_last_check_at, payments.created_at AS payments_created_at, payments.verified_at AS payments_verified_at 
FROM payments 
WHERE payments.status = ?]
[parameters: ('pending',)]
(Background on this error at: https://sqlalche.me/e/20/e3q8)
2026-08-17 10:55:23 | ERROR | Periodic check error: (sqlite3.OperationalError) no such column: payments.network
[SQL: SELECT payments.id AS payments_id, payments.user_id AS payments_user_id, payments.tx_hash AS payments_tx_hash, payments.amount AS payments_amount, payments.currency AS payments_currency, payments.network AS payments_network, payments.status AS payments_status, payments.error_message AS payments_error_message, payments.verification_method AS payments_verification_method, payments.verification_attempts AS payments_verification_attempts, payments.last_check_at AS payments_last_check_at, payments.created_at AS payments_created_at, payments.verified_at AS payments_verified_at 
FROM payments 
WHERE payments.status = ?]
[parameters: ('pending',)]
(Background on this error at: https://sqlalche.me/e/20/e3q8)
2026-08-17 10:55:53 | ERROR | Periodic check error: (sqlite3.OperationalError) no such column: payments.network
[SQL: SELECT payments.id AS payments_id, payments.user_id AS payments_user_id, payments.tx_hash AS payments_tx_hash, payments.amount AS payments_amount, payments.currency AS payments_currency, payments.network AS payments_network, payments.status AS payments_status, payments.error_message AS payments_error_message, payments.verification_method AS payments_verification_method, payments.verification_attempts AS payments_verification_attempts, payments.last_check_at AS payments_last_check_at, payments.created_at AS payments_created_at, payments.verified_at AS payments_verified_at 
FROM payments 
WHERE payments.status = ?]
[parameters: ('pending',)]
(Background on this error at: https://sqlalche.me/e/20/e3q8)
2026-08-17 10:56:23 | ERROR | Periodic check error: (sqlite3.OperationalError) no such column: payments.network
[SQL: SELECT payments.id AS payments_id, payments.user_id AS payments_user_id, payments.tx_hash AS payments_tx_hash, payments.amount AS payments_amount, payments.currency AS payments_currency, payments.network AS payments_network, payments.status AS payments_status, payments.error_message AS payments_error_message, payments.verification_method AS payments_verification_method, payments.verification_attempts AS payments_verification_attempts, payments.last_check_at AS payments_last_check_at, payments.created_at AS payments_created_at, payments.verified_at AS payments_verified_at 
FROM payments 
WHERE payments.status = ?]
[parameters: ('pending',)]
(Background on this error at: https://sqlalche.me/e/20/e3q8)
2026-08-17 10:57:53 | ERROR | Periodic check error: QueuePool limit of size 5 overflow 10 reached, connection timed out, timeout 30.00 (Background on this error at: https://sqlalche.me/e/20/3o7r)
2026-08-17 10:58:23 | ERROR | Periodic check error: (sqlite3.OperationalError) no such column: payments.network
[SQL: SELECT payments.id AS payments_id, payments.user_id AS payments_user_id, payments.tx_hash AS payments_tx_hash, payments.amount AS payments_amount, payments.currency AS payments_currency, payments.network AS payments_network, payments.status AS payments_status, payments.error_message AS payments_error_message, payments.verification_method AS payments_verification_method, payments.verification_attempts AS payments_verification_attempts, payments.last_check_at AS payments_last_check_at, payments.created_at AS payments_created_at, payments.verified_at AS payments_verified_at 
FROM payments 
WHERE payments.status = ?]
[parameters: ('pending',)]
(Background on this error at: https://sqlalche.me/e/20/e3q8)
2026-08-17 10:58:53 | ERROR | Periodic check error: (sqlite3.OperationalError) no such column: payments.network
[SQL: SELECT payments.id AS payments_id, payments.user_id AS payments_user_id, payments.tx_hash AS payments_tx_hash, payments.amount AS payments_amount, payments.currency AS payments_currency, payments.network AS payments_network, payments.status AS payments_status, payments.error_message AS payments_error_message, payments.verification_method AS payments_verification_method, payments.verification_attempts AS payments_verification_attempts, payments.last_check_at AS payments_last_check_at, payments.created_at AS payments_created_at, payments.verified_at AS payments_verified_at 
FROM payments 
WHERE payments.status = ?]
[parameters: ('pending',)]
(Background on this error at: https://sqlalche.me/e/20/e3q8)
2026-08-17 10:59:23 | ERROR | Periodic check error: (sqlite3.OperationalError) no such column: payments.network
[SQL: SELECT payments.id AS payments_id, payments.user_id AS payments_user_id, payments.tx_hash AS payments_tx_hash, payments.amount AS payments_amount, payments.currency AS payments_currency, payments.network AS payments_network, payments.status AS payments_status, payments.error_message AS payments_error_message, payments.verification_method AS payments_verification_method, payments.verification_attempts AS payments_verification_attempts, payments.last_check_at AS payments_last_check_at, payments.created_at AS payments_created_at, payments.verified_at AS payments_verified_at 
FROM payments 
WHERE payments.status = ?]
[parameters: ('pending',)]
(Background on this error at: https://sqlalche.me/e/20/e3q8)
2026-08-17 10:59:53 | ERROR | Periodic check error: (sqlite3.OperationalError) no such column: payments.network
[SQL: SELECT payments.id AS payments_id, payments.user_id AS payments_user_id, payments.tx_hash AS payments_tx_hash, payments.amount AS payments_amount, payments.currency AS payments_currency, payments.network AS payments_network, payments.status AS payments_status, payments.error_message AS payments_error_message, payments.verification_method AS payments_verification_method, payments.verification_attempts AS payments_verification_attempts, payments.last_check_at AS payments_last_check_at, payments.created_at AS payments_created_at, payments.verified_at AS payments_verified_at 
FROM payments 
WHERE payments.status = ?]
[parameters: ('pending',)]
(Background on this error at: https://sqlalche.me/e/20/e3q8)
2026-08-17 11:00:23 | ERROR | Periodic check error: (sqlite3.OperationalError) no such column: payments.network
[SQL: SELECT payments.id AS payments_id, payments.user_id AS payments_user_id, payments.tx_hash AS payments_tx_hash, payments.amount AS payments_amount, payments.currency AS payments_currency, payments.network AS payments_network, payments.status AS payments_status, payments.error_message AS payments_error_message, payments.verification_method AS payments_verification_method, payments.verification_attempts AS payments_verification_attempts, payments.last_check_at AS payments_last_check_at, payments.created_at AS payments_created_at, payments.verified_at AS payments_verified_at 
FROM payments 
WHERE payments.status = ?]
[parameters: ('pending',)]
(Background on this error at: https://sqlalche.me/e/20/e3q8)
2026-08-17 11:00:53 | ERROR | Periodic check error: (sqlite3.OperationalError) no such column: payments.network
[SQL: SELECT payments.id AS payments_id, payments.user_id AS payments_user_id, payments.tx_hash AS payments_tx_hash, payments.amount AS payments_amount, payments.currency AS payments_currency, payments.network AS payments_network, payments.status AS payments_status, payments.error_message AS payments_error_message, payments.verification_method AS payments_verification_method, payments.verification_attempts AS payments_verification_attempts, payments.last_check_at AS payments_last_check_at, payments.created_at AS payments_created_at, payments.verified_at AS payments_verified_at 
FROM payments 
WHERE payments.status = ?]
[parameters: ('pending',)]
(Background on this error at: https://sqlalche.me/e/20/e3q8)
2026-08-17 11:01:23 | ERROR | Periodic check error: (sqlite3.OperationalError) no such column: payments.network
[SQL: SELECT payments.id AS payments_id, payments.user_id AS payments_user_id, payments.tx_hash AS payments_tx_hash, payments.amount AS payments_amount, payments.currency AS payments_currency, payments.network AS payments_network, payments.status AS payments_status, payments.error_message AS payments_error_message, payments.verification_method AS payments_verification_method, payments.verification_attempts AS payments_verification_attempts, payments.last_check_at AS payments_last_check_at, payments.created_at AS payments_created_at, payments.verified_at AS payments_verified_at 
FROM payments 
WHERE payments.status = ?]
[parameters: ('pending',)]
(Background on this error at: https://sqlalche.me/e/20/e3q8)
2026-08-17 11:02:23 | ERROR | Periodic check error: QueuePool limit of size 5 overflow 10 reached, connection timed out, timeout 30.00 (Background on this error at: https://sqlalche.me/e/20/3o7r)
2026-08-17 11:03:53 | ERROR | Periodic check error: QueuePool limit of size 5 overflow 10 reached, connection timed out, timeout 30.00 (Background on this error at: https://sqlalche.me/e/20/3o7r)
2026-08-17 11:04:23 | ERROR | Periodic check error: (sqlite3.OperationalError) no such column: payments.network
[SQL: SELECT payments.id AS payments_id, payments.user_id AS payments_user_id, payments.tx_hash AS payments_tx_hash, payments.amount AS payments_amount, payments.currency AS payments_currency, payments.network AS payments_network, payments.status AS payments_status, payments.error_message AS payments_error_message, payments.verification_method AS payments_verification_method, payments.verification_attempts AS payments_verification_attempts, payments.last_check_at AS payments_last_check_at, payments.created_at AS payments_created_at, payments.verified_at AS payments_verified_at 
FROM payments 
WHERE payments.status = ?]
[parameters: ('pending',)]
(Background on this error at: https://sqlalche.me/e/20/e3q8)
2026-08-17 11:04:53 | ERROR | Periodic check error: (sqlite3.OperationalError) no such column: payments.network
[SQL: SELECT payments.id AS payments_id, payments.user_id AS payments_user_id, payments.tx_hash AS payments_tx_hash, payments.amount AS payments_amount, payments.currency AS payments_currency, payments.network AS payments_network, payments.status AS payments_status, payments.error_message AS payments_error_message, payments.verification_method AS payments_verification_method, payments.verification_attempts AS payments_verification_attempts, payments.last_check_at AS payments_last_check_at, payments.created_at AS payments_created_at, payments.verified_at AS payments_verified_at 
FROM payments 
WHERE payments.status = ?]
[parameters: ('pending',)]
(Background on this error at: https://sqlalche.me/e/20/e3q8)
2026-08-17 11:05:23 | ERROR | Periodic check error: (sqlite3.OperationalError) no such column: payments.network
[SQL: SELECT payments.id AS payments_id, payments.user_id AS payments_user_id, payments.tx_hash AS payments_tx_hash, payments.amount AS payments_amount, payments.currency AS payments_currency, payments.network AS payments_network, payments.status AS payments_status, payments.error_message AS payments_error_message, payments.verification_method AS payments_verification_method, payments.verification_attempts AS payments_verification_attempts, payments.last_check_at AS payments_last_check_at, payments.created_at AS payments_created_at, payments.verified_at AS payments_verified_at 
FROM payments 
WHERE payments.status = ?]
[parameters: ('pending',)]
(Background on this error at: https://sqlalche.me/e/20/e3q8)
2026-08-17 11:06:23 | ERROR | Periodic check error: (sqlite3.OperationalError) no such column: payments.network
[SQL: SELECT payments.id AS payments_id, payments.user_id AS payments_user_id, payments.tx_hash AS payments_tx_hash, payments.amount AS payments_amount, payments.currency AS payments_currency, payments.network AS payments_network, payments.status AS payments_status, payments.error_message AS payments_error_message, payments.verification_method AS payments_verification_method, payments.verification_attempts AS payments_verification_attempts, payments.last_check_at AS payments_last_check_at, payments.created_at AS payments_created_at, payments.verified_at AS payments_verified_at 
FROM payments 
WHERE payments.status = ?]
[parameters: ('pending',)]
(Background on this error at: https://sqlalche.me/e/20/e3q8)
2026-08-17 11:06:53 | ERROR | Periodic check error: (sqlite3.OperationalError) no such column: payments.network
[SQL: SELECT payments.id AS payments_id, payments.user_id AS payments_user_id, payments.tx_hash AS payments_tx_hash, payments.amount AS payments_amount, payments.currency AS payments_currency, payments.network AS payments_network, payments.status AS payments_status, payments.error_message AS payments_error_message, payments.verification_method AS payments_verification_method, payments.verification_attempts AS payments_verification_attempts, payments.last_check_at AS payments_last_check_at, payments.created_at AS payments_created_at, payments.verified_at AS payments_verified_at 
FROM payments 
WHERE payments.status = ?]
[parameters: ('pending',)]
(Background on this error at: https://sqlalche.me/e/20/e3q8)
2026-08-17 11:07:23 | ERROR | Periodic check error: (sqlite3.OperationalError) no such column: payments.network
[SQL: SELECT payments.id AS payments_id, payments.user_id AS payments_user_id, payments.tx_hash AS payments_tx_hash, payments.amount AS payments_amount, payments.currency AS payments_currency, payments.network AS payments_network, payments.status AS payments_status, payments.error_message AS payments_error_message, payments.verification_method AS payments_verification_method, payments.verification_attempts AS payments_verification_attempts, payments.last_check_at AS payments_last_check_at, payments.created_at AS payments_created_at, payments.verified_at AS payments_verified_at 
FROM payments 
WHERE payments.status = ?]
[parameters: ('pending',)]
(Background on this error at: https://sqlalche.me/e/20/e3q8)
2026-08-17 11:07:53 | ERROR | Periodic check error: (sqlite3.OperationalError) no such column: payments.network
[SQL: SELECT payments.id AS payments_id, payments.user_id AS payments_user_id, payments.tx_hash AS payments_tx_hash, payments.amount AS payments_amount, payments.currency AS payments_currency, payments.network AS payments_network, payments.status AS payments_status, payments.error_message AS payments_error_message, payments.verification_method AS payments_verification_method, payments.verification_attempts AS payments_verification_attempts, payments.last_check_at AS payments_last_check_at, payments.created_at AS payments_created_at, payments.verified_at AS payments_verified_at 
FROM payments 
WHERE payments.status = ?]
[parameters: ('pending',)]
(Background on this error at: https://sqlalche.me/e/20/e3q8)
2026-08-17 11:08:23 | ERROR | Periodic check error: (sqlite3.OperationalError) no such column: payments.network
[SQL: SELECT payments.id AS payments_id, payments.user_id AS payments_user_id, payments.tx_hash AS payments_tx_hash, payments.amount AS payments_amount, payments.currency AS payments_currency, payments.network AS payments_network, payments.status AS payments_status, payments.error_message AS payments_error_message, payments.verification_method AS payments_verification_method, payments.verification_attempts AS payments_verification_attempts, payments.last_check_at AS payments_last_check_at, payments.created_at AS payments_created_at, payments.verified_at AS payments_verified_at 
FROM payments 
WHERE payments.status = ?]
[parameters: ('pending',)]
(Background on this error at: https://sqlalche.me/e/20/e3q8)
2026-08-17 11:08:53 | ERROR | Periodic check error: (sqlite3.OperationalError) no such column: payments.network
[SQL: SELECT payments.id AS payments_id, payments.user_id AS payments_user_id, payments.tx_hash AS payments_tx_hash, payments.amount AS payments_amount, payments.currency AS payments_currency, payments.network AS payments_network, payments.status AS payments_status, payments.error_message AS payments_error_message, payments.verification_method AS payments_verification_method, payments.verification_attempts AS payments_verification_attempts, payments.last_check_at AS payments_last_check_at, payments.created_at AS payments_created_at, payments.verified_at AS payments_verified_at 
FROM payments 
WHERE payments.status = ?]
[parameters: ('pending',)]
(Background on this error at: https://sqlalche.me/e/20/e3q8)
2026-08-17 11:09:23 | ERROR | Periodic check error: (sqlite3.OperationalError) no such column: payments.network
[SQL: SELECT payments.id AS payments_id, payments.user_id AS payments_user_id, payments.tx_hash AS payments_tx_hash, payments.amount AS payments_amount, payments.currency AS payments_currency, payments.network AS payments_network, payments.status AS payments_status, payments.error_message AS payments_error_message, payments.verification_method AS payments_verification_method, payments.verification_attempts AS payments_verification_attempts, payments.last_check_at AS payments_last_check_at, payments.created_at AS payments_created_at, payments.verified_at AS payments_verified_at 
FROM payments 
WHERE payments.status = ?]
[parameters: ('pending',)]
(Background on this error at: https://sqlalche.me/e/20/e3q8)
2026-08-17 11:09:53 | ERROR | Periodic check error: (sqlite3.OperationalError) no such column: payments.network
[SQL: SELECT payments.id AS payments_id, payments.user_id AS payments_user_id, payments.tx_hash AS payments_tx_hash, payments.amount AS payments_amount, payments.currency AS payments_currency, payments.network AS payments_network, payments.status AS payments_status, payments.error_message AS payments_error_message, payments.verification_method AS payments_verification_method, payments.verification_attempts AS payments_verification_attempts, payments.last_check_at AS payments_last_check_at, payments.created_at AS payments_created_at, payments.verified_at AS payments_verified_at 
FROM payments 
WHERE payments.status = ?]
[parameters: ('pending',)]
(Background on this error at: https://sqlalche.me/e/20/e3q8)
2026-08-17 11:10:23 | ERROR | Periodic check error: (sqlite3.OperationalError) no such column: payments.network
[SQL: SELECT payments.id AS payments_id, payments.user_id AS payments_user_id, payments.tx_hash AS payments_tx_hash, payments.amount AS payments_amount, payments.currency AS payments_currency, payments.network AS payments_network, payments.status AS payments_status, payments.error_message AS payments_error_message, payments.verification_method AS payments_verification_method, payments.verification_attempts AS payments_verification_attempts, payments.last_check_at AS payments_last_check_at, payments.created_at AS payments_created_at, payments.verified_at AS payments_verified_at 
FROM payments 
WHERE payments.status = ?]
[parameters: ('pending',)]
(Background on this error at: https://sqlalche.me/e/20/e3q8)
2026-08-17 11:10:53 | ERROR | Periodic check error: (sqlite3.OperationalError) no such column: payments.network
[SQL: SELECT payments.id AS payments_id, payments.user_id AS payments_user_id, payments.tx_hash AS payments_tx_hash, payments.amount AS payments_amount, payments.currency AS payments_currency, payments.network AS payments_network, payments.status AS payments_status, payments.error_message AS payments_error_message, payments.verification_method AS payments_verification_method, payments.verification_attempts AS payments_verification_attempts, payments.last_check_at AS payments_last_check_at, payments.created_at AS payments_created_at, payments.verified_at AS payments_verified_at 
FROM payments 
WHERE payments.status = ?]
[parameters: ('pending',)]
(Background on this error at: https://sqlalche.me/e/20/e3q8)
2026-08-17 11:11:23 | ERROR | Periodic check error: (sqlite3.OperationalError) no such column: payments.network
[SQL: SELECT payments.id AS payments_id, payments.user_id AS payments_user_id, payments.tx_hash AS payments_tx_hash, payments.amount AS payments_amount, payments.currency AS payments_currency, payments.network AS payments_network, payments.status AS payments_status, payments.error_message AS payments_error_message, payments.verification_method AS payments_verification_method, payments.verification_attempts AS payments_verification_attempts, payments.last_check_at AS payments_last_check_at, payments.created_at AS payments_created_at, payments.verified_at AS payments_verified_at 
FROM payments 
WHERE payments.status = ?]
[parameters: ('pending',)]
(Background on this error at: https://sqlalche.me/e/20/e3q8)
2026-08-17 11:11:53 | ERROR | Periodic check error: (sqlite3.OperationalError) no such column: payments.network
[SQL: SELECT payments.id AS payments_id, payments.user_id AS payments_user_id, payments.tx_hash AS payments_tx_hash, payments.amount AS payments_amount, payments.currency AS payments_currency, payments.network AS payments_network, payments.status AS payments_status, payments.error_message AS payments_error_message, payments.verification_method AS payments_verification_method, payments.verification_attempts AS payments_verification_attempts, payments.last_check_at AS payments_last_check_at, payments.created_at AS payments_created_at, payments.verified_at AS payments_verified_at 
FROM payments 
WHERE payments.status = ?]
[parameters: ('pending',)]
(Background on this error at: https://sqlalche.me/e/20/e3q8)
2026-08-17 11:12:23 | ERROR | Periodic check error: (sqlite3.OperationalError) no such column: payments.network
[SQL: SELECT payments.id AS payments_id, payments.user_id AS payments_user_id, payments.tx_hash AS payments_tx_hash, payments.amount AS payments_amount, payments.currency AS payments_currency, payments.network AS payments_network, payments.status AS payments_status, payments.error_message AS payments_error_message, payments.verification_method AS payments_verification_method, payments.verification_attempts AS payments_verification_attempts, payments.last_check_at AS payments_last_check_at, payments.created_at AS payments_created_at, payments.verified_at AS payments_verified_at 
FROM payments 
WHERE payments.status = ?]
[parameters: ('pending',)]
(Background on this error at: https://sqlalche.me/e/20/e3q8)
2026-08-17 11:12:53 | ERROR | Periodic check error: (sqlite3.OperationalError) no such column: payments.network
[SQL: SELECT payments.id AS payments_id, payments.user_id AS payments_user_id, payments.tx_hash AS payments_tx_hash, payments.amount AS payments_amount, payments.currency AS payments_currency, payments.network AS payments_network, payments.status AS payments_status, payments.error_message AS payments_error_message, payments.verification_method AS payments_verification_method, payments.verification_attempts AS payments_verification_attempts, payments.last_check_at AS payments_last_check_at, payments.created_at AS payments_created_at, payments.verified_at AS payments_verified_at 
FROM payments 
WHERE payments.status = ?]
[parameters: ('pending',)]
(Background on this error at: https://sqlalche.me/e/20/e3q8)
2026-08-17 11:13:23 | ERROR | Periodic check error: (sqlite3.OperationalError) no such column: payments.network
[SQL: SELECT payments.id AS payments_id, payments.user_id AS payments_user_id, payments.tx_hash AS payments_tx_hash, payments.amount AS payments_amount, payments.currency AS payments_currency, payments.network AS payments_network, payments.status AS payments_status, payments.error_message AS payments_error_message, payments.verification_method AS payments_verification_method, payments.verification_attempts AS payments_verification_attempts, payments.last_check_at AS payments_last_check_at, payments.created_at AS payments_created_at, payments.verified_at AS payments_verified_at 
FROM payments 
WHERE payments.status = ?]
[parameters: ('pending',)]
(Background on this error at: https://sqlalche.me/e/20/e3q8)
2026-08-17 11:13:53 | ERROR | Periodic check error: (sqlite3.OperationalError) no such column: payments.network
[SQL: SELECT payments.id AS payments_id, payments.user_id AS payments_user_id, payments.tx_hash AS payments_tx_hash, payments.amount AS payments_amount, payments.currency AS payments_currency, payments.network AS payments_network, payments.status AS payments_status, payments.error_message AS payments_error_message, payments.verification_method AS payments_verification_method, payments.verification_attempts AS payments_verification_attempts, payments.last_check_at AS payments_last_check_at, payments.created_at AS payments_created_at, payments.verified_at AS payments_verified_at 
FROM payments 
WHERE payments.status = ?]
[parameters: ('pending',)]
(Background on this error at: https://sqlalche.me/e/20/e3q8)
2026-08-17 11:14:23 | ERROR | Periodic check error: (sqlite3.OperationalError) no such column: payments.network
[SQL: SELECT payments.id AS payments_id, payments.user_id AS payments_user_id, payments.tx_hash AS payments_tx_hash, payments.amount AS payments_amount, payments.currency AS payments_currency, payments.network AS payments_network, payments.status AS payments_status, payments.error_message AS payments_error_message, payments.verification_method AS payments_verification_method, payments.verification_attempts AS payments_verification_attempts, payments.last_check_at AS payments_last_check_at, payments.created_at AS payments_created_at, payments.verified_at AS payments_verified_at 
FROM payments 
WHERE payments.status = ?]
[parameters: ('pending',)]
(Background on this error at: https://sqlalche.me/e/20/e3q8)
2026-08-17 11:14:53 | ERROR | Periodic check error: (sqlite3.OperationalError) no such column: payments.network
[SQL: SELECT payments.id AS payments_id, payments.user_id AS payments_user_id, payments.tx_hash AS payments_tx_hash, payments.amount AS payments_amount, payments.currency AS payments_currency, payments.network AS payments_network, payments.status AS payments_status, payments.error_message AS payments_error_message, payments.verification_method AS payments_verification_method, payments.verification_attempts AS payments_verification_attempts, payments.last_check_at AS payments_last_check_at, payments.created_at AS payments_created_at, payments.verified_at AS payments_verified_at 
FROM payments 
WHERE payments.status = ?]
[parameters: ('pending',)]
(Background on this error at: https://sqlalche.me/e/20/e3q8)
2026-08-17 11:15:23 | ERROR | Periodic check error: (sqlite3.OperationalError) no such column: payments.network
[SQL: SELECT payments.id AS payments_id, payments.user_id AS payments_user_id, payments.tx_hash AS payments_tx_hash, payments.amount AS payments_amount, payments.currency AS payments_currency, payments.network AS payments_network, payments.status AS payments_status, payments.error_message AS payments_error_message, payments.verification_method AS payments_verification_method, payments.verification_attempts AS payments_verification_attempts, payments.last_check_at AS payments_last_check_at, payments.created_at AS payments_created_at, payments.verified_at AS payments_verified_at 
FROM payments 
WHERE payments.status = ?]
[parameters: ('pending',)]
(Background on this error at: https://sqlalche.me/e/20/e3q8)
2026-08-17 11:15:53 | ERROR | Periodic check error: (sqlite3.OperationalError) no such column: payments.network
[SQL: SELECT payments.id AS payments_id, payments.user_id AS payments_user_id, payments.tx_hash AS payments_tx_hash, payments.amount AS payments_amount, payments.currency AS payments_currency, payments.network AS payments_network, payments.status AS payments_status, payments.error_message AS payments_error_message, payments.verification_method AS payments_verification_method, payments.verification_attempts AS payments_verification_attempts, payments.last_check_at AS payments_last_check_at, payments.created_at AS payments_created_at, payments.verified_at AS payments_verified_at 
FROM payments 
WHERE payments.status = ?]
[parameters: ('pending',)]
(Background on this error at: https://sqlalche.me/e/20/e3q8)
2026-08-17 11:16:23 | ERROR | Periodic check error: (sqlite3.OperationalError) no such column: payments.network
[SQL: SELECT payments.id AS payments_id, payments.user_id AS payments_user_id, payments.tx_hash AS payments_tx_hash, payments.amount AS payments_amount, payments.currency AS payments_currency, payments.network AS payments_network, payments.status AS payments_status, payments.error_message AS payments_error_message, payments.verification_method AS payments_verification_method, payments.verification_attempts AS payments_verification_attempts, payments.last_check_at AS payments_last_check_at, payments.created_at AS payments_created_at, payments.verified_at AS payments_verified_at 
FROM payments 
WHERE payments.status = ?]
[parameters: ('pending',)]
(Background on this error at: https://sqlalche.me/e/20/e3q8)
2026-08-17 11:16:53 | ERROR | Periodic check error: (sqlite3.OperationalError) no such column: payments.network
[SQL: SELECT payments.id AS payments_id, payments.user_id AS payments_user_id, payments.tx_hash AS payments_tx_hash, payments.amount AS payments_amount, payments.currency AS payments_currency, payments.network AS payments_network, payments.status AS payments_status, payments.error_message AS payments_error_message, payments.verification_method AS payments_verification_method, payments.verification_attempts AS payments_verification_attempts, payments.last_check_at AS payments_last_check_at, payments.created_at AS payments_created_at, payments.verified_at AS payments_verified_at 
FROM payments 
WHERE payments.status = ?]
[parameters: ('pending',)]
(Background on this error at: https://sqlalche.me/e/20/e3q8)
2026-08-17 11:17:23 | ERROR | Periodic check error: (sqlite3.OperationalError) no such column: payments.network
[SQL: SELECT payments.id AS payments_id, payments.user_id AS payments_user_id, payments.tx_hash AS payments_tx_hash, payments.amount AS payments_amount, payments.currency AS payments_currency, payments.network AS payments_network, payments.status AS payments_status, payments.error_message AS payments_error_message, payments.verification_method AS payments_verification_method, payments.verification_attempts AS payments_verification_attempts, payments.last_check_at AS payments_last_check_at, payments.created_at AS payments_created_at, payments.verified_at AS payments_verified_at 
FROM payments 
WHERE payments.status = ?]
[parameters: ('pending',)]
(Background on this error at: https://sqlalche.me/e/20/e3q8)
2026-08-17 11:17:53 | ERROR | Periodic check error: (sqlite3.OperationalError) no such column: payments.network
[SQL: SELECT payments.id AS payments_id, payments.user_id AS payments_user_id, payments.tx_hash AS payments_tx_hash, payments.amount AS payments_amount, payments.currency AS payments_currency, payments.network AS payments_network, payments.status AS payments_status, payments.error_message AS payments_error_message, payments.verification_method AS payments_verification_method, payments.verification_attempts AS payments_verification_attempts, payments.last_check_at AS payments_last_check_at, payments.created_at AS payments_created_at, payments.verified_at AS payments_verified_at 
FROM payments 
WHERE payments.status = ?]
[parameters: ('pending',)]
(Background on this error at: https://sqlalche.me/e/20/e3q8)
2026-08-17 11:18:23 | ERROR | Periodic check error: (sqlite3.OperationalError) no such column: payments.network
[SQL: SELECT payments.id AS payments_id, payments.user_id AS payments_user_id, payments.tx_hash AS payments_tx_hash, payments.amount AS payments_amount, payments.currency AS payments_currency, payments.network AS payments_network, payments.status AS payments_status, payments.error_message AS payments_error_message, payments.verification_method AS payments_verification_method, payments.verification_attempts AS payments_verification_attempts, payments.last_check_at AS payments_last_check_at, payments.created_at AS payments_created_at, payments.verified_at AS payments_verified_at 
FROM payments 
WHERE payments.status = ?]
[parameters: ('pending',)]
(Background on this error at: https://sqlalche.me/e/20/e3q8)
2026-08-17 11:18:53 | ERROR | Periodic check error: (sqlite3.OperationalError) no such column: payments.network
[SQL: SELECT payments.id AS payments_id, payments.user_id AS payments_user_id, payments.tx_hash AS payments_tx_hash, payments.amount AS payments_amount, payments.currency AS payments_currency, payments.network AS payments_network, payments.status AS payments_status, payments.error_message AS payments_error_message, payments.verification_method AS payments_verification_method, payments.verification_attempts AS payments_verification_attempts, payments.last_check_at AS payments_last_check_at, payments.created_at AS payments_created_at, payments.verified_at AS payments_verified_at 
FROM payments 
WHERE payments.status = ?]
[parameters: ('pending',)]
(Background on this error at: https://sqlalche.me/e/20/e3q8)
2026-08-17 11:19:23 | ERROR | Periodic check error: (sqlite3.OperationalError) no such column: payments.network
[SQL: SELECT payments.id AS payments_id, payments.user_id AS payments_user_id, payments.tx_hash AS payments_tx_hash, payments.amount AS payments_amount, payments.currency AS payments_currency, payments.network AS payments_network, payments.status AS payments_status, payments.error_message AS payments_error_message, payments.verification_method AS payments_verification_method, payments.verification_attempts AS payments_verification_attempts, payments.last_check_at AS payments_last_check_at, payments.created_at AS payments_created_at, payments.verified_at AS payments_verified_at 
FROM payments 
WHERE payments.status = ?]
[parameters: ('pending',)]
(Background on this error at: https://sqlalche.me/e/20/e3q8)
2026-08-17 11:19:53 | ERROR | Periodic check error: (sqlite3.OperationalError) no such column: payments.network
[SQL: SELECT payments.id AS payments_id, payments.user_id AS payments_user_id, payments.tx_hash AS payments_tx_hash, payments.amount AS payments_amount, payments.currency AS payments_currency, payments.network AS payments_network, payments.status AS payments_status, payments.error_message AS payments_error_message, payments.verification_method AS payments_verification_method, payments.verification_attempts AS payments_verification_attempts, payments.last_check_at AS payments_last_check_at, payments.created_at AS payments_created_at, payments.verified_at AS payments_verified_at 
FROM payments 
WHERE payments.status = ?]
[parameters: ('pending',)]
(Background on this error at: https://sqlalche.me/e/20/e3q8)
2026-08-17 11:20:23 | ERROR | Periodic check error: (sqlite3.OperationalError) no such column: payments.network
[SQL: SELECT payments.id AS payments_id, payments.user_id AS payments_user_id, payments.tx_hash AS payments_tx_hash, payments.amount AS payments_amount, payments.currency AS payments_currency, payments.network AS payments_network, payments.status AS payments_status, payments.error_message AS payments_error_message, payments.verification_method AS payments_verification_method, payments.verification_attempts AS payments_verification_attempts, payments.last_check_at AS payments_last_check_at, payments.created_at AS payments_created_at, payments.verified_at AS payments_verified_at 
FROM payments 
WHERE payments.status = ?]
[parameters: ('pending',)]
(Background on this error at: https://sqlalche.me/e/20/e3q8)
2026-08-17 11:20:53 | ERROR | Periodic check error: (sqlite3.OperationalError) no such column: payments.network
[SQL: SELECT payments.id AS payments_id, payments.user_id AS payments_user_id, payments.tx_hash AS payments_tx_hash, payments.amount AS payments_amount, payments.currency AS payments_currency, payments.network AS payments_network, payments.status AS payments_status, payments.error_message AS payments_error_message, payments.verification_method AS payments_verification_method, payments.verification_attempts AS payments_verification_attempts, payments.last_check_at AS payments_last_check_at, payments.created_at AS payments_created_at, payments.verified_at AS payments_verified_at 
FROM payments 
WHERE payments.status = ?]
[parameters: ('pending',)]
(Background on this error at: https://sqlalche.me/e/20/e3q8)
2026-08-17 11:21:53 | ERROR | Periodic check error: QueuePool limit of size 5 overflow 10 reached, connection timed out, timeout 30.00 (Background on this error at: https://sqlalche.me/e/20/3o7r)
2026-08-17 11:22:23 | ERROR | Periodic check error: (sqlite3.OperationalError) no such column: payments.network
[SQL: SELECT payments.id AS payments_id, payments.user_id AS payments_user_id, payments.tx_hash AS payments_tx_hash, payments.amount AS payments_amount, payments.currency AS payments_currency, payments.network AS payments_network, payments.status AS payments_status, payments.error_message AS payments_error_message, payments.verification_method AS payments_verification_method, payments.verification_attempts AS payments_verification_attempts, payments.last_check_at AS payments_last_check_at, payments.created_at AS payments_created_at, payments.verified_at AS payments_verified_at 
FROM payments 
WHERE payments.status = ?]
[parameters: ('pending',)]
(Background on this error at: https://sqlalche.me/e/20/e3q8)
2026-08-17 11:22:53 | ERROR | Periodic check error: (sqlite3.OperationalError) no such column: payments.network
[SQL: SELECT payments.id AS payments_id, payments.user_id AS payments_user_id, payments.tx_hash AS payments_tx_hash, payments.amount AS payments_amount, payments.currency AS payments_currency, payments.network AS payments_network, payments.status AS payments_status, payments.error_message AS payments_error_message, payments.verification_method AS payments_verification_method, payments.verification_attempts AS payments_verification_attempts, payments.last_check_at AS payments_last_check_at, payments.created_at AS payments_created_at, payments.verified_at AS payments_verified_at 
FROM payments 
WHERE payments.status = ?]
[parameters: ('pending',)]
(Background on this error at: https://sqlalche.me/e/20/e3q8)
2026-08-17 11:23:23 | ERROR | Periodic check error: (sqlite3.OperationalError) no such column: payments.network
[SQL: SELECT payments.id AS payments_id, payments.user_id AS payments_user_id, payments.tx_hash AS payments_tx_hash, payments.amount AS payments_amount, payments.currency AS payments_currency, payments.network AS payments_network, payments.status AS payments_status, payments.error_message AS payments_error_message, payments.verification_method AS payments_verification_method, payments.verification_attempts AS payments_verification_attempts, payments.last_check_at AS payments_last_check_at, payments.created_at AS payments_created_at, payments.verified_at AS payments_verified_at 
FROM payments 
WHERE payments.status = ?]
[parameters: ('pending',)]
(Background on this error at: https://sqlalche.me/e/20/e3q8)
2026-08-17 11:23:53 | ERROR | Periodic check error: (sqlite3.OperationalError) no such column: payments.network
[SQL: SELECT payments.id AS payments_id, payments.user_id AS payments_user_id, payments.tx_hash AS payments_tx_hash, payments.amount AS payments_amount, payments.currency AS payments_currency, payments.network AS payments_network, payments.status AS payments_status, payments.error_message AS payments_error_message, payments.verification_method AS payments_verification_method, payments.verification_attempts AS payments_verification_attempts, payments.last_check_at AS payments_last_check_at, payments.created_at AS payments_created_at, payments.verified_at AS payments_verified_at 
FROM payments 
WHERE payments.status = ?]
[parameters: ('pending',)]
(Background on this error at: https://sqlalche.me/e/20/e3q8)
2026-08-17 11:24:23 | ERROR | Periodic check error: (sqlite3.OperationalError) no such column: payments.network
[SQL: SELECT payments.id AS payments_id, payments.user_id AS payments_user_id, payments.tx_hash AS payments_tx_hash, payments.amount AS payments_amount, payments.currency AS payments_currency, payments.network AS payments_network, payments.status AS payments_status, payments.error_message AS payments_error_message, payments.verification_method AS payments_verification_method, payments.verification_attempts AS payments_verification_attempts, payments.last_check_at AS payments_last_check_at, payments.created_at AS payments_created_at, payments.verified_at AS payments_verified_at 
FROM payments 
WHERE payments.status = ?]
[parameters: ('pending',)]
(Background on this error at: https://sqlalche.me/e/20/e3q8)
2026-08-17 11:24:54 | ERROR | Periodic check error: (sqlite3.OperationalError) no such column: payments.network
[SQL: SELECT payments.id AS payments_id, payments.user_id AS payments_user_id, payments.tx_hash AS payments_tx_hash, payments.amount AS payments_amount, payments.currency AS payments_currency, payments.network AS payments_network, payments.status AS payments_status, payments.error_message AS payments_error_message, payments.verification_method AS payments_verification_method, payments.verification_attempts AS payments_verification_attempts, payments.last_check_at AS payments_last_check_at, payments.created_at AS payments_created_at, payments.verified_at AS payments_verified_at 
FROM payments 
WHERE payments.status = ?]
[parameters: ('pending',)]
(Background on this error at: https://sqlalche.me/e/20/e3q8)
2026-08-17 11:25:24 | ERROR | Periodic check error: (sqlite3.OperationalError) no such column: payments.network
[SQL: SELECT payments.id AS payments_id, payments.user_id AS payments_user_id, payments.tx_hash AS payments_tx_hash, payments.amount AS payments_amount, payments.currency AS payments_currency, payments.network AS payments_network, payments.status AS payments_status, payments.error_message AS payments_error_message, payments.verification_method AS payments_verification_method, payments.verification_attempts AS payments_verification_attempts, payments.last_check_at AS payments_last_check_at, payments.created_at AS payments_created_at, payments.verified_at AS payments_verified_at 
FROM payments 
WHERE payments.status = ?]
[parameters: ('pending',)]
(Background on this error at: https://sqlalche.me/e/20/e3q8)
2026-08-17 11:25:54 | ERROR | Periodic check error: (sqlite3.OperationalError) no such column: payments.network
[SQL: SELECT payments.id AS payments_id, payments.user_id AS payments_user_id, payments.tx_hash AS payments_tx_hash, payments.amount AS payments_amount, payments.currency AS payments_currency, payments.network AS payments_network, payments.status AS payments_status, payments.error_message AS payments_error_message, payments.verification_method AS payments_verification_method, payments.verification_attempts AS payments_verification_attempts, payments.last_check_at AS payments_last_check_at, payments.created_at AS payments_created_at, payments.verified_at AS payments_verified_at 
FROM payments 
WHERE payments.status = ?]
[parameters: ('pending',)]
(Background on this error at: https://sqlalche.me/e/20/e3q8)
2026-08-17 11:26:24 | ERROR | Periodic check error: (sqlite3.OperationalError) no such column: payments.network
[SQL: SELECT payments.id AS payments_id, payments.user_id AS payments_user_id, payments.tx_hash AS payments_tx_hash, payments.amount AS payments_amount, payments.currency AS payments_currency, payments.network AS payments_network, payments.status AS payments_status, payments.error_message AS payments_error_message, payments.verification_method AS payments_verification_method, payments.verification_attempts AS payments_verification_attempts, payments.last_check_at AS payments_last_check_at, payments.created_at AS payments_created_at, payments.verified_at AS payments_verified_at 
FROM payments 
WHERE payments.status = ?]
[parameters: ('pending',)]
(Background on this error at: https://sqlalche.me/e/20/e3q8)
2026-08-17 11:27:53 | ERROR | Periodic check error: QueuePool limit of size 5 overflow 10 reached, connection timed out, timeout 30.00 (Background on this error at: https://sqlalche.me/e/20/3o7r)
2026-08-17 11:28:23 | ERROR | Periodic check error: (sqlite3.OperationalError) no such column: payments.network
[SQL: SELECT payments.id AS payments_id, payments.user_id AS payments_user_id, payments.tx_hash AS payments_tx_hash, payments.amount AS payments_amount, payments.currency AS payments_currency, payments.network AS payments_network, payments.status AS payments_status, payments.error_message AS payments_error_message, payments.verification_method AS payments_verification_method, payments.verification_attempts AS payments_verification_attempts, payments.last_check_at AS payments_last_check_at, payments.created_at AS payments_created_at, payments.verified_at AS payments_verified_at 
FROM payments 
WHERE payments.status = ?]
[parameters: ('pending',)]
(Background on this error at: https://sqlalche.me/e/20/e3q8)
2026-08-17 11:28:53 | ERROR | Periodic check error: (sqlite3.OperationalError) no such column: payments.network
[SQL: SELECT payments.id AS payments_id, payments.user_id AS payments_user_id, payments.tx_hash AS payments_tx_hash, payments.amount AS payments_amount, payments.currency AS payments_currency, payments.network AS payments_network, payments.status AS payments_status, payments.error_message AS payments_error_message, payments.verification_method AS payments_verification_method, payments.verification_attempts AS payments_verification_attempts, payments.last_check_at AS payments_last_check_at, payments.created_at AS payments_created_at, payments.verified_at AS payments_verified_at 
FROM payments 
WHERE payments.status = ?]
[parameters: ('pending',)]
(Background on this error at: https://sqlalche.me/e/20/e3q8)
2026-08-17 11:29:23 | ERROR | Periodic check error: (sqlite3.OperationalError) no such column: payments.network
[SQL: SELECT payments.id AS payments_id, payments.user_id AS payments_user_id, payments.tx_hash AS payments_tx_hash, payments.amount AS payments_amount, payments.currency AS payments_currency, payments.network AS payments_network, payments.status AS payments_status, payments.error_message AS payments_error_message, payments.verification_method AS payments_verification_method, payments.verification_attempts AS payments_verification_attempts, payments.last_check_at AS payments_last_check_at, payments.created_at AS payments_created_at, payments.verified_at AS payments_verified_at 
FROM payments 
WHERE payments.status = ?]
[parameters: ('pending',)]
(Background on this error at: https://sqlalche.me/e/20/e3q8)
2026-08-17 11:29:53 | ERROR | Periodic check error: (sqlite3.OperationalError) no such column: payments.network
[SQL: SELECT payments.id AS payments_id, payments.user_id AS payments_user_id, payments.tx_hash AS payments_tx_hash, payments.amount AS payments_amount, payments.currency AS payments_currency, payments.network AS payments_network, payments.status AS payments_status, payments.error_message AS payments_error_message, payments.verification_method AS payments_verification_method, payments.verification_attempts AS payments_verification_attempts, payments.last_check_at AS payments_last_check_at, payments.created_at AS payments_created_at, payments.verified_at AS payments_verified_at 
FROM payments 
WHERE payments.status = ?]
[parameters: ('pending',)]
(Background on this error at: https://sqlalche.me/e/20/e3q8)
2026-08-17 11:30:23 | ERROR | Periodic check error: (sqlite3.OperationalError) no such column: payments.network
[SQL: SELECT payments.id AS payments_id, payments.user_id AS payments_user_id, payments.tx_hash AS payments_tx_hash, payments.amount AS payments_amount, payments.currency AS payments_currency, payments.network AS payments_network, payments.status AS payments_status, payments.error_message AS payments_error_message, payments.verification_method AS payments_verification_method, payments.verification_attempts AS payments_verification_attempts, payments.last_check_at AS payments_last_check_at, payments.created_at AS payments_created_at, payments.verified_at AS payments_verified_at 
FROM payments 
WHERE payments.status = ?]
[parameters: ('pending',)]
(Background on this error at: https://sqlalche.me/e/20/e3q8)
2026-08-17 11:30:53 | ERROR | Periodic check error: (sqlite3.OperationalError) no such column: payments.network
[SQL: SELECT payments.id AS payments_id, payments.user_id AS payments_user_id, payments.tx_hash AS payments_tx_hash, payments.amount AS payments_amount, payments.currency AS payments_currency, payments.network AS payments_network, payments.status AS payments_status, payments.error_message AS payments_error_message, payments.verification_method AS payments_verification_method, payments.verification_attempts AS payments_verification_attempts, payments.last_check_at AS payments_last_check_at, payments.created_at AS payments_created_at, payments.verified_at AS payments_verified_at 
FROM payments 
WHERE payments.status = ?]
[parameters: ('pending',)]
(Background on this error at: https://sqlalche.me/e/20/e3q8)
2026-08-17 11:31:23 | ERROR | Periodic check error: (sqlite3.OperationalError) no such column: payments.network
[SQL: SELECT payments.id AS payments_id, payments.user_id AS payments_user_id, payments.tx_hash AS payments_tx_hash, payments.amount AS payments_amount, payments.currency AS payments_currency, payments.network AS payments_network, payments.status AS payments_status, payments.error_message AS payments_error_message, payments.verification_method AS payments_verification_method, payments.verification_attempts AS payments_verification_attempts, payments.last_check_at AS payments_last_check_at, payments.created_at AS payments_created_at, payments.verified_at AS payments_verified_at 
FROM payments 
WHERE payments.status = ?]
[parameters: ('pending',)]
(Background on this error at: https://sqlalche.me/e/20/e3q8)
2026-08-17 11:32:53 | ERROR | Periodic check error: QueuePool limit of size 5 overflow 10 reached, connection timed out, timeout 30.00 (Background on this error at: https://sqlalche.me/e/20/3o7r)
2026-08-17 11:33:53 | ERROR | Periodic check error: QueuePool limit of size 5 overflow 10 reached, connection timed out, timeout 30.00 (Background on this error at: https://sqlalche.me/e/20/3o7r)
2026-08-17 11:34:23 | ERROR | Periodic check error: (sqlite3.OperationalError) no such column: payments.network
[SQL: SELECT payments.id AS payments_id, payments.user_id AS payments_user_id, payments.tx_hash AS payments_tx_hash, payments.amount AS payments_amount, payments.currency AS payments_currency, payments.network AS payments_network, payments.status AS payments_status, payments.error_message AS payments_error_message, payments.verification_method AS payments_verification_method, payments.verification_attempts AS payments_verification_attempts, payments.last_check_at AS payments_last_check_at, payments.created_at AS payments_created_at, payments.verified_at AS payments_verified_at 
FROM payments 
WHERE payments.status = ?]
[parameters: ('pending',)]
(Background on this error at: https://sqlalche.me/e/20/e3q8)
2026-08-17 11:34:53 | ERROR | Periodic check error: (sqlite3.OperationalError) no such column: payments.network
[SQL: SELECT payments.id AS payments_id, payments.user_id AS payments_user_id, payments.tx_hash AS payments_tx_hash, payments.amount AS payments_amount, payments.currency AS payments_currency, payments.network AS payments_network, payments.status AS payments_status, payments.error_message AS payments_error_message, payments.verification_method AS payments_verification_method, payments.verification_attempts AS payments_verification_attempts, payments.last_check_at AS payments_last_check_at, payments.created_at AS payments_created_at, payments.verified_at AS payments_verified_at 
FROM payments 
WHERE payments.status = ?]
[parameters: ('pending',)]
(Background on this error at: https://sqlalche.me/e/20/e3q8)
2026-08-17 11:35:23 | ERROR | Periodic check error: (sqlite3.OperationalError) no such column: payments.network
[SQL: SELECT payments.id AS payments_id, payments.user_id AS payments_user_id, payments.tx_hash AS payments_tx_hash, payments.amount AS payments_amount, payments.currency AS payments_currency, payments.network AS payments_network, payments.status AS payments_status, payments.error_message AS payments_error_message, payments.verification_method AS payments_verification_method, payments.verification_attempts AS payments_verification_attempts, payments.last_check_at AS payments_last_check_at, payments.created_at AS payments_created_at, payments.verified_at AS payments_verified_at 
FROM payments 
WHERE payments.status = ?]
[parameters: ('pending',)]
(Background on this error at: https://sqlalche.me/e/20/e3q8)
2026-08-17 11:36:23 | ERROR | Periodic check error: QueuePool limit of size 5 overflow 10 reached, connection timed out, timeout 30.00 (Background on this error at: https://sqlalche.me/e/20/3o7r)
2026-08-17 11:36:53 | ERROR | Periodic check error: (sqlite3.OperationalError) no such column: payments.network
[SQL: SELECT payments.id AS payments_id, payments.user_id AS payments_user_id, payments.tx_hash AS payments_tx_hash, payments.amount AS payments_amount, payments.currency AS payments_currency, payments.network AS payments_network, payments.status AS payments_status, payments.error_message AS payments_error_message, payments.verification_method AS payments_verification_method, payments.verification_attempts AS payments_verification_attempts, payments.last_check_at AS payments_last_check_at, payments.created_at AS payments_created_at, payments.verified_at AS payments_verified_at 
FROM payments 
WHERE payments.status = ?]
[parameters: ('pending',)]
(Background on this error at: https://sqlalche.me/e/20/e3q8)
2026-08-17 11:37:23 | ERROR | Periodic check error: (sqlite3.OperationalError) no such column: payments.network
[SQL: SELECT payments.id AS payments_id, payments.user_id AS payments_user_id, payments.tx_hash AS payments_tx_hash, payments.amount AS payments_amount, payments.currency AS payments_currency, payments.network AS payments_network, payments.status AS payments_status, payments.error_message AS payments_error_message, payments.verification_method AS payments_verification_method, payments.verification_attempts AS payments_verification_attempts, payments.last_check_at AS payments_last_check_at, payments.created_at AS payments_created_at, payments.verified_at AS payments_verified_at 
FROM payments 
WHERE payments.status = ?]
[parameters: ('pending',)]
(Background on this error at: https://sqlalche.me/e/20/e3q8)
2026-08-17 11:37:53 | ERROR | Periodic check error: (sqlite3.OperationalError) no such column: payments.network
[SQL: SELECT payments.id AS payments_id, payments.user_id AS payments_user_id, payments.tx_hash AS payments_tx_hash, payments.amount AS payments_amount, payments.currency AS payments_currency, payments.network AS payments_network, payments.status AS payments_status, payments.error_message AS payments_error_message, payments.verification_method AS payments_verification_method, payments.verification_attempts AS payments_verification_attempts, payments.last_check_at AS payments_last_check_at, payments.created_at AS payments_created_at, payments.verified_at AS payments_verified_at 
FROM payments 
WHERE payments.status = ?]
[parameters: ('pending',)]
(Background on this error at: https://sqlalche.me/e/20/e3q8)
2026-08-17 11:38:23 | ERROR | Periodic check error: (sqlite3.OperationalError) no such column: payments.network
[SQL: SELECT payments.id AS payments_id, payments.user_id AS payments_user_id, payments.tx_hash AS payments_tx_hash, payments.amount AS payments_amount, payments.currency AS payments_currency, payments.network AS payments_network, payments.status AS payments_status, payments.error_message AS payments_error_message, payments.verification_method AS payments_verification_method, payments.verification_attempts AS payments_verification_attempts, payments.last_check_at AS payments_last_check_at, payments.created_at AS payments_created_at, payments.verified_at AS payments_verified_at 
FROM payments 
WHERE payments.status = ?]
[parameters: ('pending',)]
(Background on this error at: https://sqlalche.me/e/20/e3q8)
2026-08-17 11:38:53 | ERROR | Periodic check error: (sqlite3.OperationalError) no such column: payments.network
[SQL: SELECT payments.id AS payments_id, payments.user_id AS payments_user_id, payments.tx_hash AS payments_tx_hash, payments.amount AS payments_amount, payments.currency AS payments_currency, payments.network AS payments_network, payments.status AS payments_status, payments.error_message AS payments_error_message, payments.verification_method AS payments_verification_method, payments.verification_attempts AS payments_verification_attempts, payments.last_check_at AS payments_last_check_at, payments.created_at AS payments_created_at, payments.verified_at AS payments_verified_at 
FROM payments 
WHERE payments.status = ?]
[parameters: ('pending',)]
(Background on this error at: https://sqlalche.me/e/20/e3q8)
2026-08-17 11:39:23 | ERROR | Periodic check error: (sqlite3.OperationalError) no such column: payments.network
[SQL: SELECT payments.id AS payments_id, payments.user_id AS payments_user_id, payments.tx_hash AS payments_tx_hash, payments.amount AS payments_amount, payments.currency AS payments_currency, payments.network AS payments_network, payments.status AS payments_status, payments.error_message AS payments_error_message, payments.verification_method AS payments_verification_method, payments.verification_attempts AS payments_verification_attempts, payments.last_check_at AS payments_last_check_at, payments.created_at AS payments_created_at, payments.verified_at AS payments_verified_at 
FROM payments 
WHERE payments.status = ?]
[parameters: ('pending',)]
(Background on this error at: https://sqlalche.me/e/20/e3q8)
2026-08-17 11:39:53 | ERROR | Periodic check error: (sqlite3.OperationalError) no such column: payments.network
[SQL: SELECT payments.id AS payments_id, payments.user_id AS payments_user_id, payments.tx_hash AS payments_tx_hash, payments.amount AS payments_amount, payments.currency AS payments_currency, payments.network AS payments_network, payments.status AS payments_status, payments.error_message AS payments_error_message, payments.verification_method AS payments_verification_method, payments.verification_attempts AS payments_verification_attempts, payments.last_check_at AS payments_last_check_at, payments.created_at AS payments_created_at, payments.verified_at AS payments_verified_at 
FROM payments 
WHERE payments.status = ?]
[parameters: ('pending',)]
(Background on this error at: https://sqlalche.me/e/20/e3q8)
2026-08-17 11:40:23 | ERROR | Periodic check error: (sqlite3.OperationalError) no such column: payments.network
[SQL: SELECT payments.id AS payments_id, payments.user_id AS payments_user_id, payments.tx_hash AS payments_tx_hash, payments.amount AS payments_amount, payments.currency AS payments_currency, payments.network AS payments_network, payments.status AS payments_status, payments.error_message AS payments_error_message, payments.verification_method AS payments_verification_method, payments.verification_attempts AS payments_verification_attempts, payments.last_check_at AS payments_last_check_at, payments.created_at AS payments_created_at, payments.verified_at AS payments_verified_at 
FROM payments 
WHERE payments.status = ?]
[parameters: ('pending',)]
(Background on this error at: https://sqlalche.me/e/20/e3q8)
2026-08-17 11:40:53 | ERROR | Periodic check error: (sqlite3.OperationalError) no such column: payments.network
[SQL: SELECT payments.id AS payments_id, payments.user_id AS payments_user_id, payments.tx_hash AS payments_tx_hash, payments.amount AS payments_amount, payments.currency AS payments_currency, payments.network AS payments_network, payments.status AS payments_status, payments.error_message AS payments_error_message, payments.verification_method AS payments_verification_method, payments.verification_attempts AS payments_verification_attempts, payments.last_check_at AS payments_last_check_at, payments.created_at AS payments_created_at, payments.verified_at AS payments_verified_at 
FROM payments 
WHERE payments.status = ?]
[parameters: ('pending',)]
(Background on this error at: https://sqlalche.me/e/20/e3q8)
2026-08-17 11:41:23 | ERROR | Periodic check error: (sqlite3.OperationalError) no such column: payments.network
[SQL: SELECT payments.id AS payments_id, payments.user_id AS payments_user_id, payments.tx_hash AS payments_tx_hash, payments.amount AS payments_amount, payments.currency AS payments_currency, payments.network AS payments_network, payments.status AS payments_status, payments.error_message AS payments_error_message, payments.verification_method AS payments_verification_method, payments.verification_attempts AS payments_verification_attempts, payments.last_check_at AS payments_last_check_at, payments.created_at AS payments_created_at, payments.verified_at AS payments_verified_at 
FROM payments 
WHERE payments.status = ?]
[parameters: ('pending',)]
(Background on this error at: https://sqlalche.me/e/20/e3q8)
2026-08-17 11:41:53 | ERROR | Periodic check error: (sqlite3.OperationalError) no such column: payments.network
[SQL: SELECT payments.id AS payments_id, payments.user_id AS payments_user_id, payments.tx_hash AS payments_tx_hash, payments.amount AS payments_amount, payments.currency AS payments_currency, payments.network AS payments_network, payments.status AS payments_status, payments.error_message AS payments_error_message, payments.verification_method AS payments_verification_method, payments.verification_attempts AS payments_verification_attempts, payments.last_check_at AS payments_last_check_at, payments.created_at AS payments_created_at, payments.verified_at AS payments_verified_at 
FROM payments 
WHERE payments.status = ?]
[parameters: ('pending',)]
(Background on this error at: https://sqlalche.me/e/20/e3q8)
2026-08-17 11:42:23 | ERROR | Periodic check error: (sqlite3.OperationalError) no such column: payments.network
[SQL: SELECT payments.id AS payments_id, payments.user_id AS payments_user_id, payments.tx_hash AS payments_tx_hash, payments.amount AS payments_amount, payments.currency AS payments_currency, payments.network AS payments_network, payments.status AS payments_status, payments.error_message AS payments_error_message, payments.verification_method AS payments_verification_method, payments.verification_attempts AS payments_verification_attempts, payments.last_check_at AS payments_last_check_at, payments.created_at AS payments_created_at, payments.verified_at AS payments_verified_at 
FROM payments 
WHERE payments.status = ?]
[parameters: ('pending',)]
(Background on this error at: https://sqlalche.me/e/20/e3q8)
2026-08-17 11:42:53 | ERROR | Periodic check error: (sqlite3.OperationalError) no such column: payments.network
[SQL: SELECT payments.id AS payments_id, payments.user_id AS payments_user_id, payments.tx_hash AS payments_tx_hash, payments.amount AS payments_amount, payments.currency AS payments_currency, payments.network AS payments_network, payments.status AS payments_status, payments.error_message AS payments_error_message, payments.verification_method AS payments_verification_method, payments.verification_attempts AS payments_verification_attempts, payments.last_check_at AS payments_last_check_at, payments.created_at AS payments_created_at, payments.verified_at AS payments_verified_at 
FROM payments 
WHERE payments.status = ?]
[parameters: ('pending',)]
(Background on this error at: https://sqlalche.me/e/20/e3q8)
2026-08-17 11:43:23 | ERROR | Periodic check error: (sqlite3.OperationalError) no such column: payments.network
[SQL: SELECT payments.id AS payments_id, payments.user_id AS payments_user_id, payments.tx_hash AS payments_tx_hash, payments.amount AS payments_amount, payments.currency AS payments_currency, payments.network AS payments_network, payments.status AS payments_status, payments.error_message AS payments_error_message, payments.verification_method AS payments_verification_method, payments.verification_attempts AS payments_verification_attempts, payments.last_check_at AS payments_last_check_at, payments.created_at AS payments_created_at, payments.verified_at AS payments_verified_at 
FROM payments 
WHERE payments.status = ?]
[parameters: ('pending',)]
(Background on this error at: https://sqlalche.me/e/20/e3q8)
2026-08-17 11:43:53 | ERROR | Periodic check error: (sqlite3.OperationalError) no such column: payments.network
[SQL: SELECT payments.id AS payments_id, payments.user_id AS payments_user_id, payments.tx_hash AS payments_tx_hash, payments.amount AS payments_amount, payments.currency AS payments_currency, payments.network AS payments_network, payments.status AS payments_status, payments.error_message AS payments_error_message, payments.verification_method AS payments_verification_method, payments.verification_attempts AS payments_verification_attempts, payments.last_check_at AS payments_last_check_at, payments.created_at AS payments_created_at, payments.verified_at AS payments_verified_at 
FROM payments 
WHERE payments.status = ?]
[parameters: ('pending',)]
(Background on this error at: https://sqlalche.me/e/20/e3q8)
2026-08-17 11:44:23 | ERROR | Periodic check error: (sqlite3.OperationalError) no such column: payments.network
[SQL: SELECT payments.id AS payments_id, payments.user_id AS payments_user_id, payments.tx_hash AS payments_tx_hash, payments.amount AS payments_amount, payments.currency AS payments_currency, payments.network AS payments_network, payments.status AS payments_status, payments.error_message AS payments_error_message, payments.verification_method AS payments_verification_method, payments.verification_attempts AS payments_verification_attempts, payments.last_check_at AS payments_last_check_at, payments.created_at AS payments_created_at, payments.verified_at AS payments_verified_at 
FROM payments 
WHERE payments.status = ?]
[parameters: ('pending',)]
(Background on this error at: https://sqlalche.me/e/20/e3q8)
2026-08-17 11:44:53 | ERROR | Periodic check error: (sqlite3.OperationalError) no such column: payments.network
[SQL: SELECT payments.id AS payments_id, payments.user_id AS payments_user_id, payments.tx_hash AS payments_tx_hash, payments.amount AS payments_amount, payments.currency AS payments_currency, payments.network AS payments_network, payments.status AS payments_status, payments.error_message AS payments_error_message, payments.verification_method AS payments_verification_method, payments.verification_attempts AS payments_verification_attempts, payments.last_check_at AS payments_last_check_at, payments.created_at AS payments_created_at, payments.verified_at AS payments_verified_at 
FROM payments 
WHERE payments.status = ?]
[parameters: ('pending',)]
(Background on this error at: https://sqlalche.me/e/20/e3q8)
2026-08-17 11:45:23 | ERROR | Periodic check error: (sqlite3.OperationalError) no such column: payments.network
[SQL: SELECT payments.id AS payments_id, payments.user_id AS payments_user_id, payments.tx_hash AS payments_tx_hash, payments.amount AS payments_amount, payments.currency AS payments_currency, payments.network AS payments_network, payments.status AS payments_status, payments.error_message AS payments_error_message, payments.verification_method AS payments_verification_method, payments.verification_attempts AS payments_verification_attempts, payments.last_check_at AS payments_last_check_at, payments.created_at AS payments_created_at, payments.verified_at AS payments_verified_at 
FROM payments 
WHERE payments.status = ?]
[parameters: ('pending',)]
(Background on this error at: https://sqlalche.me/e/20/e3q8)
2026-08-17 11:45:53 | ERROR | Periodic check error: (sqlite3.OperationalError) no such column: payments.network
[SQL: SELECT payments.id AS payments_id, payments.user_id AS payments_user_id, payments.tx_hash AS payments_tx_hash, payments.amount AS payments_amount, payments.currency AS payments_currency, payments.network AS payments_network, payments.status AS payments_status, payments.error_message AS payments_error_message, payments.verification_method AS payments_verification_method, payments.verification_attempts AS payments_verification_attempts, payments.last_check_at AS payments_last_check_at, payments.created_at AS payments_created_at, payments.verified_at AS payments_verified_at 
FROM payments 
WHERE payments.status = ?]
[parameters: ('pending',)]
(Background on this error at: https://sqlalche.me/e/20/e3q8)
2026-08-17 11:46:23 | ERROR | Periodic check error: (sqlite3.OperationalError) no such column: payments.network
[SQL: SELECT payments.id AS payments_id, payments.user_id AS payments_user_id, payments.tx_hash AS payments_tx_hash, payments.amount AS payments_amount, payments.currency AS payments_currency, payments.network AS payments_network, payments.status AS payments_status, payments.error_message AS payments_error_message, payments.verification_method AS payments_verification_method, payments.verification_attempts AS payments_verification_attempts, payments.last_check_at AS payments_last_check_at, payments.created_at AS payments_created_at, payments.verified_at AS payments_verified_at 
FROM payments 
WHERE payments.status = ?]
[parameters: ('pending',)]
(Background on this error at: https://sqlalche.me/e/20/e3q8)
2026-08-17 11:46:53 | ERROR | Periodic check error: (sqlite3.OperationalError) no such column: payments.network
[SQL: SELECT payments.id AS payments_id, payments.user_id AS payments_user_id, payments.tx_hash AS payments_tx_hash, payments.amount AS payments_amount, payments.currency AS payments_currency, payments.network AS payments_network, payments.status AS payments_status, payments.error_message AS payments_error_message, payments.verification_method AS payments_verification_method, payments.verification_attempts AS payments_verification_attempts, payments.last_check_at AS payments_last_check_at, payments.created_at AS payments_created_at, payments.verified_at AS payments_verified_at 
FROM payments 
WHERE payments.status = ?]
[parameters: ('pending',)]
(Background on this error at: https://sqlalche.me/e/20/e3q8)
2026-08-17 11:47:23 | ERROR | Periodic check error: (sqlite3.OperationalError) no such column: payments.network
[SQL: SELECT payments.id AS payments_id, payments.user_id AS payments_user_id, payments.tx_hash AS payments_tx_hash, payments.amount AS payments_amount, payments.currency AS payments_currency, payments.network AS payments_network, payments.status AS payments_status, payments.error_message AS payments_error_message, payments.verification_method AS payments_verification_method, payments.verification_attempts AS payments_verification_attempts, payments.last_check_at AS payments_last_check_at, payments.created_at AS payments_created_at, payments.verified_at AS payments_verified_at 
FROM payments 
WHERE payments.status = ?]
[parameters: ('pending',)]
(Background on this error at: https://sqlalche.me/e/20/e3q8)
2026-08-17 11:49:23 | ERROR | Periodic check error: QueuePool limit of size 5 overflow 10 reached, connection timed out, timeout 30.00 (Background on this error at: https://sqlalche.me/e/20/3o7r)
2026-08-17 11:49:53 | ERROR | Periodic check error: (sqlite3.OperationalError) no such column: payments.network
[SQL: SELECT payments.id AS payments_id, payments.user_id AS payments_user_id, payments.tx_hash AS payments_tx_hash, payments.amount AS payments_amount, payments.currency AS payments_currency, payments.network AS payments_network, payments.status AS payments_status, payments.error_message AS payments_error_message, payments.verification_method AS payments_verification_method, payments.verification_attempts AS payments_verification_attempts, payments.last_check_at AS payments_last_check_at, payments.created_at AS payments_created_at, payments.verified_at AS payments_verified_at 
FROM payments 
WHERE payments.status = ?]
[parameters: ('pending',)]
(Background on this error at: https://sqlalche.me/e/20/e3q8)
2026-08-17 11:50:23 | ERROR | Periodic check error: (sqlite3.OperationalError) no such column: payments.network
[SQL: SELECT payments.id AS payments_id, payments.user_id AS payments_user_id, payments.tx_hash AS payments_tx_hash, payments.amount AS payments_amount, payments.currency AS payments_currency, payments.network AS payments_network, payments.status AS payments_status, payments.error_message AS payments_error_message, payments.verification_method AS payments_verification_method, payments.verification_attempts AS payments_verification_attempts, payments.last_check_at AS payments_last_check_at, payments.created_at AS payments_created_at, payments.verified_at AS payments_verified_at 
FROM payments 
WHERE payments.status = ?]
[parameters: ('pending',)]
(Background on this error at: https://sqlalche.me/e/20/e3q8)
2026-08-17 11:50:53 | ERROR | Periodic check error: (sqlite3.OperationalError) no such column: payments.network
[SQL: SELECT payments.id AS payments_id, payments.user_id AS payments_user_id, payments.tx_hash AS payments_tx_hash, payments.amount AS payments_amount, payments.currency AS payments_currency, payments.network AS payments_network, payments.status AS payments_status, payments.error_message AS payments_error_message, payments.verification_method AS payments_verification_method, payments.verification_attempts AS payments_verification_attempts, payments.last_check_at AS payments_last_check_at, payments.created_at AS payments_created_at, payments.verified_at AS payments_verified_at 
FROM payments 
WHERE payments.status = ?]
[parameters: ('pending',)]
(Background on this error at: https://sqlalche.me/e/20/e3q8)
2026-08-17 11:51:23 | ERROR | Periodic check error: (sqlite3.OperationalError) no such column: payments.network
[SQL: SELECT payments.id AS payments_id, payments.user_id AS payments_user_id, payments.tx_hash AS payments_tx_hash, payments.amount AS payments_amount, payments.currency AS payments_currency, payments.network AS payments_network, payments.status AS payments_status, payments.error_message AS payments_error_message, payments.verification_method AS payments_verification_method, payments.verification_attempts AS payments_verification_attempts, payments.last_check_at AS payments_last_check_at, payments.created_at AS payments_created_at, payments.verified_at AS payments_verified_at 
FROM payments 
WHERE payments.status = ?]
[parameters: ('pending',)]
(Background on this error at: https://sqlalche.me/e/20/e3q8)
2026-08-17 11:51:53 | ERROR | Periodic check error: (sqlite3.OperationalError) no such column: payments.network
[SQL: SELECT payments.id AS payments_id, payments.user_id AS payments_user_id, payments.tx_hash AS payments_tx_hash, payments.amount AS payments_amount, payments.currency AS payments_currency, payments.network AS payments_network, payments.status AS payments_status, payments.error_message AS payments_error_message, payments.verification_method AS payments_verification_method, payments.verification_attempts AS payments_verification_attempts, payments.last_check_at AS payments_last_check_at, payments.created_at AS payments_created_at, payments.verified_at AS payments_verified_at 
FROM payments 
WHERE payments.status = ?]
[parameters: ('pending',)]
(Background on this error at: https://sqlalche.me/e/20/e3q8)
2026-08-17 11:52:23 | ERROR | Periodic check error: (sqlite3.OperationalError) no such column: payments.network
[SQL: SELECT payments.id AS payments_id, payments.user_id AS payments_user_id, payments.tx_hash AS payments_tx_hash, payments.amount AS payments_amount, payments.currency AS payments_currency, payments.network AS payments_network, payments.status AS payments_status, payments.error_message AS payments_error_message, payments.verification_method AS payments_verification_method, payments.verification_attempts AS payments_verification_attempts, payments.last_check_at AS payments_last_check_at, payments.created_at AS payments_created_at, payments.verified_at AS payments_verified_at 
FROM payments 
WHERE payments.status = ?]
[parameters: ('pending',)]
(Background on this error at: https://sqlalche.me/e/20/e3q8)
2026-08-17 11:52:54 | ERROR | Periodic check error: (sqlite3.OperationalError) no such column: payments.network
[SQL: SELECT payments.id AS payments_id, payments.user_id AS payments_user_id, payments.tx_hash AS payments_tx_hash, payments.amount AS payments_amount, payments.currency AS payments_currency, payments.network AS payments_network, payments.status AS payments_status, payments.error_message AS payments_error_message, payments.verification_method AS payments_verification_method, payments.verification_attempts AS payments_verification_attempts, payments.last_check_at AS payments_last_check_at, payments.created_at AS payments_created_at, payments.verified_at AS payments_verified_at 
FROM payments 
WHERE payments.status = ?]
[parameters: ('pending',)]
(Background on this error at: https://sqlalche.me/e/20/e3q8)
2026-08-17 11:53:24 | ERROR | Periodic check error: (sqlite3.OperationalError) no such column: payments.network
[SQL: SELECT payments.id AS payments_id, payments.user_id AS payments_user_id, payments.tx_hash AS payments_tx_hash, payments.amount AS payments_amount, payments.currency AS payments_currency, payments.network AS payments_network, payments.status AS payments_status, payments.error_message AS payments_error_message, payments.verification_method AS payments_verification_method, payments.verification_attempts AS payments_verification_attempts, payments.last_check_at AS payments_last_check_at, payments.created_at AS payments_created_at, payments.verified_at AS payments_verified_at 
FROM payments 
WHERE payments.status = ?]
[parameters: ('pending',)]
(Background on this error at: https://sqlalche.me/e/20/e3q8)
2026-08-17 11:53:54 | ERROR | Periodic check error: (sqlite3.OperationalError) no such column: payments.network
[SQL: SELECT payments.id AS payments_id, payments.user_id AS payments_user_id, payments.tx_hash AS payments_tx_hash, payments.amount AS payments_amount, payments.currency AS payments_currency, payments.network AS payments_network, payments.status AS payments_status, payments.error_message AS payments_error_message, payments.verification_method AS payments_verification_method, payments.verification_attempts AS payments_verification_attempts, payments.last_check_at AS payments_last_check_at, payments.created_at AS payments_created_at, payments.verified_at AS payments_verified_at 
FROM payments 
WHERE payments.status = ?]
[parameters: ('pending',)]
(Background on this error at: https://sqlalche.me/e/20/e3q8)
2026-08-17 11:54:24 | ERROR | Periodic check error: (sqlite3.OperationalError) no such column: payments.network
[SQL: SELECT payments.id AS payments_id, payments.user_id AS payments_user_id, payments.tx_hash AS payments_tx_hash, payments.amount AS payments_amount, payments.currency AS payments_currency, payments.network AS payments_network, payments.status AS payments_status, payments.error_message AS payments_error_message, payments.verification_method AS payments_verification_method, payments.verification_attempts AS payments_verification_attempts, payments.last_check_at AS payments_last_check_at, payments.created_at AS payments_created_at, payments.verified_at AS payments_verified_at 
FROM payments 
WHERE payments.status = ?]
[parameters: ('pending',)]
(Background on this error at: https://sqlalche.me/e/20/e3q8)
2026-08-17 11:54:54 | ERROR | Periodic check error: (sqlite3.OperationalError) no such column: payments.network
[SQL: SELECT payments.id AS payments_id, payments.user_id AS payments_user_id, payments.tx_hash AS payments_tx_hash, payments.amount AS payments_amount, payments.currency AS payments_currency, payments.network AS payments_network, payments.status AS payments_status, payments.error_message AS payments_error_message, payments.verification_method AS payments_verification_method, payments.verification_attempts AS payments_verification_attempts, payments.last_check_at AS payments_last_check_at, payments.created_at AS payments_created_at, payments.verified_at AS payments_verified_at 
FROM payments 
WHERE payments.status = ?]
[parameters: ('pending',)]
(Background on this error at: https://sqlalche.me/e/20/e3q8)
2026-08-17 11:55:24 | ERROR | Periodic check error: (sqlite3.OperationalError) no such column: payments.network
[SQL: SELECT payments.id AS payments_id, payments.user_id AS payments_user_id, payments.tx_hash AS payments_tx_hash, payments.amount AS payments_amount, payments.currency AS payments_currency, payments.network AS payments_network, payments.status AS payments_status, payments.error_message AS payments_error_message, payments.verification_method AS payments_verification_method, payments.verification_attempts AS payments_verification_attempts, payments.last_check_at AS payments_last_check_at, payments.created_at AS payments_created_at, payments.verified_at AS payments_verified_at 
FROM payments 
WHERE payments.status = ?]
[parameters: ('pending',)]
(Background on this error at: https://sqlalche.me/e/20/e3q8)
2026-08-17 11:55:54 | ERROR | Periodic check error: (sqlite3.OperationalError) no such column: payments.network
[SQL: SELECT payments.id AS payments_id, payments.user_id AS payments_user_id, payments.tx_hash AS payments_tx_hash, payments.amount AS payments_amount, payments.currency AS payments_currency, payments.network AS payments_network, payments.status AS payments_status, payments.error_message AS payments_error_message, payments.verification_method AS payments_verification_method, payments.verification_attempts AS payments_verification_attempts, payments.last_check_at AS payments_last_check_at, payments.created_at AS payments_created_at, payments.verified_at AS payments_verified_at 
FROM payments 
WHERE payments.status = ?]
[parameters: ('pending',)]
(Background on this error at: https://sqlalche.me/e/20/e3q8)
2026-08-17 11:56:24 | ERROR | Periodic check error: (sqlite3.OperationalError) no such column: payments.network
[SQL: SELECT payments.id AS payments_id, payments.user_id AS payments_user_id, payments.tx_hash AS payments_tx_hash, payments.amount AS payments_amount, payments.currency AS payments_currency, payments.network AS payments_network, payments.status AS payments_status, payments.error_message AS payments_error_message, payments.verification_method AS payments_verification_method, payments.verification_attempts AS payments_verification_attempts, payments.last_check_at AS payments_last_check_at, payments.created_at AS payments_created_at, payments.verified_at AS payments_verified_at 
FROM payments 
WHERE payments.status = ?]
[parameters: ('pending',)]
(Background on this error at: https://sqlalche.me/e/20/e3q8)
2026-08-17 11:56:54 | ERROR | Periodic check error: (sqlite3.OperationalError) no such column: payments.network
[SQL: SELECT payments.id AS payments_id, payments.user_id AS payments_user_id, payments.tx_hash AS payments_tx_hash, payments.amount AS payments_amount, payments.currency AS payments_currency, payments.network AS payments_network, payments.status AS payments_status, payments.error_message AS payments_error_message, payments.verification_method AS payments_verification_method, payments.verification_attempts AS payments_verification_attempts, payments.last_check_at AS payments_last_check_at, payments.created_at AS payments_created_at, payments.verified_at AS payments_verified_at 
FROM payments 
WHERE payments.status = ?]
[parameters: ('pending',)]
(Background on this error at: https://sqlalche.me/e/20/e3q8)
2026-08-17 11:57:24 | ERROR | Periodic check error: (sqlite3.OperationalError) no such column: payments.network
[SQL: SELECT payments.id AS payments_id, payments.user_id AS payments_user_id, payments.tx_hash AS payments_tx_hash, payments.amount AS payments_amount, payments.currency AS payments_currency, payments.network AS payments_network, payments.status AS payments_status, payments.error_message AS payments_error_message, payments.verification_method AS payments_verification_method, payments.verification_attempts AS payments_verification_attempts, payments.last_check_at AS payments_last_check_at, payments.created_at AS payments_created_at, payments.verified_at AS payments_verified_at 
FROM payments 
WHERE payments.status = ?]
[parameters: ('pending',)]
(Background on this error at: https://sqlalche.me/e/20/e3q8)
2026-08-17 11:57:54 | ERROR | Periodic check error: (sqlite3.OperationalError) no such column: payments.network
[SQL: SELECT payments.id AS payments_id, payments.user_id AS payments_user_id, payments.tx_hash AS payments_tx_hash, payments.amount AS payments_amount, payments.currency AS payments_currency, payments.network AS payments_network, payments.status AS payments_status, payments.error_message AS payments_error_message, payments.verification_method AS payments_verification_method, payments.verification_attempts AS payments_verification_attempts, payments.last_check_at AS payments_last_check_at, payments.created_at AS payments_created_at, payments.verified_at AS payments_verified_at 
FROM payments 
WHERE payments.status = ?]
[parameters: ('pending',)]
(Background on this error at: https://sqlalche.me/e/20/e3q8)
2026-08-17 11:58:24 | ERROR | Periodic check error: (sqlite3.OperationalError) no such column: payments.network
[SQL: SELECT payments.id AS payments_id, payments.user_id AS payments_user_id, payments.tx_hash AS payments_tx_hash, payments.amount AS payments_amount, payments.currency AS payments_currency, payments.network AS payments_network, payments.status AS payments_status, payments.error_message AS payments_error_message, payments.verification_method AS payments_verification_method, payments.verification_attempts AS payments_verification_attempts, payments.last_check_at AS payments_last_check_at, payments.created_at AS payments_created_at, payments.verified_at AS payments_verified_at 
FROM payments 
WHERE payments.status = ?]
[parameters: ('pending',)]
(Background on this error at: https://sqlalche.me/e/20/e3q8)
2026-08-17 11:58:54 | ERROR | Periodic check error: (sqlite3.OperationalError) no such column: payments.network
[SQL: SELECT payments.id AS payments_id, payments.user_id AS payments_user_id, payments.tx_hash AS payments_tx_hash, payments.amount AS payments_amount, payments.currency AS payments_currency, payments.network AS payments_network, payments.status AS payments_status, payments.error_message AS payments_error_message, payments.verification_method AS payments_verification_method, payments.verification_attempts AS payments_verification_attempts, payments.last_check_at AS payments_last_check_at, payments.created_at AS payments_created_at, payments.verified_at AS payments_verified_at 
FROM payments 
WHERE payments.status = ?]
[parameters: ('pending',)]
(Background on this error at: https://sqlalche.me/e/20/e3q8)
2026-08-17 11:59:24 | ERROR | Periodic check error: (sqlite3.OperationalError) no such column: payments.network
[SQL: SELECT payments.id AS payments_id, payments.user_id AS payments_user_id, payments.tx_hash AS payments_tx_hash, payments.amount AS payments_amount, payments.currency AS payments_currency, payments.network AS payments_network, payments.status AS payments_status, payments.error_message AS payments_error_message, payments.verification_method AS payments_verification_method, payments.verification_attempts AS payments_verification_attempts, payments.last_check_at AS payments_last_check_at, payments.created_at AS payments_created_at, payments.verified_at AS payments_verified_at 
FROM payments 
WHERE payments.status = ?]
[parameters: ('pending',)]
(Background on this error at: https://sqlalche.me/e/20/e3q8)
2026-08-17 11:59:54 | ERROR | Periodic check error: (sqlite3.OperationalError) no such column: payments.network
[SQL: SELECT payments.id AS payments_id, payments.user_id AS payments_user_id, payments.tx_hash AS payments_tx_hash, payments.amount AS payments_amount, payments.currency AS payments_currency, payments.network AS payments_network, payments.status AS payments_status, payments.error_message AS payments_error_message, payments.verification_method AS payments_verification_method, payments.verification_attempts AS payments_verification_attempts, payments.last_check_at AS payments_last_check_at, payments.created_at AS payments_created_at, payments.verified_at AS payments_verified_at 
FROM payments 
WHERE payments.status = ?]
[parameters: ('pending',)]
(Background on this error at: https://sqlalche.me/e/20/e3q8)
2026-08-17 12:00:24 | ERROR | Periodic check error: (sqlite3.OperationalError) no such column: payments.network
[SQL: SELECT payments.id AS payments_id, payments.user_id AS payments_user_id, payments.tx_hash AS payments_tx_hash, payments.amount AS payments_amount, payments.currency AS payments_currency, payments.network AS payments_network, payments.status AS payments_status, payments.error_message AS payments_error_message, payments.verification_method AS payments_verification_method, payments.verification_attempts AS payments_verification_attempts, payments.last_check_at AS payments_last_check_at, payments.created_at AS payments_created_at, payments.verified_at AS payments_verified_at 
FROM payments 
WHERE payments.status = ?]
[parameters: ('pending',)]
(Background on this error at: https://sqlalche.me/e/20/e3q8)
2026-08-17 12:00:54 | ERROR | Periodic check error: (sqlite3.OperationalError) no such column: payments.network
[SQL: SELECT payments.id AS payments_id, payments.user_id AS payments_user_id, payments.tx_hash AS payments_tx_hash, payments.amount AS payments_amount, payments.currency AS payments_currency, payments.network AS payments_network, payments.status AS payments_status, payments.error_message AS payments_error_message, payments.verification_method AS payments_verification_method, payments.verification_attempts AS payments_verification_attempts, payments.last_check_at AS payments_last_check_at, payments.created_at AS payments_created_at, payments.verified_at AS payments_verified_at 
FROM payments 
WHERE payments.status = ?]
[parameters: ('pending',)]
(Background on this error at: https://sqlalche.me/e/20/e3q8)
2026-08-17 12:01:24 | ERROR | Periodic check error: (sqlite3.OperationalError) no such column: payments.network
[SQL: SELECT payments.id AS payments_id, payments.user_id AS payments_user_id, payments.tx_hash AS payments_tx_hash, payments.amount AS payments_amount, payments.currency AS payments_currency, payments.network AS payments_network, payments.status AS payments_status, payments.error_message AS payments_error_message, payments.verification_method AS payments_verification_method, payments.verification_attempts AS payments_verification_attempts, payments.last_check_at AS payments_last_check_at, payments.created_at AS payments_created_at, payments.verified_at AS payments_verified_at 
FROM payments 
WHERE payments.status = ?]
[parameters: ('pending',)]
(Background on this error at: https://sqlalche.me/e/20/e3q8)
2026-08-17 12:01:54 | ERROR | Periodic check error: (sqlite3.OperationalError) no such column: payments.network
[SQL: SELECT payments.id AS payments_id, payments.user_id AS payments_user_id, payments.tx_hash AS payments_tx_hash, payments.amount AS payments_amount, payments.currency AS payments_currency, payments.network AS payments_network, payments.status AS payments_status, payments.error_message AS payments_error_message, payments.verification_method AS payments_verification_method, payments.verification_attempts AS payments_verification_attempts, payments.last_check_at AS payments_last_check_at, payments.created_at AS payments_created_at, payments.verified_at AS payments_verified_at 
FROM payments 
WHERE payments.status = ?]
[parameters: ('pending',)]
(Background on this error at: https://sqlalche.me/e/20/e3q8)
2026-08-17 12:02:24 | ERROR | Periodic check error: (sqlite3.OperationalError) no such column: payments.network
[SQL: SELECT payments.id AS payments_id, payments.user_id AS payments_user_id, payments.tx_hash AS payments_tx_hash, payments.amount AS payments_amount, payments.currency AS payments_currency, payments.network AS payments_network, payments.status AS payments_status, payments.error_message AS payments_error_message, payments.verification_method AS payments_verification_method, payments.verification_attempts AS payments_verification_attempts, payments.last_check_at AS payments_last_check_at, payments.created_at AS payments_created_at, payments.verified_at AS payments_verified_at 
FROM payments 
WHERE payments.status = ?]
[parameters: ('pending',)]
(Background on this error at: https://sqlalche.me/e/20/e3q8)
2026-08-17 12:02:54 | ERROR | Periodic check error: (sqlite3.OperationalError) no such column: payments.network
[SQL: SELECT payments.id AS payments_id, payments.user_id AS payments_user_id, payments.tx_hash AS payments_tx_hash, payments.amount AS payments_amount, payments.currency AS payments_currency, payments.network AS payments_network, payments.status AS payments_status, payments.error_message AS payments_error_message, payments.verification_method AS payments_verification_method, payments.verification_attempts AS payments_verification_attempts, payments.last_check_at AS payments_last_check_at, payments.created_at AS payments_created_at, payments.verified_at AS payments_verified_at 
FROM payments 
WHERE payments.status = ?]
[parameters: ('pending',)]
(Background on this error at: https://sqlalche.me/e/20/e3q8)
2026-08-17 12:03:24 | ERROR | Periodic check error: (sqlite3.OperationalError) no such column: payments.network
[SQL: SELECT payments.id AS payments_id, payments.user_id AS payments_user_id, payments.tx_hash AS payments_tx_hash, payments.amount AS payments_amount, payments.currency AS payments_currency, payments.network AS payments_network, payments.status AS payments_status, payments.error_message AS payments_error_message, payments.verification_method AS payments_verification_method, payments.verification_attempts AS payments_verification_attempts, payments.last_check_at AS payments_last_check_at, payments.created_at AS payments_created_at, payments.verified_at AS payments_verified_at 
FROM payments 
WHERE payments.status = ?]
[parameters: ('pending',)]
(Background on this error at: https://sqlalche.me/e/20/e3q8)
2026-08-17 12:04:23 | ERROR | Periodic check error: (sqlite3.OperationalError) no such column: payments.network
[SQL: SELECT payments.id AS payments_id, payments.user_id AS payments_user_id, payments.tx_hash AS payments_tx_hash, payments.amount AS payments_amount, payments.currency AS payments_currency, payments.network AS payments_network, payments.status AS payments_status, payments.error_message AS payments_error_message, payments.verification_method AS payments_verification_method, payments.verification_attempts AS payments_verification_attempts, payments.last_check_at AS payments_last_check_at, payments.created_at AS payments_created_at, payments.verified_at AS payments_verified_at 
FROM payments 
WHERE payments.status = ?]
[parameters: ('pending',)]
(Background on this error at: https://sqlalche.me/e/20/e3q8)
2026-08-17 12:05:53 | ERROR | Periodic check error: QueuePool limit of size 5 overflow 10 reached, connection timed out, timeout 30.00 (Background on this error at: https://sqlalche.me/e/20/3o7r)
2026-08-17 12:06:53 | ERROR | Periodic check error: QueuePool limit of size 5 overflow 10 reached, connection timed out, timeout 30.00 (Background on this error at: https://sqlalche.me/e/20/3o7r)
2026-08-17 12:07:23 | ERROR | Periodic check error: (sqlite3.OperationalError) no such column: payments.network
[SQL: SELECT payments.id AS payments_id, payments.user_id AS payments_user_id, payments.tx_hash AS payments_tx_hash, payments.amount AS payments_amount, payments.currency AS payments_currency, payments.network AS payments_network, payments.status AS payments_status, payments.error_message AS payments_error_message, payments.verification_method AS payments_verification_method, payments.verification_attempts AS payments_verification_attempts, payments.last_check_at AS payments_last_check_at, payments.created_at AS payments_created_at, payments.verified_at AS payments_verified_at 
FROM payments 
WHERE payments.status = ?]
[parameters: ('pending',)]
(Background on this error at: https://sqlalche.me/e/20/e3q8)
2026-08-17 12:07:53 | ERROR | Periodic check error: (sqlite3.OperationalError) no such column: payments.network
[SQL: SELECT payments.id AS payments_id, payments.user_id AS payments_user_id, payments.tx_hash AS payments_tx_hash, payments.amount AS payments_amount, payments.currency AS payments_currency, payments.network AS payments_network, payments.status AS payments_status, payments.error_message AS payments_error_message, payments.verification_method AS payments_verification_method, payments.verification_attempts AS payments_verification_attempts, payments.last_check_at AS payments_last_check_at, payments.created_at AS payments_created_at, payments.verified_at AS payments_verified_at 
FROM payments 
WHERE payments.status = ?]
[parameters: ('pending',)]
(Background on this error at: https://sqlalche.me/e/20/e3q8)
2026-08-17 12:08:23 | ERROR | Periodic check error: (sqlite3.OperationalError) no such column: payments.network
[SQL: SELECT payments.id AS payments_id, payments.user_id AS payments_user_id, payments.tx_hash AS payments_tx_hash, payments.amount AS payments_amount, payments.currency AS payments_currency, payments.network AS payments_network, payments.status AS payments_status, payments.error_message AS payments_error_message, payments.verification_method AS payments_verification_method, payments.verification_attempts AS payments_verification_attempts, payments.last_check_at AS payments_last_check_at, payments.created_at AS payments_created_at, payments.verified_at AS payments_verified_at 
FROM payments 
WHERE payments.status = ?]
[parameters: ('pending',)]
(Background on this error at: https://sqlalche.me/e/20/e3q8)
2026-08-17 12:09:23 | ERROR | Periodic check error: QueuePool limit of size 5 overflow 10 reached, connection timed out, timeout 30.00 (Background on this error at: https://sqlalche.me/e/20/3o7r)
2026-08-17 12:09:53 | ERROR | Periodic check error: (sqlite3.OperationalError) no such column: payments.network
[SQL: SELECT payments.id AS payments_id, payments.user_id AS payments_user_id, payments.tx_hash AS payments_tx_hash, payments.amount AS payments_amount, payments.currency AS payments_currency, payments.network AS payments_network, payments.status AS payments_status, payments.error_message AS payments_error_message, payments.verification_method AS payments_verification_method, payments.verification_attempts AS payments_verification_attempts, payments.last_check_at AS payments_last_check_at, payments.created_at AS payments_created_at, payments.verified_at AS payments_verified_at 
FROM payments 
WHERE payments.status = ?]
[parameters: ('pending',)]
(Background on this error at: https://sqlalche.me/e/20/e3q8)
2026-08-17 12:10:23 | ERROR | Periodic check error: (sqlite3.OperationalError) no such column: payments.network
[SQL: SELECT payments.id AS payments_id, payments.user_id AS payments_user_id, payments.tx_hash AS payments_tx_hash, payments.amount AS payments_amount, payments.currency AS payments_currency, payments.network AS payments_network, payments.status AS payments_status, payments.error_message AS payments_error_message, payments.verification_method AS payments_verification_method, payments.verification_attempts AS payments_verification_attempts, payments.last_check_at AS payments_last_check_at, payments.created_at AS payments_created_at, payments.verified_at AS payments_verified_at 
FROM payments 
WHERE payments.status = ?]
[parameters: ('pending',)]
(Background on this error at: https://sqlalche.me/e/20/e3q8)
2026-08-17 12:10:53 | ERROR | Periodic check error: (sqlite3.OperationalError) no such column: payments.network
[SQL: SELECT payments.id AS payments_id, payments.user_id AS payments_user_id, payments.tx_hash AS payments_tx_hash, payments.amount AS payments_amount, payments.currency AS payments_currency, payments.network AS payments_network, payments.status AS payments_status, payments.error_message AS payments_error_message, payments.verification_method AS payments_verification_method, payments.verification_attempts AS payments_verification_attempts, payments.last_check_at AS payments_last_check_at, payments.created_at AS payments_created_at, payments.verified_at AS payments_verified_at 
FROM payments 
WHERE payments.status = ?]
[parameters: ('pending',)]
(Background on this error at: https://sqlalche.me/e/20/e3q8)
2026-08-17 12:11:53 | ERROR | Periodic check error: QueuePool limit of size 5 overflow 10 reached, connection timed out, timeout 30.00 (Background on this error at: https://sqlalche.me/e/20/3o7r)
2026-08-17 12:12:53 | ERROR | Periodic check error: QueuePool limit of size 5 overflow 10 reached, connection timed out, timeout 30.00 (Background on this error at: https://sqlalche.me/e/20/3o7r)
2026-08-17 12:13:23 | ERROR | Periodic check error: (sqlite3.OperationalError) no such column: payments.network
[SQL: SELECT payments.id AS payments_id, payments.user_id AS payments_user_id, payments.tx_hash AS payments_tx_hash, payments.amount AS payments_amount, payments.currency AS payments_currency, payments.network AS payments_network, payments.status AS payments_status, payments.error_message AS payments_error_message, payments.verification_method AS payments_verification_method, payments.verification_attempts AS payments_verification_attempts, payments.last_check_at AS payments_last_check_at, payments.created_at AS payments_created_at, payments.verified_at AS payments_verified_at 
FROM payments 
WHERE payments.status = ?]
[parameters: ('pending',)]
(Background on this error at: https://sqlalche.me/e/20/e3q8)
2026-08-17 12:13:53 | ERROR | Periodic check error: (sqlite3.OperationalError) no such column: payments.network
[SQL: SELECT payments.id AS payments_id, payments.user_id AS payments_user_id, payments.tx_hash AS payments_tx_hash, payments.amount AS payments_amount, payments.currency AS payments_currency, payments.network AS payments_network, payments.status AS payments_status, payments.error_message AS payments_error_message, payments.verification_method AS payments_verification_method, payments.verification_attempts AS payments_verification_attempts, payments.last_check_at AS payments_last_check_at, payments.created_at AS payments_created_at, payments.verified_at AS payments_verified_at 
FROM payments 
WHERE payments.status = ?]
[parameters: ('pending',)]
(Background on this error at: https://sqlalche.me/e/20/e3q8)
2026-08-17 12:14:23 | ERROR | Periodic check error: (sqlite3.OperationalError) no such column: payments.network
[SQL: SELECT payments.id AS payments_id, payments.user_id AS payments_user_id, payments.tx_hash AS payments_tx_hash, payments.amount AS payments_amount, payments.currency AS payments_currency, payments.network AS payments_network, payments.status AS payments_status, payments.error_message AS payments_error_message, payments.verification_method AS payments_verification_method, payments.verification_attempts AS payments_verification_attempts, payments.last_check_at AS payments_last_check_at, payments.created_at AS payments_created_at, payments.verified_at AS payments_verified_at 
FROM payments 
WHERE payments.status = ?]
[parameters: ('pending',)]
(Background on this error at: https://sqlalche.me/e/20/e3q8)
2026-08-17 12:15:23 | ERROR | Periodic check error: (sqlite3.OperationalError) no such column: payments.network
[SQL: SELECT payments.id AS payments_id, payments.user_id AS payments_user_id, payments.tx_hash AS payments_tx_hash, payments.amount AS payments_amount, payments.currency AS payments_currency, payments.network AS payments_network, payments.status AS payments_status, payments.error_message AS payments_error_message, payments.verification_method AS payments_verification_method, payments.verification_attempts AS payments_verification_attempts, payments.last_check_at AS payments_last_check_at, payments.created_at AS payments_created_at, payments.verified_at AS payments_verified_at 
FROM payments 
WHERE payments.status = ?]
[parameters: ('pending',)]
(Background on this error at: https://sqlalche.me/e/20/e3q8)
2026-08-17 12:15:53 | ERROR | Periodic check error: (sqlite3.OperationalError) no such column: payments.network
[SQL: SELECT payments.id AS payments_id, payments.user_id AS payments_user_id, payments.tx_hash AS payments_tx_hash, payments.amount AS payments_amount, payments.currency AS payments_currency, payments.network AS payments_network, payments.status AS payments_status, payments.error_message AS payments_error_message, payments.verification_method AS payments_verification_method, payments.verification_attempts AS payments_verification_attempts, payments.last_check_at AS payments_last_check_at, payments.created_at AS payments_created_at, payments.verified_at AS payments_verified_at 
FROM payments 
WHERE payments.status = ?]
[parameters: ('pending',)]
(Background on this error at: https://sqlalche.me/e/20/e3q8)
2026-08-17 12:16:23 | ERROR | Periodic check error: (sqlite3.OperationalError) no such column: payments.network
[SQL: SELECT payments.id AS payments_id, payments.user_id AS payments_user_id, payments.tx_hash AS payments_tx_hash, payments.amount AS payments_amount, payments.currency AS payments_currency, payments.network AS payments_network, payments.status AS payments_status, payments.error_message AS payments_error_message, payments.verification_method AS payments_verification_method, payments.verification_attempts AS payments_verification_attempts, payments.last_check_at AS payments_last_check_at, payments.created_at AS payments_created_at, payments.verified_at AS payments_verified_at 
FROM payments 
WHERE payments.status = ?]
[parameters: ('pending',)]
(Background on this error at: https://sqlalche.me/e/20/e3q8)
2026-08-17 12:16:53 | ERROR | Periodic check error: (sqlite3.OperationalError) no such column: payments.network
[SQL: SELECT payments.id AS payments_id, payments.user_id AS payments_user_id, payments.tx_hash AS payments_tx_hash, payments.amount AS payments_amount, payments.currency AS payments_currency, payments.network AS payments_network, payments.status AS payments_status, payments.error_message AS payments_error_message, payments.verification_method AS payments_verification_method, payments.verification_attempts AS payments_verification_attempts, payments.last_check_at AS payments_last_check_at, payments.created_at AS payments_created_at, payments.verified_at AS payments_verified_at 
FROM payments 
WHERE payments.status = ?]
[parameters: ('pending',)]
(Background on this error at: https://sqlalche.me/e/20/e3q8)
2026-08-17 12:17:23 | ERROR | Periodic check error: (sqlite3.OperationalError) no such column: payments.network
[SQL: SELECT payments.id AS payments_id, payments.user_id AS payments_user_id, payments.tx_hash AS payments_tx_hash, payments.amount AS payments_amount, payments.currency AS payments_currency, payments.network AS payments_network, payments.status AS payments_status, payments.error_message AS payments_error_message, payments.verification_method AS payments_verification_method, payments.verification_attempts AS payments_verification_attempts, payments.last_check_at AS payments_last_check_at, payments.created_at AS payments_created_at, payments.verified_at AS payments_verified_at 
FROM payments 
WHERE payments.status = ?]
[parameters: ('pending',)]
(Background on this error at: https://sqlalche.me/e/20/e3q8)
2026-08-17 12:17:53 | ERROR | Periodic check error: (sqlite3.OperationalError) no such column: payments.network
[SQL: SELECT payments.id AS payments_id, payments.user_id AS payments_user_id, payments.tx_hash AS payments_tx_hash, payments.amount AS payments_amount, payments.currency AS payments_currency, payments.network AS payments_network, payments.status AS payments_status, payments.error_message AS payments_error_message, payments.verification_method AS payments_verification_method, payments.verification_attempts AS payments_verification_attempts, payments.last_check_at AS payments_last_check_at, payments.created_at AS payments_created_at, payments.verified_at AS payments_verified_at 
FROM payments 
WHERE payments.status = ?]
[parameters: ('pending',)]
(Background on this error at: https://sqlalche.me/e/20/e3q8)
2026-08-17 12:18:23 | ERROR | Periodic check error: (sqlite3.OperationalError) no such column: payments.network
[SQL: SELECT payments.id AS payments_id, payments.user_id AS payments_user_id, payments.tx_hash AS payments_tx_hash, payments.amount AS payments_amount, payments.currency AS payments_currency, payments.network AS payments_network, payments.status AS payments_status, payments.error_message AS payments_error_message, payments.verification_method AS payments_verification_method, payments.verification_attempts AS payments_verification_attempts, payments.last_check_at AS payments_last_check_at, payments.created_at AS payments_created_at, payments.verified_at AS payments_verified_at 
FROM payments 
WHERE payments.status = ?]
[parameters: ('pending',)]
(Background on this error at: https://sqlalche.me/e/20/e3q8)
2026-08-17 12:18:53 | ERROR | Periodic check error: (sqlite3.OperationalError) no such column: payments.network
[SQL: SELECT payments.id AS payments_id, payments.user_id AS payments_user_id, payments.tx_hash AS payments_tx_hash, payments.amount AS payments_amount, payments.currency AS payments_currency, payments.network AS payments_network, payments.status AS payments_status, payments.error_message AS payments_error_message, payments.verification_method AS payments_verification_method, payments.verification_attempts AS payments_verification_attempts, payments.last_check_at AS payments_last_check_at, payments.created_at AS payments_created_at, payments.verified_at AS payments_verified_at 
FROM payments 
WHERE payments.status = ?]
[parameters: ('pending',)]
(Background on this error at: https://sqlalche.me/e/20/e3q8)
2026-08-17 12:19:23 | ERROR | Periodic check error: (sqlite3.OperationalError) no such column: payments.network
[SQL: SELECT payments.id AS payments_id, payments.user_id AS payments_user_id, payments.tx_hash AS payments_tx_hash, payments.amount AS payments_amount, payments.currency AS payments_currency, payments.network AS payments_network, payments.status AS payments_status, payments.error_message AS payments_error_message, payments.verification_method AS payments_verification_method, payments.verification_attempts AS payments_verification_attempts, payments.last_check_at AS payments_last_check_at, payments.created_at AS payments_created_at, payments.verified_at AS payments_verified_at 
FROM payments 
WHERE payments.status = ?]
[parameters: ('pending',)]
(Background on this error at: https://sqlalche.me/e/20/e3q8)
2026-08-17 12:19:54 | ERROR | Periodic check error: (sqlite3.OperationalError) no such column: payments.network
[SQL: SELECT payments.id AS payments_id, payments.user_id AS payments_user_id, payments.tx_hash AS payments_tx_hash, payments.amount AS payments_amount, payments.currency AS payments_currency, payments.network AS payments_network, payments.status AS payments_status, payments.error_message AS payments_error_message, payments.verification_method AS payments_verification_method, payments.verification_attempts AS payments_verification_attempts, payments.last_check_at AS payments_last_check_at, payments.created_at AS payments_created_at, payments.verified_at AS payments_verified_at 
FROM payments 
WHERE payments.status = ?]
[parameters: ('pending',)]
(Background on this error at: https://sqlalche.me/e/20/e3q8)
2026-08-17 12:20:24 | ERROR | Periodic check error: (sqlite3.OperationalError) no such column: payments.network
[SQL: SELECT payments.id AS payments_id, payments.user_id AS payments_user_id, payments.tx_hash AS payments_tx_hash, payments.amount AS payments_amount, payments.currency AS payments_currency, payments.network AS payments_network, payments.status AS payments_status, payments.error_message AS payments_error_message, payments.verification_method AS payments_verification_method, payments.verification_attempts AS payments_verification_attempts, payments.last_check_at AS payments_last_check_at, payments.created_at AS payments_created_at, payments.verified_at AS payments_verified_at 
FROM payments 
WHERE payments.status = ?]
[parameters: ('pending',)]
(Background on this error at: https://sqlalche.me/e/20/e3q8)
2026-08-17 12:21:23 | ERROR | Periodic check error: (sqlite3.OperationalError) no such column: payments.network
[SQL: SELECT payments.id AS payments_id, payments.user_id AS payments_user_id, payments.tx_hash AS payments_tx_hash, payments.amount AS payments_amount, payments.currency AS payments_currency, payments.network AS payments_network, payments.status AS payments_status, payments.error_message AS payments_error_message, payments.verification_method AS payments_verification_method, payments.verification_attempts AS payments_verification_attempts, payments.last_check_at AS payments_last_check_at, payments.created_at AS payments_created_at, payments.verified_at AS payments_verified_at 
FROM payments 
WHERE payments.status = ?]
[parameters: ('pending',)]
(Background on this error at: https://sqlalche.me/e/20/e3q8)
2026-08-17 12:22:55 | ERROR | Periodic check error: QueuePool limit of size 5 overflow 10 reached, connection timed out, timeout 30.00 (Background on this error at: https://sqlalche.me/e/20/3o7r)
2026-08-17 12:23:25 | ERROR | Periodic check error: (sqlite3.OperationalError) no such column: payments.network
[SQL: SELECT payments.id AS payments_id, payments.user_id AS payments_user_id, payments.tx_hash AS payments_tx_hash, payments.amount AS payments_amount, payments.currency AS payments_currency, payments.network AS payments_network, payments.status AS payments_status, payments.error_message AS payments_error_message, payments.verification_method AS payments_verification_method, payments.verification_attempts AS payments_verification_attempts, payments.last_check_at AS payments_last_check_at, payments.created_at AS payments_created_at, payments.verified_at AS payments_verified_at 
FROM payments 
WHERE payments.status = ?]
[parameters: ('pending',)]
(Background on this error at: https://sqlalche.me/e/20/e3q8)
2026-08-17 12:23:55 | ERROR | Periodic check error: (sqlite3.OperationalError) no such column: payments.network
[SQL: SELECT payments.id AS payments_id, payments.user_id AS payments_user_id, payments.tx_hash AS payments_tx_hash, payments.amount AS payments_amount, payments.currency AS payments_currency, payments.network AS payments_network, payments.status AS payments_status, payments.error_message AS payments_error_message, payments.verification_method AS payments_verification_method, payments.verification_attempts AS payments_verification_attempts, payments.last_check_at AS payments_last_check_at, payments.created_at AS payments_created_at, payments.verified_at AS payments_verified_at 
FROM payments 
WHERE payments.status = ?]
[parameters: ('pending',)]
(Background on this error at: https://sqlalche.me/e/20/e3q8)
2026-08-17 12:24:25 | ERROR | Periodic check error: (sqlite3.OperationalError) no such column: payments.network
[SQL: SELECT payments.id AS payments_id, payments.user_id AS payments_user_id, payments.tx_hash AS payments_tx_hash, payments.amount AS payments_amount, payments.currency AS payments_currency, payments.network AS payments_network, payments.status AS payments_status, payments.error_message AS payments_error_message, payments.verification_method AS payments_verification_method, payments.verification_attempts AS payments_verification_attempts, payments.last_check_at AS payments_last_check_at, payments.created_at AS payments_created_at, payments.verified_at AS payments_verified_at 
FROM payments 
WHERE payments.status = ?]
[parameters: ('pending',)]
(Background on this error at: https://sqlalche.me/e/20/e3q8)
2026-08-17 18:51:07 | INFO | Development CORS origins: ['http://localhost:3000', 'http://localhost:8000']
2026-08-17 18:51:07 | INFO | \U0001f680 Sweetsnipe server starting... (Environment: development)
2026-08-17 18:51:07 | INFO | \u2705 Server startup complete
2026-08-17 18:51:07 | ERROR | Periodic check error: (sqlite3.OperationalError) no such column: payments.network
[SQL: SELECT payments.id AS payments_id, payments.user_id AS payments_user_id, payments.tx_hash AS payments_tx_hash, payments.amount AS payments_amount, payments.currency AS payments_currency, payments.network AS payments_network, payments.status AS payments_status, payments.error_message AS payments_error_message, payments.verification_method AS payments_verification_method, payments.verification_attempts AS payments_verification_attempts, payments.last_check_at AS payments_last_check_at, payments.created_at AS payments_created_at, payments.verified_at AS payments_verified_at 
FROM payments 
WHERE payments.status = ?]
[parameters: ('pending',)]
(Background on this error at: https://sqlalche.me/e/20/e3q8)
2026-08-17 18:51:37 | ERROR | Periodic check error: (sqlite3.OperationalError) no such column: payments.network
[SQL: SELECT payments.id AS payments_id, payments.user_id AS payments_user_id, payments.tx_hash AS payments_tx_hash, payments.amount AS payments_amount, payments.currency AS payments_currency, payments.network AS payments_network, payments.status AS payments_status, payments.error_message AS payments_error_message, payments.verification_method AS payments_verification_method, payments.verification_attempts AS payments_verification_attempts, payments.last_check_at AS payments_last_check_at, payments.created_at AS payments_created_at, payments.verified_at AS payments_verified_at 
FROM payments 
WHERE payments.status = ?]
[parameters: ('pending',)]
(Background on this error at: https://sqlalche.me/e/20/e3q8)
2026-08-17 18:52:07 | ERROR | Periodic check error: (sqlite3.OperationalError) no such column: payments.network
[SQL: SELECT payments.id AS payments_id, payments.user_id AS payments_user_id, payments.tx_hash AS payments_tx_hash, payments.amount AS payments_amount, payments.currency AS payments_currency, payments.network AS payments_network, payments.status AS payments_status, payments.error_message AS payments_error_message, payments.verification_method AS payments_verification_method, payments.verification_attempts AS payments_verification_attempts, payments.last_check_at AS payments_last_check_at, payments.created_at AS payments_created_at, payments.verified_at AS payments_verified_at 
FROM payments 
WHERE payments.status = ?]
[parameters: ('pending',)]
(Background on this error at: https://sqlalche.me/e/20/e3q8)
2026-08-17 18:52:37 | ERROR | Periodic check error: (sqlite3.OperationalError) no such column: payments.network
[SQL: SELECT payments.id AS payments_id, payments.user_id AS payments_user_id, payments.tx_hash AS payments_tx_hash, payments.amount AS payments_amount, payments.currency AS payments_currency, payments.network AS payments_network, payments.status AS payments_status, payments.error_message AS payments_error_message, payments.verification_method AS payments_verification_method, payments.verification_attempts AS payments_verification_attempts, payments.last_check_at AS payments_last_check_at, payments.created_at AS payments_created_at, payments.verified_at AS payments_verified_at 
FROM payments 
WHERE payments.status = ?]
[parameters: ('pending',)]
(Background on this error at: https://sqlalche.me/e/20/e3q8)
2026-08-17 18:53:07 | ERROR | Periodic check error: (sqlite3.OperationalError) no such column: payments.network
[SQL: SELECT payments.id AS payments_id, payments.user_id AS payments_user_id, payments.tx_hash AS payments_tx_hash, payments.amount AS payments_amount, payments.currency AS payments_currency, payments.network AS payments_network, payments.status AS payments_status, payments.error_message AS payments_error_message, payments.verification_method AS payments_verification_method, payments.verification_attempts AS payments_verification_attempts, payments.last_check_at AS payments_last_check_at, payments.created_at AS payments_created_at, payments.verified_at AS payments_verified_at 
FROM payments 
WHERE payments.status = ?]
[parameters: ('pending',)]
(Background on this error at: https://sqlalche.me/e/20/e3q8)
2026-08-17 18:53:37 | ERROR | Periodic check error: (sqlite3.OperationalError) no such column: payments.network
[SQL: SELECT payments.id AS payments_id, payments.user_id AS payments_user_id, payments.tx_hash AS payments_tx_hash, payments.amount AS payments_amount, payments.currency AS payments_currency, payments.network AS payments_network, payments.status AS payments_status, payments.error_message AS payments_error_message, payments.verification_method AS payments_verification_method, payments.verification_attempts AS payments_verification_attempts, payments.last_check_at AS payments_last_check_at, payments.created_at AS payments_created_at, payments.verified_at AS payments_verified_at 
FROM payments 
WHERE payments.status = ?]
[parameters: ('pending',)]
(Background on this error at: https://sqlalche.me/e/20/e3q8)
2026-08-17 18:54:07 | ERROR | Periodic check error: (sqlite3.OperationalError) no such column: payments.network
[SQL: SELECT payments.id AS payments_id, payments.user_id AS payments_user_id, payments.tx_hash AS payments_tx_hash, payments.amount AS payments_amount, payments.currency AS payments_currency, payments.network AS payments_network, payments.status AS payments_status, payments.error_message AS payments_error_message, payments.verification_method AS payments_verification_method, payments.verification_attempts AS payments_verification_attempts, payments.last_check_at AS payments_last_check_at, payments.created_at AS payments_created_at, payments.verified_at AS payments_verified_at 
FROM payments 
WHERE payments.status = ?]
[parameters: ('pending',)]
(Background on this error at: https://sqlalche.me/e/20/e3q8)
2026-08-17 18:54:37 | ERROR | Periodic check error: (sqlite3.OperationalError) no such column: payments.network
[SQL: SELECT payments.id AS payments_id, payments.user_id AS payments_user_id, payments.tx_hash AS payments_tx_hash, payments.amount AS payments_amount, payments.currency AS payments_currency, payments.network AS payments_network, payments.status AS payments_status, payments.error_message AS payments_error_message, payments.verification_method AS payments_verification_method, payments.verification_attempts AS payments_verification_attempts, payments.last_check_at AS payments_last_check_at, payments.created_at AS payments_created_at, payments.verified_at AS payments_verified_at 
FROM payments 
WHERE payments.status = ?]
[parameters: ('pending',)]
(Background on this error at: https://sqlalche.me/e/20/e3q8)
2026-08-17 18:55:07 | ERROR | Periodic check error: (sqlite3.OperationalError) no such column: payments.network
[SQL: SELECT payments.id AS payments_id, payments.user_id AS payments_user_id, payments.tx_hash AS payments_tx_hash, payments.amount AS payments_amount, payments.currency AS payments_currency, payments.network AS payments_network, payments.status AS payments_status, payments.error_message AS payments_error_message, payments.verification_method AS payments_verification_method, payments.verification_attempts AS payments_verification_attempts, payments.last_check_at AS payments_last_check_at, payments.created_at AS payments_created_at, payments.verified_at AS payments_verified_at 
FROM payments 
WHERE payments.status = ?]
[parameters: ('pending',)]
(Background on this error at: https://sqlalche.me/e/20/e3q8)
2026-08-17 18:55:37 | ERROR | Periodic check error: (sqlite3.OperationalError) no such column: payments.network
[SQL: SELECT payments.id AS payments_id, payments.user_id AS payments_user_id, payments.tx_hash AS payments_tx_hash, payments.amount AS payments_amount, payments.currency AS payments_currency, payments.network AS payments_network, payments.status AS payments_status, payments.error_message AS payments_error_message, payments.verification_method AS payments_verification_method, payments.verification_attempts AS payments_verification_attempts, payments.last_check_at AS payments_last_check_at, payments.created_at AS payments_created_at, payments.verified_at AS payments_verified_at 
FROM payments 
WHERE payments.status = ?]
[parameters: ('pending',)]
(Background on this error at: https://sqlalche.me/e/20/e3q8)
2026-08-17 18:56:07 | ERROR | Periodic check error: (sqlite3.OperationalError) no such column: payments.network
[SQL: SELECT payments.id AS payments_id, payments.user_id AS payments_user_id, payments.tx_hash AS payments_tx_hash, payments.amount AS payments_amount, payments.currency AS payments_currency, payments.network AS payments_network, payments.status AS payments_status, payments.error_message AS payments_error_message, payments.verification_method AS payments_verification_method, payments.verification_attempts AS payments_verification_attempts, payments.last_check_at AS payments_last_check_at, payments.created_at AS payments_created_at, payments.verified_at AS payments_verified_at 
FROM payments 
WHERE payments.status = ?]
[parameters: ('pending',)]
(Background on this error at: https://sqlalche.me/e/20/e3q8)
2026-08-17 18:56:37 | ERROR | Periodic check error: (sqlite3.OperationalError) no such column: payments.network
[SQL: SELECT payments.id AS payments_id, payments.user_id AS payments_user_id, payments.tx_hash AS payments_tx_hash, payments.amount AS payments_amount, payments.currency AS payments_currency, payments.network AS payments_network, payments.status AS payments_status, payments.error_message AS payments_error_message, payments.verification_method AS payments_verification_method, payments.verification_attempts AS payments_verification_attempts, payments.last_check_at AS payments_last_check_at, payments.created_at AS payments_created_at, payments.verified_at AS payments_verified_at 
FROM payments 
WHERE payments.status = ?]
[parameters: ('pending',)]
(Background on this error at: https://sqlalche.me/e/20/e3q8)
2026-08-17 18:57:07 | ERROR | Periodic check error: (sqlite3.OperationalError) no such column: payments.network
[SQL: SELECT payments.id AS payments_id, payments.user_id AS payments_user_id, payments.tx_hash AS payments_tx_hash, payments.amount AS payments_amount, payments.currency AS payments_currency, payments.network AS payments_network, payments.status AS payments_status, payments.error_message AS payments_error_message, payments.verification_method AS payments_verification_method, payments.verification_attempts AS payments_verification_attempts, payments.last_check_at AS payments_last_check_at, payments.created_at AS payments_created_at, payments.verified_at AS payments_verified_at 
FROM payments 
WHERE payments.status = ?]
[parameters: ('pending',)]
(Background on this error at: https://sqlalche.me/e/20/e3q8)
2026-08-17 18:57:37 | ERROR | Periodic check error: (sqlite3.OperationalError) no such column: payments.network
[SQL: SELECT payments.id AS payments_id, payments.user_id AS payments_user_id, payments.tx_hash AS payments_tx_hash, payments.amount AS payments_amount, payments.currency AS payments_currency, payments.network AS payments_network, payments.status AS payments_status, payments.error_message AS payments_error_message, payments.verification_method AS payments_verification_method, payments.verification_attempts AS payments_verification_attempts, payments.last_check_at AS payments_last_check_at, payments.created_at AS payments_created_at, payments.verified_at AS payments_verified_at 
FROM payments 
WHERE payments.status = ?]
[parameters: ('pending',)]
(Background on this error at: https://sqlalche.me/e/20/e3q8)
2026-08-17 18:58:07 | ERROR | Periodic check error: (sqlite3.OperationalError) no such column: payments.network
[SQL: SELECT payments.id AS payments_id, payments.user_id AS payments_user_id, payments.tx_hash AS payments_tx_hash, payments.amount AS payments_amount, payments.currency AS payments_currency, payments.network AS payments_network, payments.status AS payments_status, payments.error_message AS payments_error_message, payments.verification_method AS payments_verification_method, payments.verification_attempts AS payments_verification_attempts, payments.last_check_at AS payments_last_check_at, payments.created_at AS payments_created_at, payments.verified_at AS payments_verified_at 
FROM payments 
WHERE payments.status = ?]
[parameters: ('pending',)]
(Background on this error at: https://sqlalche.me/e/20/e3q8)
2026-08-17 18:58:37 | ERROR | Periodic check error: (sqlite3.OperationalError) no such column: payments.network
[SQL: SELECT payments.id AS payments_id, payments.user_id AS payments_user_id, payments.tx_hash AS payments_tx_hash, payments.amount AS payments_amount, payments.currency AS payments_currency, payments.network AS payments_network, payments.status AS payments_status, payments.error_message AS payments_error_message, payments.verification_method AS payments_verification_method, payments.verification_attempts AS payments_verification_attempts, payments.last_check_at AS payments_last_check_at, payments.created_at AS payments_created_at, payments.verified_at AS payments_verified_at 
FROM payments 
WHERE payments.status = ?]
[parameters: ('pending',)]
(Background on this error at: https://sqlalche.me/e/20/e3q8)
2026-08-17 18:59:07 | ERROR | Periodic check error: (sqlite3.OperationalError) no such column: payments.network
[SQL: SELECT payments.id AS payments_id, payments.user_id AS payments_user_id, payments.tx_hash AS payments_tx_hash, payments.amount AS payments_amount, payments.currency AS payments_currency, payments.network AS payments_network, payments.status AS payments_status, payments.error_message AS payments_error_message, payments.verification_method AS payments_verification_method, payments.verification_attempts AS payments_verification_attempts, payments.last_check_at AS payments_last_check_at, payments.created_at AS payments_created_at, payments.verified_at AS payments_verified_at 
FROM payments 
WHERE payments.status = ?]
[parameters: ('pending',)]
(Background on this error at: https://sqlalche.me/e/20/e3q8)
2026-08-17 18:59:37 | ERROR | Periodic check error: (sqlite3.OperationalError) no such column: payments.network
[SQL: SELECT payments.id AS payments_id, payments.user_id AS payments_user_id, payments.tx_hash AS payments_tx_hash, payments.amount AS payments_amount, payments.currency AS payments_currency, payments.network AS payments_network, payments.status AS payments_status, payments.error_message AS payments_error_message, payments.verification_method AS payments_verification_method, payments.verification_attempts AS payments_verification_attempts, payments.last_check_at AS payments_last_check_at, payments.created_at AS payments_created_at, payments.verified_at AS payments_verified_at 
FROM payments 
WHERE payments.status = ?]
[parameters: ('pending',)]
(Background on this error at: https://sqlalche.me/e/20/e3q8)
2026-08-17 19:00:07 | ERROR | Periodic check error: (sqlite3.OperationalError) no such column: payments.network
[SQL: SELECT payments.id AS payments_id, payments.user_id AS payments_user_id, payments.tx_hash AS payments_tx_hash, payments.amount AS payments_amount, payments.currency AS payments_currency, payments.network AS payments_network, payments.status AS payments_status, payments.error_message AS payments_error_message, payments.verification_method AS payments_verification_method, payments.verification_attempts AS payments_verification_attempts, payments.last_check_at AS payments_last_check_at, payments.created_at AS payments_created_at, payments.verified_at AS payments_verified_at 
FROM payments 
WHERE payments.status = ?]
[parameters: ('pending',)]
(Background on this error at: https://sqlalche.me/e/20/e3q8)
2026-08-17 19:00:37 | ERROR | Periodic check error: (sqlite3.OperationalError) no such column: payments.network
[SQL: SELECT payments.id AS payments_id, payments.user_id AS payments_user_id, payments.tx_hash AS payments_tx_hash, payments.amount AS payments_amount, payments.currency AS payments_currency, payments.network AS payments_network, payments.status AS payments_status, payments.error_message AS payments_error_message, payments.verification_method AS payments_verification_method, payments.verification_attempts AS payments_verification_attempts, payments.last_check_at AS payments_last_check_at, payments.created_at AS payments_created_at, payments.verified_at AS payments_verified_at 
FROM payments 
WHERE payments.status = ?]
[parameters: ('pending',)]
(Background on this error at: https://sqlalche.me/e/20/e3q8)
2026-08-17 19:01:07 | ERROR | Periodic check error: (sqlite3.OperationalError) no such column: payments.network
[SQL: SELECT payments.id AS payments_id, payments.user_id AS payments_user_id, payments.tx_hash AS payments_tx_hash, payments.amount AS payments_amount, payments.currency AS payments_currency, payments.network AS payments_network, payments.status AS payments_status, payments.error_message AS payments_error_message, payments.verification_method AS payments_verification_method, payments.verification_attempts AS payments_verification_attempts, payments.last_check_at AS payments_last_check_at, payments.created_at AS payments_created_at, payments.verified_at AS payments_verified_at 
FROM payments 
WHERE payments.status = ?]
[parameters: ('pending',)]
(Background on this error at: https://sqlalche.me/e/20/e3q8)
2026-08-17 19:01:37 | ERROR | Periodic check error: (sqlite3.OperationalError) no such column: payments.network
[SQL: SELECT payments.id AS payments_id, payments.user_id AS payments_user_id, payments.tx_hash AS payments_tx_hash, payments.amount AS payments_amount, payments.currency AS payments_currency, payments.network AS payments_network, payments.status AS payments_status, payments.error_message AS payments_error_message, payments.verification_method AS payments_verification_method, payments.verification_attempts AS payments_verification_attempts, payments.last_check_at AS payments_last_check_at, payments.created_at AS payments_created_at, payments.verified_at AS payments_verified_at 
FROM payments 
WHERE payments.status = ?]
[parameters: ('pending',)]
(Background on this error at: https://sqlalche.me/e/20/e3q8)
2026-08-17 19:02:07 | ERROR | Periodic check error: (sqlite3.OperationalError) no such column: payments.network
[SQL: SELECT payments.id AS payments_id, payments.user_id AS payments_user_id, payments.tx_hash AS payments_tx_hash, payments.amount AS payments_amount, payments.currency AS payments_currency, payments.network AS payments_network, payments.status AS payments_status, payments.error_message AS payments_error_message, payments.verification_method AS payments_verification_method, payments.verification_attempts AS payments_verification_attempts, payments.last_check_at AS payments_last_check_at, payments.created_at AS payments_created_at, payments.verified_at AS payments_verified_at 
FROM payments 
WHERE payments.status = ?]
[parameters: ('pending',)]
(Background on this error at: https://sqlalche.me/e/20/e3q8)
2026-08-17 19:02:37 | ERROR | Periodic check error: (sqlite3.OperationalError) no such column: payments.network
[SQL: SELECT payments.id AS payments_id, payments.user_id AS payments_user_id, payments.tx_hash AS payments_tx_hash, payments.amount AS payments_amount, payments.currency AS payments_currency, payments.network AS payments_network, payments.status AS payments_status, payments.error_message AS payments_error_message, payments.verification_method AS payments_verification_method, payments.verification_attempts AS payments_verification_attempts, payments.last_check_at AS payments_last_check_at, payments.created_at AS payments_created_at, payments.verified_at AS payments_verified_at 
FROM payments 
WHERE payments.status = ?]
[parameters: ('pending',)]
(Background on this error at: https://sqlalche.me/e/20/e3q8)
2026-08-17 19:03:07 | ERROR | Periodic check error: (sqlite3.OperationalError) no such column: payments.network
[SQL: SELECT payments.id AS payments_id, payments.user_id AS payments_user_id, payments.tx_hash AS payments_tx_hash, payments.amount AS payments_amount, payments.currency AS payments_currency, payments.network AS payments_network, payments.status AS payments_status, payments.error_message AS payments_error_message, payments.verification_method AS payments_verification_method, payments.verification_attempts AS payments_verification_attempts, payments.last_check_at AS payments_last_check_at, payments.created_at AS payments_created_at, payments.verified_at AS payments_verified_at 
FROM payments 
WHERE payments.status = ?]
[parameters: ('pending',)]
(Background on this error at: https://sqlalche.me/e/20/e3q8)
2026-08-17 19:03:37 | ERROR | Periodic check error: (sqlite3.OperationalError) no such column: payments.network
[SQL: SELECT payments.id AS payments_id, payments.user_id AS payments_user_id, payments.tx_hash AS payments_tx_hash, payments.amount AS payments_amount, payments.currency AS payments_currency, payments.network AS payments_network, payments.status AS payments_status, payments.error_message AS payments_error_message, payments.verification_method AS payments_verification_method, payments.verification_attempts AS payments_verification_attempts, payments.last_check_at AS payments_last_check_at, payments.created_at AS payments_created_at, payments.verified_at AS payments_verified_at 
FROM payments 
WHERE payments.status = ?]
[parameters: ('pending',)]
(Background on this error at: https://sqlalche.me/e/20/e3q8)
2026-08-17 19:04:07 | ERROR | Periodic check error: (sqlite3.OperationalError) no such column: payments.network
[SQL: SELECT payments.id AS payments_id, payments.user_id AS payments_user_id, payments.tx_hash AS payments_tx_hash, payments.amount AS payments_amount, payments.currency AS payments_currency, payments.network AS payments_network, payments.status AS payments_status, payments.error_message AS payments_error_message, payments.verification_method AS payments_verification_method, payments.verification_attempts AS payments_verification_attempts, payments.last_check_at AS payments_last_check_at, payments.created_at AS payments_created_at, payments.verified_at AS payments_verified_at 
FROM payments 
WHERE payments.status = ?]
[parameters: ('pending',)]
(Background on this error at: https://sqlalche.me/e/20/e3q8)
2026-08-17 19:04:37 | ERROR | Periodic check error: (sqlite3.OperationalError) no such column: payments.network
[SQL: SELECT payments.id AS payments_id, payments.user_id AS payments_user_id, payments.tx_hash AS payments_tx_hash, payments.amount AS payments_amount, payments.currency AS payments_currency, payments.network AS payments_network, payments.status AS payments_status, payments.error_message AS payments_error_message, payments.verification_method AS payments_verification_method, payments.verification_attempts AS payments_verification_attempts, payments.last_check_at AS payments_last_check_at, payments.created_at AS payments_created_at, payments.verified_at AS payments_verified_at 
FROM payments 
WHERE payments.status = ?]
[parameters: ('pending',)]
(Background on this error at: https://sqlalche.me/e/20/e3q8)
2026-08-17 19:05:07 | ERROR | Periodic check error: (sqlite3.OperationalError) no such column: payments.network
[SQL: SELECT payments.id AS payments_id, payments.user_id AS payments_user_id, payments.tx_hash AS payments_tx_hash, payments.amount AS payments_amount, payments.currency AS payments_currency, payments.network AS payments_network, payments.status AS payments_status, payments.error_message AS payments_error_message, payments.verification_method AS payments_verification_method, payments.verification_attempts AS payments_verification_attempts, payments.last_check_at AS payments_last_check_at, payments.created_at AS payments_created_at, payments.verified_at AS payments_verified_at 
FROM payments 
WHERE payments.status = ?]
[parameters: ('pending',)]
(Background on this error at: https://sqlalche.me/e/20/e3q8)
2026-08-17 19:05:37 | ERROR | Periodic check error: (sqlite3.OperationalError) no such column: payments.network
[SQL: SELECT payments.id AS payments_id, payments.user_id AS payments_user_id, payments.tx_hash AS payments_tx_hash, payments.amount AS payments_amount, payments.currency AS payments_currency, payments.network AS payments_network, payments.status AS payments_status, payments.error_message AS payments_error_message, payments.verification_method AS payments_verification_method, payments.verification_attempts AS payments_verification_attempts, payments.last_check_at AS payments_last_check_at, payments.created_at AS payments_created_at, payments.verified_at AS payments_verified_at 
FROM payments 
WHERE payments.status = ?]
[parameters: ('pending',)]
(Background on this error at: https://sqlalche.me/e/20/e3q8)
2026-08-17 19:06:07 | ERROR | Periodic check error: (sqlite3.OperationalError) no such column: payments.network
[SQL: SELECT payments.id AS payments_id, payments.user_id AS payments_user_id, payments.tx_hash AS payments_tx_hash, payments.amount AS payments_amount, payments.currency AS payments_currency, payments.network AS payments_network, payments.status AS payments_status, payments.error_message AS payments_error_message, payments.verification_method AS payments_verification_method, payments.verification_attempts AS payments_verification_attempts, payments.last_check_at AS payments_last_check_at, payments.created_at AS payments_created_at, payments.verified_at AS payments_verified_at 
FROM payments 
WHERE payments.status = ?]
[parameters: ('pending',)]
(Background on this error at: https://sqlalche.me/e/20/e3q8)
2026-08-17 19:06:37 | ERROR | Periodic check error: (sqlite3.OperationalError) no such column: payments.network
[SQL: SELECT payments.id AS payments_id, payments.user_id AS payments_user_id, payments.tx_hash AS payments_tx_hash, payments.amount AS payments_amount, payments.currency AS payments_currency, payments.network AS payments_network, payments.status AS payments_status, payments.error_message AS payments_error_message, payments.verification_method AS payments_verification_method, payments.verification_attempts AS payments_verification_attempts, payments.last_check_at AS payments_last_check_at, payments.created_at AS payments_created_at, payments.verified_at AS payments_verified_at 
FROM payments 
WHERE payments.status = ?]
[parameters: ('pending',)]
(Background on this error at: https://sqlalche.me/e/20/e3q8)
2026-08-17 19:07:07 | ERROR | Periodic check error: (sqlite3.OperationalError) no such column: payments.network
[SQL: SELECT payments.id AS payments_id, payments.user_id AS payments_user_id, payments.tx_hash AS payments_tx_hash, payments.amount AS payments_amount, payments.currency AS payments_currency, payments.network AS payments_network, payments.status AS payments_status, payments.error_message AS payments_error_message, payments.verification_method AS payments_verification_method, payments.verification_attempts AS payments_verification_attempts, payments.last_check_at AS payments_last_check_at, payments.created_at AS payments_created_at, payments.verified_at AS payments_verified_at 
FROM payments 
WHERE payments.status = ?]
[parameters: ('pending',)]
(Background on this error at: https://sqlalche.me/e/20/e3q8)
2026-08-17 19:07:37 | ERROR | Periodic check error: (sqlite3.OperationalError) no such column: payments.network
[SQL: SELECT payments.id AS payments_id, payments.user_id AS payments_user_id, payments.tx_hash AS payments_tx_hash, payments.amount AS payments_amount, payments.currency AS payments_currency, payments.network AS payments_network, payments.status AS payments_status, payments.error_message AS payments_error_message, payments.verification_method AS payments_verification_method, payments.verification_attempts AS payments_verification_attempts, payments.last_check_at AS payments_last_check_at, payments.created_at AS payments_created_at, payments.verified_at AS payments_verified_at 
FROM payments 
WHERE payments.status = ?]
[parameters: ('pending',)]
(Background on this error at: https://sqlalche.me/e/20/e3q8)
2026-08-17 19:08:07 | ERROR | Periodic check error: (sqlite3.OperationalError) no such column: payments.network
[SQL: SELECT payments.id AS payments_id, payments.user_id AS payments_user_id, payments.tx_hash AS payments_tx_hash, payments.amount AS payments_amount, payments.currency AS payments_currency, payments.network AS payments_network, payments.status AS payments_status, payments.error_message AS payments_error_message, payments.verification_method AS payments_verification_method, payments.verification_attempts AS payments_verification_attempts, payments.last_check_at AS payments_last_check_at, payments.created_at AS payments_created_at, payments.verified_at AS payments_verified_at 
FROM payments 
WHERE payments.status = ?]
[parameters: ('pending',)]
(Background on this error at: https://sqlalche.me/e/20/e3q8)
2026-08-17 19:08:37 | ERROR | Periodic check error: (sqlite3.OperationalError) no such column: payments.network
[SQL: SELECT payments.id AS payments_id, payments.user_id AS payments_user_id, payments.tx_hash AS payments_tx_hash, payments.amount AS payments_amount, payments.currency AS payments_currency, payments.network AS payments_network, payments.status AS payments_status, payments.error_message AS payments_error_message, payments.verification_method AS payments_verification_method, payments.verification_attempts AS payments_verification_attempts, payments.last_check_at AS payments_last_check_at, payments.created_at AS payments_created_at, payments.verified_at AS payments_verified_at 
FROM payments 
WHERE payments.status = ?]
[parameters: ('pending',)]
(Background on this error at: https://sqlalche.me/e/20/e3q8)
2026-08-17 19:09:07 | ERROR | Periodic check error: (sqlite3.OperationalError) no such column: payments.network
[SQL: SELECT payments.id AS payments_id, payments.user_id AS payments_user_id, payments.tx_hash AS payments_tx_hash, payments.amount AS payments_amount, payments.currency AS payments_currency, payments.network AS payments_network, payments.status AS payments_status, payments.error_message AS payments_error_message, payments.verification_method AS payments_verification_method, payments.verification_attempts AS payments_verification_attempts, payments.last_check_at AS payments_last_check_at, payments.created_at AS payments_created_at, payments.verified_at AS payments_verified_at 
FROM payments 
WHERE payments.status = ?]
[parameters: ('pending',)]
(Background on this error at: https://sqlalche.me/e/20/e3q8)
2026-08-17 19:09:37 | ERROR | Periodic check error: (sqlite3.OperationalError) no such column: payments.network
[SQL: SELECT payments.id AS payments_id, payments.user_id AS payments_user_id, payments.tx_hash AS payments_tx_hash, payments.amount AS payments_amount, payments.currency AS payments_currency, payments.network AS payments_network, payments.status AS payments_status, payments.error_message AS payments_error_message, payments.verification_method AS payments_verification_method, payments.verification_attempts AS payments_verification_attempts, payments.last_check_at AS payments_last_check_at, payments.created_at AS payments_created_at, payments.verified_at AS payments_verified_at 
FROM payments 
WHERE payments.status = ?]
[parameters: ('pending',)]
(Background on this error at: https://sqlalche.me/e/20/e3q8)
2026-08-17 19:10:07 | ERROR | Periodic check error: (sqlite3.OperationalError) no such column: payments.network
[SQL: SELECT payments.id AS payments_id, payments.user_id AS payments_user_id, payments.tx_hash AS payments_tx_hash, payments.amount AS payments_amount, payments.currency AS payments_currency, payments.network AS payments_network, payments.status AS payments_status, payments.error_message AS payments_error_message, payments.verification_method AS payments_verification_method, payments.verification_attempts AS payments_verification_attempts, payments.last_check_at AS payments_last_check_at, payments.created_at AS payments_created_at, payments.verified_at AS payments_verified_at 
FROM payments 
WHERE payments.status = ?]
[parameters: ('pending',)]
(Background on this error at: https://sqlalche.me/e/20/e3q8)
2026-08-17 19:10:37 | ERROR | Periodic check error: (sqlite3.OperationalError) no such column: payments.network
[SQL: SELECT payments.id AS payments_id, payments.user_id AS payments_user_id, payments.tx_hash AS payments_tx_hash, payments.amount AS payments_amount, payments.currency AS payments_currency, payments.network AS payments_network, payments.status AS payments_status, payments.error_message AS payments_error_message, payments.verification_method AS payments_verification_method, payments.verification_attempts AS payments_verification_attempts, payments.last_check_at AS payments_last_check_at, payments.created_at AS payments_created_at, payments.verified_at AS payments_verified_at 
FROM payments 
WHERE payments.status = ?]
[parameters: ('pending',)]
(Background on this error at: https://sqlalche.me/e/20/e3q8)
2026-08-17 19:11:07 | ERROR | Periodic check error: (sqlite3.OperationalError) no such column: payments.network
[SQL: SELECT payments.id AS payments_id, payments.user_id AS payments_user_id, payments.tx_hash AS payments_tx_hash, payments.amount AS payments_amount, payments.currency AS payments_currency, payments.network AS payments_network, payments.status AS payments_status, payments.error_message AS payments_error_message, payments.verification_method AS payments_verification_method, payments.verification_attempts AS payments_verification_attempts, payments.last_check_at AS payments_last_check_at, payments.created_at AS payments_created_at, payments.verified_at AS payments_verified_at 
FROM payments 
WHERE payments.status = ?]
[parameters: ('pending',)]
(Background on this error at: https://sqlalche.me/e/20/e3q8)
2026-08-17 19:11:38 | ERROR | Periodic check error: (sqlite3.OperationalError) no such column: payments.network
[SQL: SELECT payments.id AS payments_id, payments.user_id AS payments_user_id, payments.tx_hash AS payments_tx_hash, payments.amount AS payments_amount, payments.currency AS payments_currency, payments.network AS payments_network, payments.status AS payments_status, payments.error_message AS payments_error_message, payments.verification_method AS payments_verification_method, payments.verification_attempts AS payments_verification_attempts, payments.last_check_at AS payments_last_check_at, payments.created_at AS payments_created_at, payments.verified_at AS payments_verified_at 
FROM payments 
WHERE payments.status = ?]
[parameters: ('pending',)]
(Background on this error at: https://sqlalche.me/e/20/e3q8)
2026-08-17 19:12:08 | ERROR | Periodic check error: (sqlite3.OperationalError) no such column: payments.network
[SQL: SELECT payments.id AS payments_id, payments.user_id AS payments_user_id, payments.tx_hash AS payments_tx_hash, payments.amount AS payments_amount, payments.currency AS payments_currency, payments.network AS payments_network, payments.status AS payments_status, payments.error_message AS payments_error_message, payments.verification_method AS payments_verification_method, payments.verification_attempts AS payments_verification_attempts, payments.last_check_at AS payments_last_check_at, payments.created_at AS payments_created_at, payments.verified_at AS payments_verified_at 
FROM payments 
WHERE payments.status = ?]
[parameters: ('pending',)]
(Background on this error at: https://sqlalche.me/e/20/e3q8)
2026-08-17 19:12:38 | ERROR | Periodic check error: (sqlite3.OperationalError) no such column: payments.network
[SQL: SELECT payments.id AS payments_id, payments.user_id AS payments_user_id, payments.tx_hash AS payments_tx_hash, payments.amount AS payments_amount, payments.currency AS payments_currency, payments.network AS payments_network, payments.status AS payments_status, payments.error_message AS payments_error_message, payments.verification_method AS payments_verification_method, payments.verification_attempts AS payments_verification_attempts, payments.last_check_at AS payments_last_check_at, payments.created_at AS payments_created_at, payments.verified_at AS payments_verified_at 
FROM payments 
WHERE payments.status = ?]
[parameters: ('pending',)]
(Background on this error at: https://sqlalche.me/e/20/e3q8)
2026-08-17 19:13:08 | ERROR | Periodic check error: (sqlite3.OperationalError) no such column: payments.network
[SQL: SELECT payments.id AS payments_id, payments.user_id AS payments_user_id, payments.tx_hash AS payments_tx_hash, payments.amount AS payments_amount, payments.currency AS payments_currency, payments.network AS payments_network, payments.status AS payments_status, payments.error_message AS payments_error_message, payments.verification_method AS payments_verification_method, payments.verification_attempts AS payments_verification_attempts, payments.last_check_at AS payments_last_check_at, payments.created_at AS payments_created_at, payments.verified_at AS payments_verified_at 
FROM payments 
WHERE payments.status = ?]
[parameters: ('pending',)]
(Background on this error at: https://sqlalche.me/e/20/e3q8)
2026-08-17 19:13:38 | ERROR | Periodic check error: (sqlite3.OperationalError) no such column: payments.network
[SQL: SELECT payments.id AS payments_id, payments.user_id AS payments_user_id, payments.tx_hash AS payments_tx_hash, payments.amount AS payments_amount, payments.currency AS payments_currency, payments.network AS payments_network, payments.status AS payments_status, payments.error_message AS payments_error_message, payments.verification_method AS payments_verification_method, payments.verification_attempts AS payments_verification_attempts, payments.last_check_at AS payments_last_check_at, payments.created_at AS payments_created_at, payments.verified_at AS payments_verified_at 
FROM payments 
WHERE payments.status = ?]
[parameters: ('pending',)]
(Background on this error at: https://sqlalche.me/e/20/e3q8)
2026-08-17 19:14:08 | ERROR | Periodic check error: (sqlite3.OperationalError) no such column: payments.network
[SQL: SELECT payments.id AS payments_id, payments.user_id AS payments_user_id, payments.tx_hash AS payments_tx_hash, payments.amount AS payments_amount, payments.currency AS payments_currency, payments.network AS payments_network, payments.status AS payments_status, payments.error_message AS payments_error_message, payments.verification_method AS payments_verification_method, payments.verification_attempts AS payments_verification_attempts, payments.last_check_at AS payments_last_check_at, payments.created_at AS payments_created_at, payments.verified_at AS payments_verified_at 
FROM payments 
WHERE payments.status = ?]
[parameters: ('pending',)]
(Background on this error at: https://sqlalche.me/e/20/e3q8)
2026-08-17 19:14:38 | ERROR | Periodic check error: (sqlite3.OperationalError) no such column: payments.network
[SQL: SELECT payments.id AS payments_id, payments.user_id AS payments_user_id, payments.tx_hash AS payments_tx_hash, payments.amount AS payments_amount, payments.currency AS payments_currency, payments.network AS payments_network, payments.status AS payments_status, payments.error_message AS payments_error_message, payments.verification_method AS payments_verification_method, payments.verification_attempts AS payments_verification_attempts, payments.last_check_at AS payments_last_check_at, payments.created_at AS payments_created_at, payments.verified_at AS payments_verified_at 
FROM payments 
WHERE payments.status = ?]
[parameters: ('pending',)]
(Background on this error at: https://sqlalche.me/e/20/e3q8)
2026-08-17 19:15:08 | ERROR | Periodic check error: (sqlite3.OperationalError) no such column: payments.network
[SQL: SELECT payments.id AS payments_id, payments.user_id AS payments_user_id, payments.tx_hash AS payments_tx_hash, payments.amount AS payments_amount, payments.currency AS payments_currency, payments.network AS payments_network, payments.status AS payments_status, payments.error_message AS payments_error_message, payments.verification_method AS payments_verification_method, payments.verification_attempts AS payments_verification_attempts, payments.last_check_at AS payments_last_check_at, payments.created_at AS payments_created_at, payments.verified_at AS payments_verified_at 
FROM payments 
WHERE payments.status = ?]
[parameters: ('pending',)]
(Background on this error at: https://sqlalche.me/e/20/e3q8)
2026-08-17 19:15:38 | ERROR | Periodic check error: (sqlite3.OperationalError) no such column: payments.network
[SQL: SELECT payments.id AS payments_id, payments.user_id AS payments_user_id, payments.tx_hash AS payments_tx_hash, payments.amount AS payments_amount, payments.currency AS payments_currency, payments.network AS payments_network, payments.status AS payments_status, payments.error_message AS payments_error_message, payments.verification_method AS payments_verification_method, payments.verification_attempts AS payments_verification_attempts, payments.last_check_at AS payments_last_check_at, payments.created_at AS payments_created_at, payments.verified_at AS payments_verified_at 
FROM payments 
WHERE payments.status = ?]
[parameters: ('pending',)]
(Background on this error at: https://sqlalche.me/e/20/e3q8)
2026-08-17 19:16:08 | ERROR | Periodic check error: (sqlite3.OperationalError) no such column: payments.network
[SQL: SELECT payments.id AS payments_id, payments.user_id AS payments_user_id, payments.tx_hash AS payments_tx_hash, payments.amount AS payments_amount, payments.currency AS payments_currency, payments.network AS payments_network, payments.status AS payments_status, payments.error_message AS payments_error_message, payments.verification_method AS payments_verification_method, payments.verification_attempts AS payments_verification_attempts, payments.last_check_at AS payments_last_check_at, payments.created_at AS payments_created_at, payments.verified_at AS payments_verified_at 
FROM payments 
WHERE payments.status = ?]
[parameters: ('pending',)]
(Background on this error at: https://sqlalche.me/e/20/e3q8)
2026-08-17 19:16:38 | ERROR | Periodic check error: (sqlite3.OperationalError) no such column: payments.network
[SQL: SELECT payments.id AS payments_id, payments.user_id AS payments_user_id, payments.tx_hash AS payments_tx_hash, payments.amount AS payments_amount, payments.currency AS payments_currency, payments.network AS payments_network, payments.status AS payments_status, payments.error_message AS payments_error_message, payments.verification_method AS payments_verification_method, payments.verification_attempts AS payments_verification_attempts, payments.last_check_at AS payments_last_check_at, payments.created_at AS payments_created_at, payments.verified_at AS payments_verified_at 
FROM payments 
WHERE payments.status = ?]
[parameters: ('pending',)]
(Background on this error at: https://sqlalche.me/e/20/e3q8)
2026-08-17 19:17:08 | ERROR | Periodic check error: (sqlite3.OperationalError) no such column: payments.network
[SQL: SELECT payments.id AS payments_id, payments.user_id AS payments_user_id, payments.tx_hash AS payments_tx_hash, payments.amount AS payments_amount, payments.currency AS payments_currency, payments.network AS payments_network, payments.status AS payments_status, payments.error_message AS payments_error_message, payments.verification_method AS payments_verification_method, payments.verification_attempts AS payments_verification_attempts, payments.last_check_at AS payments_last_check_at, payments.created_at AS payments_created_at, payments.verified_at AS payments_verified_at 
FROM payments 
WHERE payments.status = ?]
[parameters: ('pending',)]
(Background on this error at: https://sqlalche.me/e/20/e3q8)
2026-08-17 19:17:38 | ERROR | Periodic check error: (sqlite3.OperationalError) no such column: payments.network
[SQL: SELECT payments.id AS payments_id, payments.user_id AS payments_user_id, payments.tx_hash AS payments_tx_hash, payments.amount AS payments_amount, payments.currency AS payments_currency, payments.network AS payments_network, payments.status AS payments_status, payments.error_message AS payments_error_message, payments.verification_method AS payments_verification_method, payments.verification_attempts AS payments_verification_attempts, payments.last_check_at AS payments_last_check_at, payments.created_at AS payments_created_at, payments.verified_at AS payments_verified_at 
FROM payments 
WHERE payments.status = ?]
[parameters: ('pending',)]
(Background on this error at: https://sqlalche.me/e/20/e3q8)
2026-08-17 19:18:08 | ERROR | Periodic check error: (sqlite3.OperationalError) no such column: payments.network
[SQL: SELECT payments.id AS payments_id, payments.user_id AS payments_user_id, payments.tx_hash AS payments_tx_hash, payments.amount AS payments_amount, payments.currency AS payments_currency, payments.network AS payments_network, payments.status AS payments_status, payments.error_message AS payments_error_message, payments.verification_method AS payments_verification_method, payments.verification_attempts AS payments_verification_attempts, payments.last_check_at AS payments_last_check_at, payments.created_at AS payments_created_at, payments.verified_at AS payments_verified_at 
FROM payments 
WHERE payments.status = ?]
[parameters: ('pending',)]
(Background on this error at: https://sqlalche.me/e/20/e3q8)
2026-08-17 19:18:38 | ERROR | Periodic check error: (sqlite3.OperationalError) no such column: payments.network
[SQL: SELECT payments.id AS payments_id, payments.user_id AS payments_user_id, payments.tx_hash AS payments_tx_hash, payments.amount AS payments_amount, payments.currency AS payments_currency, payments.network AS payments_network, payments.status AS payments_status, payments.error_message AS payments_error_message, payments.verification_method AS payments_verification_method, payments.verification_attempts AS payments_verification_attempts, payments.last_check_at AS payments_last_check_at, payments.created_at AS payments_created_at, payments.verified_at AS payments_verified_at 
FROM payments 
WHERE payments.status = ?]
[parameters: ('pending',)]
(Background on this error at: https://sqlalche.me/e/20/e3q8)
2026-08-17 19:19:08 | ERROR | Periodic check error: (sqlite3.OperationalError) no such column: payments.network
[SQL: SELECT payments.id AS payments_id, payments.user_id AS payments_user_id, payments.tx_hash AS payments_tx_hash, payments.amount AS payments_amount, payments.currency AS payments_currency, payments.network AS payments_network, payments.status AS payments_status, payments.error_message AS payments_error_message, payments.verification_method AS payments_verification_method, payments.verification_attempts AS payments_verification_attempts, payments.last_check_at AS payments_last_check_at, payments.created_at AS payments_created_at, payments.verified_at AS payments_verified_at 
FROM payments 
WHERE payments.status = ?]
[parameters: ('pending',)]
(Background on this error at: https://sqlalche.me/e/20/e3q8)
2026-08-17 19:19:38 | ERROR | Periodic check error: (sqlite3.OperationalError) no such column: payments.network
[SQL: SELECT payments.id AS payments_id, payments.user_id AS payments_user_id, payments.tx_hash AS payments_tx_hash, payments.amount AS payments_amount, payments.currency AS payments_currency, payments.network AS payments_network, payments.status AS payments_status, payments.error_message AS payments_error_message, payments.verification_method AS payments_verification_method, payments.verification_attempts AS payments_verification_attempts, payments.last_check_at AS payments_last_check_at, payments.created_at AS payments_created_at, payments.verified_at AS payments_verified_at 
FROM payments 
WHERE payments.status = ?]
[parameters: ('pending',)]
(Background on this error at: https://sqlalche.me/e/20/e3q8)
2026-08-17 19:20:08 | ERROR | Periodic check error: (sqlite3.OperationalError) no such column: payments.network
[SQL: SELECT payments.id AS payments_id, payments.user_id AS payments_user_id, payments.tx_hash AS payments_tx_hash, payments.amount AS payments_amount, payments.currency AS payments_currency, payments.network AS payments_network, payments.status AS payments_status, payments.error_message AS payments_error_message, payments.verification_method AS payments_verification_method, payments.verification_attempts AS payments_verification_attempts, payments.last_check_at AS payments_last_check_at, payments.created_at AS payments_created_at, payments.verified_at AS payments_verified_at 
FROM payments 
WHERE payments.status = ?]
[parameters: ('pending',)]
(Background on this error at: https://sqlalche.me/e/20/e3q8)
2026-08-17 19:20:38 | ERROR | Periodic check error: (sqlite3.OperationalError) no such column: payments.network
[SQL: SELECT payments.id AS payments_id, payments.user_id AS payments_user_id, payments.tx_hash AS payments_tx_hash, payments.amount AS payments_amount, payments.currency AS payments_currency, payments.network AS payments_network, payments.status AS payments_status, payments.error_message AS payments_error_message, payments.verification_method AS payments_verification_method, payments.verification_attempts AS payments_verification_attempts, payments.last_check_at AS payments_last_check_at, payments.created_at AS payments_created_at, payments.verified_at AS payments_verified_at 
FROM payments 
WHERE payments.status = ?]
[parameters: ('pending',)]
(Background on this error at: https://sqlalche.me/e/20/e3q8)
2026-08-17 19:21:08 | ERROR | Periodic check error: (sqlite3.OperationalError) no such column: payments.network
[SQL: SELECT payments.id AS payments_id, payments.user_id AS payments_user_id, payments.tx_hash AS payments_tx_hash, payments.amount AS payments_amount, payments.currency AS payments_currency, payments.network AS payments_network, payments.status AS payments_status, payments.error_message AS payments_error_message, payments.verification_method AS payments_verification_method, payments.verification_attempts AS payments_verification_attempts, payments.last_check_at AS payments_last_check_at, payments.created_at AS payments_created_at, payments.verified_at AS payments_verified_at 
FROM payments 
WHERE payments.status = ?]
[parameters: ('pending',)]
(Background on this error at: https://sqlalche.me/e/20/e3q8)
2026-08-17 19:21:38 | ERROR | Periodic check error: (sqlite3.OperationalError) no such column: payments.network
[SQL: SELECT payments.id AS payments_id, payments.user_id AS payments_user_id, payments.tx_hash AS payments_tx_hash, payments.amount AS payments_amount, payments.currency AS payments_currency, payments.network AS payments_network, payments.status AS payments_status, payments.error_message AS payments_error_message, payments.verification_method AS payments_verification_method, payments.verification_attempts AS payments_verification_attempts, payments.last_check_at AS payments_last_check_at, payments.created_at AS payments_created_at, payments.verified_at AS payments_verified_at 
FROM payments 
WHERE payments.status = ?]
[parameters: ('pending',)]
(Background on this error at: https://sqlalche.me/e/20/e3q8)
2026-08-17 19:22:08 | ERROR | Periodic check error: (sqlite3.OperationalError) no such column: payments.network
[SQL: SELECT payments.id AS payments_id, payments.user_id AS payments_user_id, payments.tx_hash AS payments_tx_hash, payments.amount AS payments_amount, payments.currency AS payments_currency, payments.network AS payments_network, payments.status AS payments_status, payments.error_message AS payments_error_message, payments.verification_method AS payments_verification_method, payments.verification_attempts AS payments_verification_attempts, payments.last_check_at AS payments_last_check_at, payments.created_at AS payments_created_at, payments.verified_at AS payments_verified_at 
FROM payments 
WHERE payments.status = ?]
[parameters: ('pending',)]
(Background on this error at: https://sqlalche.me/e/20/e3q8)
2026-08-17 19:22:38 | ERROR | Periodic check error: (sqlite3.OperationalError) no such column: payments.network
[SQL: SELECT payments.id AS payments_id, payments.user_id AS payments_user_id, payments.tx_hash AS payments_tx_hash, payments.amount AS payments_amount, payments.currency AS payments_currency, payments.network AS payments_network, payments.status AS payments_status, payments.error_message AS payments_error_message, payments.verification_method AS payments_verification_method, payments.verification_attempts AS payments_verification_attempts, payments.last_check_at AS payments_last_check_at, payments.created_at AS payments_created_at, payments.verified_at AS payments_verified_at 
FROM payments 
WHERE payments.status = ?]
[parameters: ('pending',)]
(Background on this error at: https://sqlalche.me/e/20/e3q8)
2026-08-17 19:23:08 | ERROR | Periodic check error: (sqlite3.OperationalError) no such column: payments.network
[SQL: SELECT payments.id AS payments_id, payments.user_id AS payments_user_id, payments.tx_hash AS payments_tx_hash, payments.amount AS payments_amount, payments.currency AS payments_currency, payments.network AS payments_network, payments.status AS payments_status, payments.error_message AS payments_error_message, payments.verification_method AS payments_verification_method, payments.verification_attempts AS payments_verification_attempts, payments.last_check_at AS payments_last_check_at, payments.created_at AS payments_created_at, payments.verified_at AS payments_verified_at 
FROM payments 
WHERE payments.status = ?]
[parameters: ('pending',)]
(Background on this error at: https://sqlalche.me/e/20/e3q8)
2026-08-17 19:23:38 | ERROR | Periodic check error: (sqlite3.OperationalError) no such column: payments.network
[SQL: SELECT payments.id AS payments_id, payments.user_id AS payments_user_id, payments.tx_hash AS payments_tx_hash, payments.amount AS payments_amount, payments.currency AS payments_currency, payments.network AS payments_network, payments.status AS payments_status, payments.error_message AS payments_error_message, payments.verification_method AS payments_verification_method, payments.verification_attempts AS payments_verification_attempts, payments.last_check_at AS payments_last_check_at, payments.created_at AS payments_created_at, payments.verified_at AS payments_verified_at 
FROM payments 
WHERE payments.status = ?]
[parameters: ('pending',)]
(Background on this error at: https://sqlalche.me/e/20/e3q8)
2026-08-17 19:24:08 | ERROR | Periodic check error: (sqlite3.OperationalError) no such column: payments.network
[SQL: SELECT payments.id AS payments_id, payments.user_id AS payments_user_id, payments.tx_hash AS payments_tx_hash, payments.amount AS payments_amount, payments.currency AS payments_currency, payments.network AS payments_network, payments.status AS payments_status, payments.error_message AS payments_error_message, payments.verification_method AS payments_verification_method, payments.verification_attempts AS payments_verification_attempts, payments.last_check_at AS payments_last_check_at, payments.created_at AS payments_created_at, payments.verified_at AS payments_verified_at 
FROM payments 
WHERE payments.status = ?]
[parameters: ('pending',)]
(Background on this error at: https://sqlalche.me/e/20/e3q8)
2026-08-17 19:24:38 | ERROR | Periodic check error: (sqlite3.OperationalError) no such column: payments.network
[SQL: SELECT payments.id AS payments_id, payments.user_id AS payments_user_id, payments.tx_hash AS payments_tx_hash, payments.amount AS payments_amount, payments.currency AS payments_currency, payments.network AS payments_network, payments.status AS payments_status, payments.error_message AS payments_error_message, payments.verification_method AS payments_verification_method, payments.verification_attempts AS payments_verification_attempts, payments.last_check_at AS payments_last_check_at, payments.created_at AS payments_created_at, payments.verified_at AS payments_verified_at 
FROM payments 
WHERE payments.status = ?]
[parameters: ('pending',)]
(Background on this error at: https://sqlalche.me/e/20/e3q8)
2026-08-17 19:25:08 | ERROR | Periodic check error: (sqlite3.OperationalError) no such column: payments.network
[SQL: SELECT payments.id AS payments_id, payments.user_id AS payments_user_id, payments.tx_hash AS payments_tx_hash, payments.amount AS payments_amount, payments.currency AS payments_currency, payments.network AS payments_network, payments.status AS payments_status, payments.error_message AS payments_error_message, payments.verification_method AS payments_verification_method, payments.verification_attempts AS payments_verification_attempts, payments.last_check_at AS payments_last_check_at, payments.created_at AS payments_created_at, payments.verified_at AS payments_verified_at 
FROM payments 
WHERE payments.status = ?]
[parameters: ('pending',)]
(Background on this error at: https://sqlalche.me/e/20/e3q8)
2026-08-17 19:25:38 | ERROR | Periodic check error: (sqlite3.OperationalError) no such column: payments.network
[SQL: SELECT payments.id AS payments_id, payments.user_id AS payments_user_id, payments.tx_hash AS payments_tx_hash, payments.amount AS payments_amount, payments.currency AS payments_currency, payments.network AS payments_network, payments.status AS payments_status, payments.error_message AS payments_error_message, payments.verification_method AS payments_verification_method, payments.verification_attempts AS payments_verification_attempts, payments.last_check_at AS payments_last_check_at, payments.created_at AS payments_created_at, payments.verified_at AS payments_verified_at 
FROM payments 
WHERE payments.status = ?]
[parameters: ('pending',)]
(Background on this error at: https://sqlalche.me/e/20/e3q8)
2026-08-17 19:26:08 | ERROR | Periodic check error: (sqlite3.OperationalError) no such column: payments.network
[SQL: SELECT payments.id AS payments_id, payments.user_id AS payments_user_id, payments.tx_hash AS payments_tx_hash, payments.amount AS payments_amount, payments.currency AS payments_currency, payments.network AS payments_network, payments.status AS payments_status, payments.error_message AS payments_error_message, payments.verification_method AS payments_verification_method, payments.verification_attempts AS payments_verification_attempts, payments.last_check_at AS payments_last_check_at, payments.created_at AS payments_created_at, payments.verified_at AS payments_verified_at 
FROM payments 
WHERE payments.status = ?]
[parameters: ('pending',)]
(Background on this error at: https://sqlalche.me/e/20/e3q8)
2026-08-17 19:26:38 | ERROR | Periodic check error: (sqlite3.OperationalError) no such column: payments.network
[SQL: SELECT payments.id AS payments_id, payments.user_id AS payments_user_id, payments.tx_hash AS payments_tx_hash, payments.amount AS payments_amount, payments.currency AS payments_currency, payments.network AS payments_network, payments.status AS payments_status, payments.error_message AS payments_error_message, payments.verification_method AS payments_verification_method, payments.verification_attempts AS payments_verification_attempts, payments.last_check_at AS payments_last_check_at, payments.created_at AS payments_created_at, payments.verified_at AS payments_verified_at 
FROM payments 
WHERE payments.status = ?]
[parameters: ('pending',)]
(Background on this error at: https://sqlalche.me/e/20/e3q8)
2026-08-17 19:27:08 | ERROR | Periodic check error: (sqlite3.OperationalError) no such column: payments.network
[SQL: SELECT payments.id AS payments_id, payments.user_id AS payments_user_id, payments.tx_hash AS payments_tx_hash, payments.amount AS payments_amount, payments.currency AS payments_currency, payments.network AS payments_network, payments.status AS payments_status, payments.error_message AS payments_error_message, payments.verification_method AS payments_verification_method, payments.verification_attempts AS payments_verification_attempts, payments.last_check_at AS payments_last_check_at, payments.created_at AS payments_created_at, payments.verified_at AS payments_verified_at 
FROM payments 
WHERE payments.status = ?]
[parameters: ('pending',)]
(Background on this error at: https://sqlalche.me/e/20/e3q8)
2026-08-17 19:27:38 | ERROR | Periodic check error: (sqlite3.OperationalError) no such column: payments.network
[SQL: SELECT payments.id AS payments_id, payments.user_id AS payments_user_id, payments.tx_hash AS payments_tx_hash, payments.amount AS payments_amount, payments.currency AS payments_currency, payments.network AS payments_network, payments.status AS payments_status, payments.error_message AS payments_error_message, payments.verification_method AS payments_verification_method, payments.verification_attempts AS payments_verification_attempts, payments.last_check_at AS payments_last_check_at, payments.created_at AS payments_created_at, payments.verified_at AS payments_verified_at 
FROM payments 
WHERE payments.status = ?]
[parameters: ('pending',)]
(Background on this error at: https://sqlalche.me/e/20/e3q8)
2026-08-17 19:28:08 | ERROR | Periodic check error: (sqlite3.OperationalError) no such column: payments.network
[SQL: SELECT payments.id AS payments_id, payments.user_id AS payments_user_id, payments.tx_hash AS payments_tx_hash, payments.amount AS payments_amount, payments.currency AS payments_currency, payments.network AS payments_network, payments.status AS payments_status, payments.error_message AS payments_error_message, payments.verification_method AS payments_verification_method, payments.verification_attempts AS payments_verification_attempts, payments.last_check_at AS payments_last_check_at, payments.created_at AS payments_created_at, payments.verified_at AS payments_verified_at 
FROM payments 
WHERE payments.status = ?]
[parameters: ('pending',)]
(Background on this error at: https://sqlalche.me/e/20/e3q8)
2026-08-17 19:28:38 | ERROR | Periodic check error: (sqlite3.OperationalError) no such column: payments.network
[SQL: SELECT payments.id AS payments_id, payments.user_id AS payments_user_id, payments.tx_hash AS payments_tx_hash, payments.amount AS payments_amount, payments.currency AS payments_currency, payments.network AS payments_network, payments.status AS payments_status, payments.error_message AS payments_error_message, payments.verification_method AS payments_verification_method, payments.verification_attempts AS payments_verification_attempts, payments.last_check_at AS payments_last_check_at, payments.created_at AS payments_created_at, payments.verified_at AS payments_verified_at 
FROM payments 
WHERE payments.status = ?]
[parameters: ('pending',)]
(Background on this error at: https://sqlalche.me/e/20/e3q8)
2026-08-17 19:29:08 | ERROR | Periodic check error: (sqlite3.OperationalError) no such column: payments.network
[SQL: SELECT payments.id AS payments_id, payments.user_id AS payments_user_id, payments.tx_hash AS payments_tx_hash, payments.amount AS payments_amount, payments.currency AS payments_currency, payments.network AS payments_network, payments.status AS payments_status, payments.error_message AS payments_error_message, payments.verification_method AS payments_verification_method, payments.verification_attempts AS payments_verification_attempts, payments.last_check_at AS payments_last_check_at, payments.created_at AS payments_created_at, payments.verified_at AS payments_verified_at 
FROM payments 
WHERE payments.status = ?]
[parameters: ('pending',)]
(Background on this error at: https://sqlalche.me/e/20/e3q8)
2026-08-17 19:29:38 | ERROR | Periodic check error: (sqlite3.OperationalError) no such column: payments.network
[SQL: SELECT payments.id AS payments_id, payments.user_id AS payments_user_id, payments.tx_hash AS payments_tx_hash, payments.amount AS payments_amount, payments.currency AS payments_currency, payments.network AS payments_network, payments.status AS payments_status, payments.error_message AS payments_error_message, payments.verification_method AS payments_verification_method, payments.verification_attempts AS payments_verification_attempts, payments.last_check_at AS payments_last_check_at, payments.created_at AS payments_created_at, payments.verified_at AS payments_verified_at 
FROM payments 
WHERE payments.status = ?]
[parameters: ('pending',)]
(Background on this error at: https://sqlalche.me/e/20/e3q8)
2026-08-17 19:30:08 | ERROR | Periodic check error: (sqlite3.OperationalError) no such column: payments.network
[SQL: SELECT payments.id AS payments_id, payments.user_id AS payments_user_id, payments.tx_hash AS payments_tx_hash, payments.amount AS payments_amount, payments.currency AS payments_currency, payments.network AS payments_network, payments.status AS payments_status, payments.error_message AS payments_error_message, payments.verification_method AS payments_verification_method, payments.verification_attempts AS payments_verification_attempts, payments.last_check_at AS payments_last_check_at, payments.created_at AS payments_created_at, payments.verified_at AS payments_verified_at 
FROM payments 
WHERE payments.status = ?]
[parameters: ('pending',)]
(Background on this error at: https://sqlalche.me/e/20/e3q8)
2026-08-17 19:30:38 | ERROR | Periodic check error: (sqlite3.OperationalError) no such column: payments.network
[SQL: SELECT payments.id AS payments_id, payments.user_id AS payments_user_id, payments.tx_hash AS payments_tx_hash, payments.amount AS payments_amount, payments.currency AS payments_currency, payments.network AS payments_network, payments.status AS payments_status, payments.error_message AS payments_error_message, payments.verification_method AS payments_verification_method, payments.verification_attempts AS payments_verification_attempts, payments.last_check_at AS payments_last_check_at, payments.created_at AS payments_created_at, payments.verified_at AS payments_verified_at 
FROM payments 
WHERE payments.status = ?]
[parameters: ('pending',)]
(Background on this error at: https://sqlalche.me/e/20/e3q8)
2026-08-17 19:31:08 | ERROR | Periodic check error: (sqlite3.OperationalError) no such column: payments.network
[SQL: SELECT payments.id AS payments_id, payments.user_id AS payments_user_id, payments.tx_hash AS payments_tx_hash, payments.amount AS payments_amount, payments.currency AS payments_currency, payments.network AS payments_network, payments.status AS payments_status, payments.error_message AS payments_error_message, payments.verification_method AS payments_verification_method, payments.verification_attempts AS payments_verification_attempts, payments.last_check_at AS payments_last_check_at, payments.created_at AS payments_created_at, payments.verified_at AS payments_verified_at 
FROM payments 
WHERE payments.status = ?]
[parameters: ('pending',)]
(Background on this error at: https://sqlalche.me/e/20/e3q8)
2026-08-17 19:31:38 | ERROR | Periodic check error: (sqlite3.OperationalError) no such column: payments.network
[SQL: SELECT payments.id AS payments_id, payments.user_id AS payments_user_id, payments.tx_hash AS payments_tx_hash, payments.amount AS payments_amount, payments.currency AS payments_currency, payments.network AS payments_network, payments.status AS payments_status, payments.error_message AS payments_error_message, payments.verification_method AS payments_verification_method, payments.verification_attempts AS payments_verification_attempts, payments.last_check_at AS payments_last_check_at, payments.created_at AS payments_created_at, payments.verified_at AS payments_verified_at 
FROM payments 
WHERE payments.status = ?]
[parameters: ('pending',)]
(Background on this error at: https://sqlalche.me/e/20/e3q8)
2026-08-17 19:32:08 | ERROR | Periodic check error: (sqlite3.OperationalError) no such column: payments.network
[SQL: SELECT payments.id AS payments_id, payments.user_id AS payments_user_id, payments.tx_hash AS payments_tx_hash, payments.amount AS payments_amount, payments.currency AS payments_currency, payments.network AS payments_network, payments.status AS payments_status, payments.error_message AS payments_error_message, payments.verification_method AS payments_verification_method, payments.verification_attempts AS payments_verification_attempts, payments.last_check_at AS payments_last_check_at, payments.created_at AS payments_created_at, payments.verified_at AS payments_verified_at 
FROM payments 
WHERE payments.status = ?]
[parameters: ('pending',)]
(Background on this error at: https://sqlalche.me/e/20/e3q8)
2026-08-17 19:32:38 | ERROR | Periodic check error: (sqlite3.OperationalError) no such column: payments.network
[SQL: SELECT payments.id AS payments_id, payments.user_id AS payments_user_id, payments.tx_hash AS payments_tx_hash, payments.amount AS payments_amount, payments.currency AS payments_currency, payments.network AS payments_network, payments.status AS payments_status, payments.error_message AS payments_error_message, payments.verification_method AS payments_verification_method, payments.verification_attempts AS payments_verification_attempts, payments.last_check_at AS payments_last_check_at, payments.created_at AS payments_created_at, payments.verified_at AS payments_verified_at 
FROM payments 
WHERE payments.status = ?]
[parameters: ('pending',)]
(Background on this error at: https://sqlalche.me/e/20/e3q8)
2026-08-17 19:33:08 | ERROR | Periodic check error: (sqlite3.OperationalError) no such column: payments.network
[SQL: SELECT payments.id AS payments_id, payments.user_id AS payments_user_id, payments.tx_hash AS payments_tx_hash, payments.amount AS payments_amount, payments.currency AS payments_currency, payments.network AS payments_network, payments.status AS payments_status, payments.error_message AS payments_error_message, payments.verification_method AS payments_verification_method, payments.verification_attempts AS payments_verification_attempts, payments.last_check_at AS payments_last_check_at, payments.created_at AS payments_created_at, payments.verified_at AS payments_verified_at 
FROM payments 
WHERE payments.status = ?]
[parameters: ('pending',)]
(Background on this error at: https://sqlalche.me/e/20/e3q8)
2026-08-17 19:33:38 | ERROR | Periodic check error: (sqlite3.OperationalError) no such column: payments.network
[SQL: SELECT payments.id AS payments_id, payments.user_id AS payments_user_id, payments.tx_hash AS payments_tx_hash, payments.amount AS payments_amount, payments.currency AS payments_currency, payments.network AS payments_network, payments.status AS payments_status, payments.error_message AS payments_error_message, payments.verification_method AS payments_verification_method, payments.verification_attempts AS payments_verification_attempts, payments.last_check_at AS payments_last_check_at, payments.created_at AS payments_created_at, payments.verified_at AS payments_verified_at 
FROM payments 
WHERE payments.status = ?]
[parameters: ('pending',)]
(Background on this error at: https://sqlalche.me/e/20/e3q8)
2026-08-17 19:34:08 | ERROR | Periodic check error: (sqlite3.OperationalError) no such column: payments.network
[SQL: SELECT payments.id AS payments_id, payments.user_id AS payments_user_id, payments.tx_hash AS payments_tx_hash, payments.amount AS payments_amount, payments.currency AS payments_currency, payments.network AS payments_network, payments.status AS payments_status, payments.error_message AS payments_error_message, payments.verification_method AS payments_verification_method, payments.verification_attempts AS payments_verification_attempts, payments.last_check_at AS payments_last_check_at, payments.created_at AS payments_created_at, payments.verified_at AS payments_verified_at 
FROM payments 
WHERE payments.status = ?]
[parameters: ('pending',)]
(Background on this error at: https://sqlalche.me/e/20/e3q8)
2026-08-17 19:34:38 | ERROR | Periodic check error: (sqlite3.OperationalError) no such column: payments.network
[SQL: SELECT payments.id AS payments_id, payments.user_id AS payments_user_id, payments.tx_hash AS payments_tx_hash, payments.amount AS payments_amount, payments.currency AS payments_currency, payments.network AS payments_network, payments.status AS payments_status, payments.error_message AS payments_error_message, payments.verification_method AS payments_verification_method, payments.verification_attempts AS payments_verification_attempts, payments.last_check_at AS payments_last_check_at, payments.created_at AS payments_created_at, payments.verified_at AS payments_verified_at 
FROM payments 
WHERE payments.status = ?]
[parameters: ('pending',)]
(Background on this error at: https://sqlalche.me/e/20/e3q8)
2026-08-17 19:35:08 | ERROR | Periodic check error: (sqlite3.OperationalError) no such column: payments.network
[SQL: SELECT payments.id AS payments_id, payments.user_id AS payments_user_id, payments.tx_hash AS payments_tx_hash, payments.amount AS payments_amount, payments.currency AS payments_currency, payments.network AS payments_network, payments.status AS payments_status, payments.error_message AS payments_error_message, payments.verification_method AS payments_verification_method, payments.verification_attempts AS payments_verification_attempts, payments.last_check_at AS payments_last_check_at, payments.created_at AS payments_created_at, payments.verified_at AS payments_verified_at 
FROM payments 
WHERE payments.status = ?]
[parameters: ('pending',)]
(Background on this error at: https://sqlalche.me/e/20/e3q8)
2026-08-17 19:35:38 | ERROR | Periodic check error: (sqlite3.OperationalError) no such column: payments.network
[SQL: SELECT payments.id AS payments_id, payments.user_id AS payments_user_id, payments.tx_hash AS payments_tx_hash, payments.amount AS payments_amount, payments.currency AS payments_currency, payments.network AS payments_network, payments.status AS payments_status, payments.error_message AS payments_error_message, payments.verification_method AS payments_verification_method, payments.verification_attempts AS payments_verification_attempts, payments.last_check_at AS payments_last_check_at, payments.created_at AS payments_created_at, payments.verified_at AS payments_verified_at 
FROM payments 
WHERE payments.status = ?]
[parameters: ('pending',)]
(Background on this error at: https://sqlalche.me/e/20/e3q8)
2026-08-17 19:36:08 | ERROR | Periodic check error: (sqlite3.OperationalError) no such column: payments.network
[SQL: SELECT payments.id AS payments_id, payments.user_id AS payments_user_id, payments.tx_hash AS payments_tx_hash, payments.amount AS payments_amount, payments.currency AS payments_currency, payments.network AS payments_network, payments.status AS payments_status, payments.error_message AS payments_error_message, payments.verification_method AS payments_verification_method, payments.verification_attempts AS payments_verification_attempts, payments.last_check_at AS payments_last_check_at, payments.created_at AS payments_created_at, payments.verified_at AS payments_verified_at 
FROM payments 
WHERE payments.status = ?]
[parameters: ('pending',)]
(Background on this error at: https://sqlalche.me/e/20/e3q8)
2026-08-17 19:36:38 | ERROR | Periodic check error: (sqlite3.OperationalError) no such column: payments.network
[SQL: SELECT payments.id AS payments_id, payments.user_id AS payments_user_id, payments.tx_hash AS payments_tx_hash, payments.amount AS payments_amount, payments.currency AS payments_currency, payments.network AS payments_network, payments.status AS payments_status, payments.error_message AS payments_error_message, payments.verification_method AS payments_verification_method, payments.verification_attempts AS payments_verification_attempts, payments.last_check_at AS payments_last_check_at, payments.created_at AS payments_created_at, payments.verified_at AS payments_verified_at 
FROM payments 
WHERE payments.status = ?]
[parameters: ('pending',)]
(Background on this error at: https://sqlalche.me/e/20/e3q8)
2026-08-17 19:37:08 | ERROR | Periodic check error: (sqlite3.OperationalError) no such column: payments.network
[SQL: SELECT payments.id AS payments_id, payments.user_id AS payments_user_id, payments.tx_hash AS payments_tx_hash, payments.amount AS payments_amount, payments.currency AS payments_currency, payments.network AS payments_network, payments.status AS payments_status, payments.error_message AS payments_error_message, payments.verification_method AS payments_verification_method, payments.verification_attempts AS payments_verification_attempts, payments.last_check_at AS payments_last_check_at, payments.created_at AS payments_created_at, payments.verified_at AS payments_verified_at 
FROM payments 
WHERE payments.status = ?]
[parameters: ('pending',)]
(Background on this error at: https://sqlalche.me/e/20/e3q8)
2026-08-17 19:37:38 | ERROR | Periodic check error: (sqlite3.OperationalError) no such column: payments.network
[SQL: SELECT payments.id AS payments_id, payments.user_id AS payments_user_id, payments.tx_hash AS payments_tx_hash, payments.amount AS payments_amount, payments.currency AS payments_currency, payments.network AS payments_network, payments.status AS payments_status, payments.error_message AS payments_error_message, payments.verification_method AS payments_verification_method, payments.verification_attempts AS payments_verification_attempts, payments.last_check_at AS payments_last_check_at, payments.created_at AS payments_created_at, payments.verified_at AS payments_verified_at 
FROM payments 
WHERE payments.status = ?]
[parameters: ('pending',)]
(Background on this error at: https://sqlalche.me/e/20/e3q8)
2026-08-17 19:38:08 | ERROR | Periodic check error: (sqlite3.OperationalError) no such column: payments.network
[SQL: SELECT payments.id AS payments_id, payments.user_id AS payments_user_id, payments.tx_hash AS payments_tx_hash, payments.amount AS payments_amount, payments.currency AS payments_currency, payments.network AS payments_network, payments.status AS payments_status, payments.error_message AS payments_error_message, payments.verification_method AS payments_verification_method, payments.verification_attempts AS payments_verification_attempts, payments.last_check_at AS payments_last_check_at, payments.created_at AS payments_created_at, payments.verified_at AS payments_verified_at 
FROM payments 
WHERE payments.status = ?]
[parameters: ('pending',)]
(Background on this error at: https://sqlalche.me/e/20/e3q8)
2026-08-17 19:38:38 | ERROR | Periodic check error: (sqlite3.OperationalError) no such column: payments.network
[SQL: SELECT payments.id AS payments_id, payments.user_id AS payments_user_id, payments.tx_hash AS payments_tx_hash, payments.amount AS payments_amount, payments.currency AS payments_currency, payments.network AS payments_network, payments.status AS payments_status, payments.error_message AS payments_error_message, payments.verification_method AS payments_verification_method, payments.verification_attempts AS payments_verification_attempts, payments.last_check_at AS payments_last_check_at, payments.created_at AS payments_created_at, payments.verified_at AS payments_verified_at 
FROM payments 
WHERE payments.status = ?]
[parameters: ('pending',)]
(Background on this error at: https://sqlalche.me/e/20/e3q8)
2026-08-17 19:39:08 | ERROR | Periodic check error: (sqlite3.OperationalError) no such column: payments.network
[SQL: SELECT payments.id AS payments_id, payments.user_id AS payments_user_id, payments.tx_hash AS payments_tx_hash, payments.amount AS payments_amount, payments.currency AS payments_currency, payments.network AS payments_network, payments.status AS payments_status, payments.error_message AS payments_error_message, payments.verification_method AS payments_verification_method, payments.verification_attempts AS payments_verification_attempts, payments.last_check_at AS payments_last_check_at, payments.created_at AS payments_created_at, payments.verified_at AS payments_verified_at 
FROM payments 
WHERE payments.status = ?]
[parameters: ('pending',)]
(Background on this error at: https://sqlalche.me/e/20/e3q8)
2026-08-17 19:39:38 | ERROR | Periodic check error: (sqlite3.OperationalError) no such column: payments.network
[SQL: SELECT payments.id AS payments_id, payments.user_id AS payments_user_id, payments.tx_hash AS payments_tx_hash, payments.amount AS payments_amount, payments.currency AS payments_currency, payments.network AS payments_network, payments.status AS payments_status, payments.error_message AS payments_error_message, payments.verification_method AS payments_verification_method, payments.verification_attempts AS payments_verification_attempts, payments.last_check_at AS payments_last_check_at, payments.created_at AS payments_created_at, payments.verified_at AS payments_verified_at 
FROM payments 
WHERE payments.status = ?]
[parameters: ('pending',)]
(Background on this error at: https://sqlalche.me/e/20/e3q8)
2026-08-17 19:40:08 | ERROR | Periodic check error: (sqlite3.OperationalError) no such column: payments.network
[SQL: SELECT payments.id AS payments_id, payments.user_id AS payments_user_id, payments.tx_hash AS payments_tx_hash, payments.amount AS payments_amount, payments.currency AS payments_currency, payments.network AS payments_network, payments.status AS payments_status, payments.error_message AS payments_error_message, payments.verification_method AS payments_verification_method, payments.verification_attempts AS payments_verification_attempts, payments.last_check_at AS payments_last_check_at, payments.created_at AS payments_created_at, payments.verified_at AS payments_verified_at 
FROM payments 
WHERE payments.status = ?]
[parameters: ('pending',)]
(Background on this error at: https://sqlalche.me/e/20/e3q8)
2026-08-17 19:40:38 | ERROR | Periodic check error: (sqlite3.OperationalError) no such column: payments.network
[SQL: SELECT payments.id AS payments_id, payments.user_id AS payments_user_id, payments.tx_hash AS payments_tx_hash, payments.amount AS payments_amount, payments.currency AS payments_currency, payments.network AS payments_network, payments.status AS payments_status, payments.error_message AS payments_error_message, payments.verification_method AS payments_verification_method, payments.verification_attempts AS payments_verification_attempts, payments.last_check_at AS payments_last_check_at, payments.created_at AS payments_created_at, payments.verified_at AS payments_verified_at 
FROM payments 
WHERE payments.status = ?]
[parameters: ('pending',)]
(Background on this error at: https://sqlalche.me/e/20/e3q8)
2026-08-17 19:41:08 | ERROR | Periodic check error: (sqlite3.OperationalError) no such column: payments.network
[SQL: SELECT payments.id AS payments_id, payments.user_id AS payments_user_id, payments.tx_hash AS payments_tx_hash, payments.amount AS payments_amount, payments.currency AS payments_currency, payments.network AS payments_network, payments.status AS payments_status, payments.error_message AS payments_error_message, payments.verification_method AS payments_verification_method, payments.verification_attempts AS payments_verification_attempts, payments.last_check_at AS payments_last_check_at, payments.created_at AS payments_created_at, payments.verified_at AS payments_verified_at 
FROM payments 
WHERE payments.status = ?]
[parameters: ('pending',)]
(Background on this error at: https://sqlalche.me/e/20/e3q8)
2026-08-17 19:41:38 | ERROR | Periodic check error: (sqlite3.OperationalError) no such column: payments.network
[SQL: SELECT payments.id AS payments_id, payments.user_id AS payments_user_id, payments.tx_hash AS payments_tx_hash, payments.amount AS payments_amount, payments.currency AS payments_currency, payments.network AS payments_network, payments.status AS payments_status, payments.error_message AS payments_error_message, payments.verification_method AS payments_verification_method, payments.verification_attempts AS payments_verification_attempts, payments.last_check_at AS payments_last_check_at, payments.created_at AS payments_created_at, payments.verified_at AS payments_verified_at 
FROM payments 
WHERE payments.status = ?]
[parameters: ('pending',)]
(Background on this error at: https://sqlalche.me/e/20/e3q8)
2026-08-17 19:42:08 | ERROR | Periodic check error: (sqlite3.OperationalError) no such column: payments.network
[SQL: SELECT payments.id AS payments_id, payments.user_id AS payments_user_id, payments.tx_hash AS payments_tx_hash, payments.amount AS payments_amount, payments.currency AS payments_currency, payments.network AS payments_network, payments.status AS payments_status, payments.error_message AS payments_error_message, payments.verification_method AS payments_verification_method, payments.verification_attempts AS payments_verification_attempts, payments.last_check_at AS payments_last_check_at, payments.created_at AS payments_created_at, payments.verified_at AS payments_verified_at 
FROM payments 
WHERE payments.status = ?]
[parameters: ('pending',)]
(Background on this error at: https://sqlalche.me/e/20/e3q8)
2026-08-17 19:42:38 | ERROR | Periodic check error: (sqlite3.OperationalError) no such column: payments.network
[SQL: SELECT payments.id AS payments_id, payments.user_id AS payments_user_id, payments.tx_hash AS payments_tx_hash, payments.amount AS payments_amount, payments.currency AS payments_currency, payments.network AS payments_network, payments.status AS payments_status, payments.error_message AS payments_error_message, payments.verification_method AS payments_verification_method, payments.verification_attempts AS payments_verification_attempts, payments.last_check_at AS payments_last_check_at, payments.created_at AS payments_created_at, payments.verified_at AS payments_verified_at 
FROM payments 
WHERE payments.status = ?]
[parameters: ('pending',)]
(Background on this error at: https://sqlalche.me/e/20/e3q8)
2026-08-17 19:43:08 | ERROR | Periodic check error: (sqlite3.OperationalError) no such column: payments.network
[SQL: SELECT payments.id AS payments_id, payments.user_id AS payments_user_id, payments.tx_hash AS payments_tx_hash, payments.amount AS payments_amount, payments.currency AS payments_currency, payments.network AS payments_network, payments.status AS payments_status, payments.error_message AS payments_error_message, payments.verification_method AS payments_verification_method, payments.verification_attempts AS payments_verification_attempts, payments.last_check_at AS payments_last_check_at, payments.created_at AS payments_created_at, payments.verified_at AS payments_verified_at 
FROM payments 
WHERE payments.status = ?]
[parameters: ('pending',)]
(Background on this error at: https://sqlalche.me/e/20/e3q8)
2026-08-17 19:43:38 | ERROR | Periodic check error: (sqlite3.OperationalError) no such column: payments.network
[SQL: SELECT payments.id AS payments_id, payments.user_id AS payments_user_id, payments.tx_hash AS payments_tx_hash, payments.amount AS payments_amount, payments.currency AS payments_currency, payments.network AS payments_network, payments.status AS payments_status, payments.error_message AS payments_error_message, payments.verification_method AS payments_verification_method, payments.verification_attempts AS payments_verification_attempts, payments.last_check_at AS payments_last_check_at, payments.created_at AS payments_created_at, payments.verified_at AS payments_verified_at 
FROM payments 
WHERE payments.status = ?]
[parameters: ('pending',)]
(Background on this error at: https://sqlalche.me/e/20/e3q8)
2026-08-17 19:44:08 | ERROR | Periodic check error: (sqlite3.OperationalError) no such column: payments.network
[SQL: SELECT payments.id AS payments_id, payments.user_id AS payments_user_id, payments.tx_hash AS payments_tx_hash, payments.amount AS payments_amount, payments.currency AS payments_currency, payments.network AS payments_network, payments.status AS payments_status, payments.error_message AS payments_error_message, payments.verification_method AS payments_verification_method, payments.verification_attempts AS payments_verification_attempts, payments.last_check_at AS payments_last_check_at, payments.created_at AS payments_created_at, payments.verified_at AS payments_verified_at 
FROM payments 
WHERE payments.status = ?]
[parameters: ('pending',)]
(Background on this error at: https://sqlalche.me/e/20/e3q8)
2026-08-17 19:44:38 | ERROR | Periodic check error: (sqlite3.OperationalError) no such column: payments.network
[SQL: SELECT payments.id AS payments_id, payments.user_id AS payments_user_id, payments.tx_hash AS payments_tx_hash, payments.amount AS payments_amount, payments.currency AS payments_currency, payments.network AS payments_network, payments.status AS payments_status, payments.error_message AS payments_error_message, payments.verification_method AS payments_verification_method, payments.verification_attempts AS payments_verification_attempts, payments.last_check_at AS payments_last_check_at, payments.created_at AS payments_created_at, payments.verified_at AS payments_verified_at 
FROM payments 
WHERE payments.status = ?]
[parameters: ('pending',)]
(Background on this error at: https://sqlalche.me/e/20/e3q8)
2026-08-17 19:45:08 | ERROR | Periodic check error: (sqlite3.OperationalError) no such column: payments.network
[SQL: SELECT payments.id AS payments_id, payments.user_id AS payments_user_id, payments.tx_hash AS payments_tx_hash, payments.amount AS payments_amount, payments.currency AS payments_currency, payments.network AS payments_network, payments.status AS payments_status, payments.error_message AS payments_error_message, payments.verification_method AS payments_verification_method, payments.verification_attempts AS payments_verification_attempts, payments.last_check_at AS payments_last_check_at, payments.created_at AS payments_created_at, payments.verified_at AS payments_verified_at 
FROM payments 
WHERE payments.status = ?]
[parameters: ('pending',)]
(Background on this error at: https://sqlalche.me/e/20/e3q8)
2026-08-17 19:45:38 | ERROR | Periodic check error: (sqlite3.OperationalError) no such column: payments.network
[SQL: SELECT payments.id AS payments_id, payments.user_id AS payments_user_id, payments.tx_hash AS payments_tx_hash, payments.amount AS payments_amount, payments.currency AS payments_currency, payments.network AS payments_network, payments.status AS payments_status, payments.error_message AS payments_error_message, payments.verification_method AS payments_verification_method, payments.verification_attempts AS payments_verification_attempts, payments.last_check_at AS payments_last_check_at, payments.created_at AS payments_created_at, payments.verified_at AS payments_verified_at 
FROM payments 
WHERE payments.status = ?]
[parameters: ('pending',)]
(Background on this error at: https://sqlalche.me/e/20/e3q8)
2026-08-17 19:46:08 | ERROR | Periodic check error: (sqlite3.OperationalError) no such column: payments.network
[SQL: SELECT payments.id AS payments_id, payments.user_id AS payments_user_id, payments.tx_hash AS payments_tx_hash, payments.amount AS payments_amount, payments.currency AS payments_currency, payments.network AS payments_network, payments.status AS payments_status, payments.error_message AS payments_error_message, payments.verification_method AS payments_verification_method, payments.verification_attempts AS payments_verification_attempts, payments.last_check_at AS payments_last_check_at, payments.created_at AS payments_created_at, payments.verified_at AS payments_verified_at 
FROM payments 
WHERE payments.status = ?]
[parameters: ('pending',)]
(Background on this error at: https://sqlalche.me/e/20/e3q8)
2026-08-17 19:46:38 | ERROR | Periodic check error: (sqlite3.OperationalError) no such column: payments.network
[SQL: SELECT payments.id AS payments_id, payments.user_id AS payments_user_id, payments.tx_hash AS payments_tx_hash, payments.amount AS payments_amount, payments.currency AS payments_currency, payments.network AS payments_network, payments.status AS payments_status, payments.error_message AS payments_error_message, payments.verification_method AS payments_verification_method, payments.verification_attempts AS payments_verification_attempts, payments.last_check_at AS payments_last_check_at, payments.created_at AS payments_created_at, payments.verified_at AS payments_verified_at 
FROM payments 
WHERE payments.status = ?]
[parameters: ('pending',)]
(Background on this error at: https://sqlalche.me/e/20/e3q8)
2026-08-17 19:47:08 | ERROR | Periodic check error: (sqlite3.OperationalError) no such column: payments.network
[SQL: SELECT payments.id AS payments_id, payments.user_id AS payments_user_id, payments.tx_hash AS payments_tx_hash, payments.amount AS payments_amount, payments.currency AS payments_currency, payments.network AS payments_network, payments.status AS payments_status, payments.error_message AS payments_error_message, payments.verification_method AS payments_verification_method, payments.verification_attempts AS payments_verification_attempts, payments.last_check_at AS payments_last_check_at, payments.created_at AS payments_created_at, payments.verified_at AS payments_verified_at 
FROM payments 
WHERE payments.status = ?]
[parameters: ('pending',)]
(Background on this error at: https://sqlalche.me/e/20/e3q8)
2026-08-17 19:47:38 | ERROR | Periodic check error: (sqlite3.OperationalError) no such column: payments.network
[SQL: SELECT payments.id AS payments_id, payments.user_id AS payments_user_id, payments.tx_hash AS payments_tx_hash, payments.amount AS payments_amount, payments.currency AS payments_currency, payments.network AS payments_network, payments.status AS payments_status, payments.error_message AS payments_error_message, payments.verification_method AS payments_verification_method, payments.verification_attempts AS payments_verification_attempts, payments.last_check_at AS payments_last_check_at, payments.created_at AS payments_created_at, payments.verified_at AS payments_verified_at 
FROM payments 
WHERE payments.status = ?]
[parameters: ('pending',)]
(Background on this error at: https://sqlalche.me/e/20/e3q8)
2026-08-17 19:48:09 | ERROR | Periodic check error: (sqlite3.OperationalError) no such column: payments.network
[SQL: SELECT payments.id AS payments_id, payments.user_id AS payments_user_id, payments.tx_hash AS payments_tx_hash, payments.amount AS payments_amount, payments.currency AS payments_currency, payments.network AS payments_network, payments.status AS payments_status, payments.error_message AS payments_error_message, payments.verification_method AS payments_verification_method, payments.verification_attempts AS payments_verification_attempts, payments.last_check_at AS payments_last_check_at, payments.created_at AS payments_created_at, payments.verified_at AS payments_verified_at 
FROM payments 
WHERE payments.status = ?]
[parameters: ('pending',)]
(Background on this error at: https://sqlalche.me/e/20/e3q8)
2026-08-17 19:48:39 | ERROR | Periodic check error: (sqlite3.OperationalError) no such column: payments.network
[SQL: SELECT payments.id AS payments_id, payments.user_id AS payments_user_id, payments.tx_hash AS payments_tx_hash, payments.amount AS payments_amount, payments.currency AS payments_currency, payments.network AS payments_network, payments.status AS payments_status, payments.error_message AS payments_error_message, payments.verification_method AS payments_verification_method, payments.verification_attempts AS payments_verification_attempts, payments.last_check_at AS payments_last_check_at, payments.created_at AS payments_created_at, payments.verified_at AS payments_verified_at 
FROM payments 
WHERE payments.status = ?]
[parameters: ('pending',)]
(Background on this error at: https://sqlalche.me/e/20/e3q8)
2026-08-17 19:49:09 | ERROR | Periodic check error: (sqlite3.OperationalError) no such column: payments.network
[SQL: SELECT payments.id AS payments_id, payments.user_id AS payments_user_id, payments.tx_hash AS payments_tx_hash, payments.amount AS payments_amount, payments.currency AS payments_currency, payments.network AS payments_network, payments.status AS payments_status, payments.error_message AS payments_error_message, payments.verification_method AS payments_verification_method, payments.verification_attempts AS payments_verification_attempts, payments.last_check_at AS payments_last_check_at, payments.created_at AS payments_created_at, payments.verified_at AS payments_verified_at 
FROM payments 
WHERE payments.status = ?]
[parameters: ('pending',)]
(Background on this error at: https://sqlalche.me/e/20/e3q8)
2026-08-17 19:49:39 | ERROR | Periodic check error: (sqlite3.OperationalError) no such column: payments.network
[SQL: SELECT payments.id AS payments_id, payments.user_id AS payments_user_id, payments.tx_hash AS payments_tx_hash, payments.amount AS payments_amount, payments.currency AS payments_currency, payments.network AS payments_network, payments.status AS payments_status, payments.error_message AS payments_error_message, payments.verification_method AS payments_verification_method, payments.verification_attempts AS payments_verification_attempts, payments.last_check_at AS payments_last_check_at, payments.created_at AS payments_created_at, payments.verified_at AS payments_verified_at 
FROM payments 
WHERE payments.status = ?]
[parameters: ('pending',)]
(Background on this error at: https://sqlalche.me/e/20/e3q8)
2026-08-17 19:50:09 | ERROR | Periodic check error: (sqlite3.OperationalError) no such column: payments.network
[SQL: SELECT payments.id AS payments_id, payments.user_id AS payments_user_id, payments.tx_hash AS payments_tx_hash, payments.amount AS payments_amount, payments.currency AS payments_currency, payments.network AS payments_network, payments.status AS payments_status, payments.error_message AS payments_error_message, payments.verification_method AS payments_verification_method, payments.verification_attempts AS payments_verification_attempts, payments.last_check_at AS payments_last_check_at, payments.created_at AS payments_created_at, payments.verified_at AS payments_verified_at 
FROM payments 
WHERE payments.status = ?]
[parameters: ('pending',)]
(Background on this error at: https://sqlalche.me/e/20/e3q8)
2026-08-17 19:50:39 | ERROR | Periodic check error: (sqlite3.OperationalError) no such column: payments.network
[SQL: SELECT payments.id AS payments_id, payments.user_id AS payments_user_id, payments.tx_hash AS payments_tx_hash, payments.amount AS payments_amount, payments.currency AS payments_currency, payments.network AS payments_network, payments.status AS payments_status, payments.error_message AS payments_error_message, payments.verification_method AS payments_verification_method, payments.verification_attempts AS payments_verification_attempts, payments.last_check_at AS payments_last_check_at, payments.created_at AS payments_created_at, payments.verified_at AS payments_verified_at 
FROM payments 
WHERE payments.status = ?]
[parameters: ('pending',)]
(Background on this error at: https://sqlalche.me/e/20/e3q8)
2026-08-17 19:51:09 | ERROR | Periodic check error: (sqlite3.OperationalError) no such column: payments.network
[SQL: SELECT payments.id AS payments_id, payments.user_id AS payments_user_id, payments.tx_hash AS payments_tx_hash, payments.amount AS payments_amount, payments.currency AS payments_currency, payments.network AS payments_network, payments.status AS payments_status, payments.error_message AS payments_error_message, payments.verification_method AS payments_verification_method, payments.verification_attempts AS payments_verification_attempts, payments.last_check_at AS payments_last_check_at, payments.created_at AS payments_created_at, payments.verified_at AS payments_verified_at 
FROM payments 
WHERE payments.status = ?]
[parameters: ('pending',)]
(Background on this error at: https://sqlalche.me/e/20/e3q8)
2026-08-17 19:51:39 | ERROR | Periodic check error: (sqlite3.OperationalError) no such column: payments.network
[SQL: SELECT payments.id AS payments_id, payments.user_id AS payments_user_id, payments.tx_hash AS payments_tx_hash, payments.amount AS payments_amount, payments.currency AS payments_currency, payments.network AS payments_network, payments.status AS payments_status, payments.error_message AS payments_error_message, payments.verification_method AS payments_verification_method, payments.verification_attempts AS payments_verification_attempts, payments.last_check_at AS payments_last_check_at, payments.created_at AS payments_created_at, payments.verified_at AS payments_verified_at 
FROM payments 
WHERE payments.status = ?]
[parameters: ('pending',)]
(Background on this error at: https://sqlalche.me/e/20/e3q8)
2026-08-17 19:52:09 | ERROR | Periodic check error: (sqlite3.OperationalError) no such column: payments.network
[SQL: SELECT payments.id AS payments_id, payments.user_id AS payments_user_id, payments.tx_hash AS payments_tx_hash, payments.amount AS payments_amount, payments.currency AS payments_currency, payments.network AS payments_network, payments.status AS payments_status, payments.error_message AS payments_error_message, payments.verification_method AS payments_verification_method, payments.verification_attempts AS payments_verification_attempts, payments.last_check_at AS payments_last_check_at, payments.created_at AS payments_created_at, payments.verified_at AS payments_verified_at 
FROM payments 
WHERE payments.status = ?]
[parameters: ('pending',)]
(Background on this error at: https://sqlalche.me/e/20/e3q8)
2026-08-17 19:52:39 | ERROR | Periodic check error: (sqlite3.OperationalError) no such column: payments.network
[SQL: SELECT payments.id AS payments_id, payments.user_id AS payments_user_id, payments.tx_hash AS payments_tx_hash, payments.amount AS payments_amount, payments.currency AS payments_currency, payments.network AS payments_network, payments.status AS payments_status, payments.error_message AS payments_error_message, payments.verification_method AS payments_verification_method, payments.verification_attempts AS payments_verification_attempts, payments.last_check_at AS payments_last_check_at, payments.created_at AS payments_created_at, payments.verified_at AS payments_verified_at 
FROM payments 
WHERE payments.status = ?]
[parameters: ('pending',)]
(Background on this error at: https://sqlalche.me/e/20/e3q8)
2026-08-17 19:53:09 | ERROR | Periodic check error: (sqlite3.OperationalError) no such column: payments.network
[SQL: SELECT payments.id AS payments_id, payments.user_id AS payments_user_id, payments.tx_hash AS payments_tx_hash, payments.amount AS payments_amount, payments.currency AS payments_currency, payments.network AS payments_network, payments.status AS payments_status, payments.error_message AS payments_error_message, payments.verification_method AS payments_verification_method, payments.verification_attempts AS payments_verification_attempts, payments.last_check_at AS payments_last_check_at, payments.created_at AS payments_created_at, payments.verified_at AS payments_verified_at 
FROM payments 
WHERE payments.status = ?]
[parameters: ('pending',)]
(Background on this error at: https://sqlalche.me/e/20/e3q8)
2026-08-17 19:53:39 | ERROR | Periodic check error: (sqlite3.OperationalError) no such column: payments.network
[SQL: SELECT payments.id AS payments_id, payments.user_id AS payments_user_id, payments.tx_hash AS payments_tx_hash, payments.amount AS payments_amount, payments.currency AS payments_currency, payments.network AS payments_network, payments.status AS payments_status, payments.error_message AS payments_error_message, payments.verification_method AS payments_verification_method, payments.verification_attempts AS payments_verification_attempts, payments.last_check_at AS payments_last_check_at, payments.created_at AS payments_created_at, payments.verified_at AS payments_verified_at 
FROM payments 
WHERE payments.status = ?]
[parameters: ('pending',)]
(Background on this error at: https://sqlalche.me/e/20/e3q8)
2026-08-17 19:54:09 | ERROR | Periodic check error: (sqlite3.OperationalError) no such column: payments.network
[SQL: SELECT payments.id AS payments_id, payments.user_id AS payments_user_id, payments.tx_hash AS payments_tx_hash, payments.amount AS payments_amount, payments.currency AS payments_currency, payments.network AS payments_network, payments.status AS payments_status, payments.error_message AS payments_error_message, payments.verification_method AS payments_verification_method, payments.verification_attempts AS payments_verification_attempts, payments.last_check_at AS payments_last_check_at, payments.created_at AS payments_created_at, payments.verified_at AS payments_verified_at 
FROM payments 
WHERE payments.status = ?]
[parameters: ('pending',)]
(Background on this error at: https://sqlalche.me/e/20/e3q8)
2026-08-17 19:54:39 | ERROR | Periodic check error: (sqlite3.OperationalError) no such column: payments.network
[SQL: SELECT payments.id AS payments_id, payments.user_id AS payments_user_id, payments.tx_hash AS payments_tx_hash, payments.amount AS payments_amount, payments.currency AS payments_currency, payments.network AS payments_network, payments.status AS payments_status, payments.error_message AS payments_error_message, payments.verification_method AS payments_verification_method, payments.verification_attempts AS payments_verification_attempts, payments.last_check_at AS payments_last_check_at, payments.created_at AS payments_created_at, payments.verified_at AS payments_verified_at 
FROM payments 
WHERE payments.status = ?]
[parameters: ('pending',)]
(Background on this error at: https://sqlalche.me/e/20/e3q8)
2026-08-17 19:55:09 | ERROR | Periodic check error: (sqlite3.OperationalError) no such column: payments.network
[SQL: SELECT payments.id AS payments_id, payments.user_id AS payments_user_id, payments.tx_hash AS payments_tx_hash, payments.amount AS payments_amount, payments.currency AS payments_currency, payments.network AS payments_network, payments.status AS payments_status, payments.error_message AS payments_error_message, payments.verification_method AS payments_verification_method, payments.verification_attempts AS payments_verification_attempts, payments.last_check_at AS payments_last_check_at, payments.created_at AS payments_created_at, payments.verified_at AS payments_verified_at 
FROM payments 
WHERE payments.status = ?]
[parameters: ('pending',)]
(Background on this error at: https://sqlalche.me/e/20/e3q8)
2026-08-17 19:55:39 | ERROR | Periodic check error: (sqlite3.OperationalError) no such column: payments.network
[SQL: SELECT payments.id AS payments_id, payments.user_id AS payments_user_id, payments.tx_hash AS payments_tx_hash, payments.amount AS payments_amount, payments.currency AS payments_currency, payments.network AS payments_network, payments.status AS payments_status, payments.error_message AS payments_error_message, payments.verification_method AS payments_verification_method, payments.verification_attempts AS payments_verification_attempts, payments.last_check_at AS payments_last_check_at, payments.created_at AS payments_created_at, payments.verified_at AS payments_verified_at 
FROM payments 
WHERE payments.status = ?]
[parameters: ('pending',)]
(Background on this error at: https://sqlalche.me/e/20/e3q8)
2026-08-17 19:56:09 | ERROR | Periodic check error: (sqlite3.OperationalError) no such column: payments.network
[SQL: SELECT payments.id AS payments_id, payments.user_id AS payments_user_id, payments.tx_hash AS payments_tx_hash, payments.amount AS payments_amount, payments.currency AS payments_currency, payments.network AS payments_network, payments.status AS payments_status, payments.error_message AS payments_error_message, payments.verification_method AS payments_verification_method, payments.verification_attempts AS payments_verification_attempts, payments.last_check_at AS payments_last_check_at, payments.created_at AS payments_created_at, payments.verified_at AS payments_verified_at 
FROM payments 
WHERE payments.status = ?]
[parameters: ('pending',)]
(Background on this error at: https://sqlalche.me/e/20/e3q8)
2026-08-17 19:56:39 | ERROR | Periodic check error: (sqlite3.OperationalError) no such column: payments.network
[SQL: SELECT payments.id AS payments_id, payments.user_id AS payments_user_id, payments.tx_hash AS payments_tx_hash, payments.amount AS payments_amount, payments.currency AS payments_currency, payments.network AS payments_network, payments.status AS payments_status, payments.error_message AS payments_error_message, payments.verification_method AS payments_verification_method, payments.verification_attempts AS payments_verification_attempts, payments.last_check_at AS payments_last_check_at, payments.created_at AS payments_created_at, payments.verified_at AS payments_verified_at 
FROM payments 
WHERE payments.status = ?]
[parameters: ('pending',)]
(Background on this error at: https://sqlalche.me/e/20/e3q8)
2026-08-17 19:57:09 | ERROR | Periodic check error: (sqlite3.OperationalError) no such column: payments.network
[SQL: SELECT payments.id AS payments_id, payments.user_id AS payments_user_id, payments.tx_hash AS payments_tx_hash, payments.amount AS payments_amount, payments.currency AS payments_currency, payments.network AS payments_network, payments.status AS payments_status, payments.error_message AS payments_error_message, payments.verification_method AS payments_verification_method, payments.verification_attempts AS payments_verification_attempts, payments.last_check_at AS payments_last_check_at, payments.created_at AS payments_created_at, payments.verified_at AS payments_verified_at 
FROM payments 
WHERE payments.status = ?]
[parameters: ('pending',)]
(Background on this error at: https://sqlalche.me/e/20/e3q8)
2026-08-17 19:57:39 | ERROR | Periodic check error: (sqlite3.OperationalError) no such column: payments.network
[SQL: SELECT payments.id AS payments_id, payments.user_id AS payments_user_id, payments.tx_hash AS payments_tx_hash, payments.amount AS payments_amount, payments.currency AS payments_currency, payments.network AS payments_network, payments.status AS payments_status, payments.error_message AS payments_error_message, payments.verification_method AS payments_verification_method, payments.verification_attempts AS payments_verification_attempts, payments.last_check_at AS payments_last_check_at, payments.created_at AS payments_created_at, payments.verified_at AS payments_verified_at 
FROM payments 
WHERE payments.status = ?]
[parameters: ('pending',)]
(Background on this error at: https://sqlalche.me/e/20/e3q8)
2026-08-17 19:58:09 | ERROR | Periodic check error: (sqlite3.OperationalError) no such column: payments.network
[SQL: SELECT payments.id AS payments_id, payments.user_id AS payments_user_id, payments.tx_hash AS payments_tx_hash, payments.amount AS payments_amount, payments.currency AS payments_currency, payments.network AS payments_network, payments.status AS payments_status, payments.error_message AS payments_error_message, payments.verification_method AS payments_verification_method, payments.verification_attempts AS payments_verification_attempts, payments.last_check_at AS payments_last_check_at, payments.created_at AS payments_created_at, payments.verified_at AS payments_verified_at 
FROM payments 
WHERE payments.status = ?]
[parameters: ('pending',)]
(Background on this error at: https://sqlalche.me/e/20/e3q8)
2026-08-17 19:58:39 | ERROR | Periodic check error: (sqlite3.OperationalError) no such column: payments.network
[SQL: SELECT payments.id AS payments_id, payments.user_id AS payments_user_id, payments.tx_hash AS payments_tx_hash, payments.amount AS payments_amount, payments.currency AS payments_currency, payments.network AS payments_network, payments.status AS payments_status, payments.error_message AS payments_error_message, payments.verification_method AS payments_verification_method, payments.verification_attempts AS payments_verification_attempts, payments.last_check_at AS payments_last_check_at, payments.created_at AS payments_created_at, payments.verified_at AS payments_verified_at 
FROM payments 
WHERE payments.status = ?]
[parameters: ('pending',)]
(Background on this error at: https://sqlalche.me/e/20/e3q8)
2026-08-17 19:59:09 | ERROR | Periodic check error: (sqlite3.OperationalError) no such column: payments.network
[SQL: SELECT payments.id AS payments_id, payments.user_id AS payments_user_id, payments.tx_hash AS payments_tx_hash, payments.amount AS payments_amount, payments.currency AS payments_currency, payments.network AS payments_network, payments.status AS payments_status, payments.error_message AS payments_error_message, payments.verification_method AS payments_verification_method, payments.verification_attempts AS payments_verification_attempts, payments.last_check_at AS payments_last_check_at, payments.created_at AS payments_created_at, payments.verified_at AS payments_verified_at 
FROM payments 
WHERE payments.status = ?]
[parameters: ('pending',)]
(Background on this error at: https://sqlalche.me/e/20/e3q8)
2026-08-17 19:59:39 | ERROR | Periodic check error: (sqlite3.OperationalError) no such column: payments.network
[SQL: SELECT payments.id AS payments_id, payments.user_id AS payments_user_id, payments.tx_hash AS payments_tx_hash, payments.amount AS payments_amount, payments.currency AS payments_currency, payments.network AS payments_network, payments.status AS payments_status, payments.error_message AS payments_error_message, payments.verification_method AS payments_verification_method, payments.verification_attempts AS payments_verification_attempts, payments.last_check_at AS payments_last_check_at, payments.created_at AS payments_created_at, payments.verified_at AS payments_verified_at 
FROM payments 
WHERE payments.status = ?]
[parameters: ('pending',)]
(Background on this error at: https://sqlalche.me/e/20/e3q8)
2026-08-17 20:00:09 | ERROR | Periodic check error: (sqlite3.OperationalError) no such column: payments.network
[SQL: SELECT payments.id AS payments_id, payments.user_id AS payments_user_id, payments.tx_hash AS payments_tx_hash, payments.amount AS payments_amount, payments.currency AS payments_currency, payments.network AS payments_network, payments.status AS payments_status, payments.error_message AS payments_error_message, payments.verification_method AS payments_verification_method, payments.verification_attempts AS payments_verification_attempts, payments.last_check_at AS payments_last_check_at, payments.created_at AS payments_created_at, payments.verified_at AS payments_verified_at 
FROM payments 
WHERE payments.status = ?]
[parameters: ('pending',)]
(Background on this error at: https://sqlalche.me/e/20/e3q8)
2026-08-17 20:00:39 | ERROR | Periodic check error: (sqlite3.OperationalError) no such column: payments.network
[SQL: SELECT payments.id AS payments_id, payments.user_id AS payments_user_id, payments.tx_hash AS payments_tx_hash, payments.amount AS payments_amount, payments.currency AS payments_currency, payments.network AS payments_network, payments.status AS payments_status, payments.error_message AS payments_error_message, payments.verification_method AS payments_verification_method, payments.verification_attempts AS payments_verification_attempts, payments.last_check_at AS payments_last_check_at, payments.created_at AS payments_created_at, payments.verified_at AS payments_verified_at 
FROM payments 
WHERE payments.status = ?]
[parameters: ('pending',)]
(Background on this error at: https://sqlalche.me/e/20/e3q8)
2026-08-17 20:01:09 | ERROR | Periodic check error: (sqlite3.OperationalError) no such column: payments.network
[SQL: SELECT payments.id AS payments_id, payments.user_id AS payments_user_id, payments.tx_hash AS payments_tx_hash, payments.amount AS payments_amount, payments.currency AS payments_currency, payments.network AS payments_network, payments.status AS payments_status, payments.error_message AS payments_error_message, payments.verification_method AS payments_verification_method, payments.verification_attempts AS payments_verification_attempts, payments.last_check_at AS payments_last_check_at, payments.created_at AS payments_created_at, payments.verified_at AS payments_verified_at 
FROM payments 
WHERE payments.status = ?]
[parameters: ('pending',)]
(Background on this error at: https://sqlalche.me/e/20/e3q8)
2026-08-17 20:01:39 | ERROR | Periodic check error: (sqlite3.OperationalError) no such column: payments.network
[SQL: SELECT payments.id AS payments_id, payments.user_id AS payments_user_id, payments.tx_hash AS payments_tx_hash, payments.amount AS payments_amount, payments.currency AS payments_currency, payments.network AS payments_network, payments.status AS payments_status, payments.error_message AS payments_error_message, payments.verification_method AS payments_verification_method, payments.verification_attempts AS payments_verification_attempts, payments.last_check_at AS payments_last_check_at, payments.created_at AS payments_created_at, payments.verified_at AS payments_verified_at 
FROM payments 
WHERE payments.status = ?]
[parameters: ('pending',)]
(Background on this error at: https://sqlalche.me/e/20/e3q8)
2026-08-17 20:02:09 | ERROR | Periodic check error: (sqlite3.OperationalError) no such column: payments.network
[SQL: SELECT payments.id AS payments_id, payments.user_id AS payments_user_id, payments.tx_hash AS payments_tx_hash, payments.amount AS payments_amount, payments.currency AS payments_currency, payments.network AS payments_network, payments.status AS payments_status, payments.error_message AS payments_error_message, payments.verification_method AS payments_verification_method, payments.verification_attempts AS payments_verification_attempts, payments.last_check_at AS payments_last_check_at, payments.created_at AS payments_created_at, payments.verified_at AS payments_verified_at 
FROM payments 
WHERE payments.status = ?]
[parameters: ('pending',)]
(Background on this error at: https://sqlalche.me/e/20/e3q8)
2026-08-17 20:02:39 | ERROR | Periodic check error: (sqlite3.OperationalError) no such column: payments.network
[SQL: SELECT payments.id AS payments_id, payments.user_id AS payments_user_id, payments.tx_hash AS payments_tx_hash, payments.amount AS payments_amount, payments.currency AS payments_currency, payments.network AS payments_network, payments.status AS payments_status, payments.error_message AS payments_error_message, payments.verification_method AS payments_verification_method, payments.verification_attempts AS payments_verification_attempts, payments.last_check_at AS payments_last_check_at, payments.created_at AS payments_created_at, payments.verified_at AS payments_verified_at 
FROM payments 
WHERE payments.status = ?]
[parameters: ('pending',)]
(Background on this error at: https://sqlalche.me/e/20/e3q8)
2026-08-17 20:03:09 | ERROR | Periodic check error: (sqlite3.OperationalError) no such column: payments.network
[SQL: SELECT payments.id AS payments_id, payments.user_id AS payments_user_id, payments.tx_hash AS payments_tx_hash, payments.amount AS payments_amount, payments.currency AS payments_currency, payments.network AS payments_network, payments.status AS payments_status, payments.error_message AS payments_error_message, payments.verification_method AS payments_verification_method, payments.verification_attempts AS payments_verification_attempts, payments.last_check_at AS payments_last_check_at, payments.created_at AS payments_created_at, payments.verified_at AS payments_verified_at 
FROM payments 
WHERE payments.status = ?]
[parameters: ('pending',)]
(Background on this error at: https://sqlalche.me/e/20/e3q8)
2026-08-17 20:03:39 | ERROR | Periodic check error: (sqlite3.OperationalError) no such column: payments.network
[SQL: SELECT payments.id AS payments_id, payments.user_id AS payments_user_id, payments.tx_hash AS payments_tx_hash, payments.amount AS payments_amount, payments.currency AS payments_currency, payments.network AS payments_network, payments.status AS payments_status, payments.error_message AS payments_error_message, payments.verification_method AS payments_verification_method, payments.verification_attempts AS payments_verification_attempts, payments.last_check_at AS payments_last_check_at, payments.created_at AS payments_created_at, payments.verified_at AS payments_verified_at 
FROM payments 
WHERE payments.status = ?]
[parameters: ('pending',)]
(Background on this error at: https://sqlalche.me/e/20/e3q8)
2026-08-17 20:04:09 | ERROR | Periodic check error: (sqlite3.OperationalError) no such column: payments.network
[SQL: SELECT payments.id AS payments_id, payments.user_id AS payments_user_id, payments.tx_hash AS payments_tx_hash, payments.amount AS payments_amount, payments.currency AS payments_currency, payments.network AS payments_network, payments.status AS payments_status, payments.error_message AS payments_error_message, payments.verification_method AS payments_verification_method, payments.verification_attempts AS payments_verification_attempts, payments.last_check_at AS payments_last_check_at, payments.created_at AS payments_created_at, payments.verified_at AS payments_verified_at 
FROM payments 
WHERE payments.status = ?]
[parameters: ('pending',)]
(Background on this error at: https://sqlalche.me/e/20/e3q8)
2026-08-17 20:04:39 | ERROR | Periodic check error: (sqlite3.OperationalError) no such column: payments.network
[SQL: SELECT payments.id AS payments_id, payments.user_id AS payments_user_id, payments.tx_hash AS payments_tx_hash, payments.amount AS payments_amount, payments.currency AS payments_currency, payments.network AS payments_network, payments.status AS payments_status, payments.error_message AS payments_error_message, payments.verification_method AS payments_verification_method, payments.verification_attempts AS payments_verification_attempts, payments.last_check_at AS payments_last_check_at, payments.created_at AS payments_created_at, payments.verified_at AS payments_verified_at 
FROM payments 
WHERE payments.status = ?]
[parameters: ('pending',)]
(Background on this error at: https://sqlalche.me/e/20/e3q8)
2026-08-17 20:05:09 | ERROR | Periodic check error: (sqlite3.OperationalError) no such column: payments.network
[SQL: SELECT payments.id AS payments_id, payments.user_id AS payments_user_id, payments.tx_hash AS payments_tx_hash, payments.amount AS payments_amount, payments.currency AS payments_currency, payments.network AS payments_network, payments.status AS payments_status, payments.error_message AS payments_error_message, payments.verification_method AS payments_verification_method, payments.verification_attempts AS payments_verification_attempts, payments.last_check_at AS payments_last_check_at, payments.created_at AS payments_created_at, payments.verified_at AS payments_verified_at 
FROM payments 
WHERE payments.status = ?]
[parameters: ('pending',)]
(Background on this error at: https://sqlalche.me/e/20/e3q8)
2026-08-17 20:05:39 | ERROR | Periodic check error: (sqlite3.OperationalError) no such column: payments.network
[SQL: SELECT payments.id AS payments_id, payments.user_id AS payments_user_id, payments.tx_hash AS payments_tx_hash, payments.amount AS payments_amount, payments.currency AS payments_currency, payments.network AS payments_network, payments.status AS payments_status, payments.error_message AS payments_error_message, payments.verification_method AS payments_verification_method, payments.verification_attempts AS payments_verification_attempts, payments.last_check_at AS payments_last_check_at, payments.created_at AS payments_created_at, payments.verified_at AS payments_verified_at 
FROM payments 
WHERE payments.status = ?]
[parameters: ('pending',)]
(Background on this error at: https://sqlalche.me/e/20/e3q8)
2026-08-17 20:06:09 | ERROR | Periodic check error: (sqlite3.OperationalError) no such column: payments.network
[SQL: SELECT payments.id AS payments_id, payments.user_id AS payments_user_id, payments.tx_hash AS payments_tx_hash, payments.amount AS payments_amount, payments.currency AS payments_currency, payments.network AS payments_network, payments.status AS payments_status, payments.error_message AS payments_error_message, payments.verification_method AS payments_verification_method, payments.verification_attempts AS payments_verification_attempts, payments.last_check_at AS payments_last_check_at, payments.created_at AS payments_created_at, payments.verified_at AS payments_verified_at 
FROM payments 
WHERE payments.status = ?]
[parameters: ('pending',)]
(Background on this error at: https://sqlalche.me/e/20/e3q8)
2026-08-17 20:06:39 | ERROR | Periodic check error: (sqlite3.OperationalError) no such column: payments.network
[SQL: SELECT payments.id AS payments_id, payments.user_id AS payments_user_id, payments.tx_hash AS payments_tx_hash, payments.amount AS payments_amount, payments.currency AS payments_currency, payments.network AS payments_network, payments.status AS payments_status, payments.error_message AS payments_error_message, payments.verification_method AS payments_verification_method, payments.verification_attempts AS payments_verification_attempts, payments.last_check_at AS payments_last_check_at, payments.created_at AS payments_created_at, payments.verified_at AS payments_verified_at 
FROM payments 
WHERE payments.status = ?]
[parameters: ('pending',)]
(Background on this error at: https://sqlalche.me/e/20/e3q8)
2026-08-17 20:07:09 | ERROR | Periodic check error: (sqlite3.OperationalError) no such column: payments.network
[SQL: SELECT payments.id AS payments_id, payments.user_id AS payments_user_id, payments.tx_hash AS payments_tx_hash, payments.amount AS payments_amount, payments.currency AS payments_currency, payments.network AS payments_network, payments.status AS payments_status, payments.error_message AS payments_error_message, payments.verification_method AS payments_verification_method, payments.verification_attempts AS payments_verification_attempts, payments.last_check_at AS payments_last_check_at, payments.created_at AS payments_created_at, payments.verified_at AS payments_verified_at 
FROM payments 
WHERE payments.status = ?]
[parameters: ('pending',)]
(Background on this error at: https://sqlalche.me/e/20/e3q8)
2026-08-17 20:07:39 | ERROR | Periodic check error: (sqlite3.OperationalError) no such column: payments.network
[SQL: SELECT payments.id AS payments_id, payments.user_id AS payments_user_id, payments.tx_hash AS payments_tx_hash, payments.amount AS payments_amount, payments.currency AS payments_currency, payments.network AS payments_network, payments.status AS payments_status, payments.error_message AS payments_error_message, payments.verification_method AS payments_verification_method, payments.verification_attempts AS payments_verification_attempts, payments.last_check_at AS payments_last_check_at, payments.created_at AS payments_created_at, payments.verified_at AS payments_verified_at 
FROM payments 
WHERE payments.status = ?]
[parameters: ('pending',)]
(Background on this error at: https://sqlalche.me/e/20/e3q8)
2026-08-17 20:08:09 | ERROR | Periodic check error: (sqlite3.OperationalError) no such column: payments.network
[SQL: SELECT payments.id AS payments_id, payments.user_id AS payments_user_id, payments.tx_hash AS payments_tx_hash, payments.amount AS payments_amount, payments.currency AS payments_currency, payments.network AS payments_network, payments.status AS payments_status, payments.error_message AS payments_error_message, payments.verification_method AS payments_verification_method, payments.verification_attempts AS payments_verification_attempts, payments.last_check_at AS payments_last_check_at, payments.created_at AS payments_created_at, payments.verified_at AS payments_verified_at 
FROM payments 
WHERE payments.status = ?]
[parameters: ('pending',)]
(Background on this error at: https://sqlalche.me/e/20/e3q8)
2026-08-17 20:08:39 | ERROR | Periodic check error: (sqlite3.OperationalError) no such column: payments.network
[SQL: SELECT payments.id AS payments_id, payments.user_id AS payments_user_id, payments.tx_hash AS payments_tx_hash, payments.amount AS payments_amount, payments.currency AS payments_currency, payments.network AS payments_network, payments.status AS payments_status, payments.error_message AS payments_error_message, payments.verification_method AS payments_verification_method, payments.verification_attempts AS payments_verification_attempts, payments.last_check_at AS payments_last_check_at, payments.created_at AS payments_created_at, payments.verified_at AS payments_verified_at 
FROM payments 
WHERE payments.status = ?]
[parameters: ('pending',)]
(Background on this error at: https://sqlalche.me/e/20/e3q8)
2026-08-17 20:09:09 | ERROR | Periodic check error: (sqlite3.OperationalError) no such column: payments.network
[SQL: SELECT payments.id AS payments_id, payments.user_id AS payments_user_id, payments.tx_hash AS payments_tx_hash, payments.amount AS payments_amount, payments.currency AS payments_currency, payments.network AS payments_network, payments.status AS payments_status, payments.error_message AS payments_error_message, payments.verification_method AS payments_verification_method, payments.verification_attempts AS payments_verification_attempts, payments.last_check_at AS payments_last_check_at, payments.created_at AS payments_created_at, payments.verified_at AS payments_verified_at 
FROM payments 
WHERE payments.status = ?]
[parameters: ('pending',)]
(Background on this error at: https://sqlalche.me/e/20/e3q8)
2026-08-17 20:09:39 | ERROR | Periodic check error: (sqlite3.OperationalError) no such column: payments.network
[SQL: SELECT payments.id AS payments_id, payments.user_id AS payments_user_id, payments.tx_hash AS payments_tx_hash, payments.amount AS payments_amount, payments.currency AS payments_currency, payments.network AS payments_network, payments.status AS payments_status, payments.error_message AS payments_error_message, payments.verification_method AS payments_verification_method, payments.verification_attempts AS payments_verification_attempts, payments.last_check_at AS payments_last_check_at, payments.created_at AS payments_created_at, payments.verified_at AS payments_verified_at 
FROM payments 
WHERE payments.status = ?]
[parameters: ('pending',)]
(Background on this error at: https://sqlalche.me/e/20/e3q8)
2026-08-17 20:10:09 | ERROR | Periodic check error: (sqlite3.OperationalError) no such column: payments.network
[SQL: SELECT payments.id AS payments_id, payments.user_id AS payments_user_id, payments.tx_hash AS payments_tx_hash, payments.amount AS payments_amount, payments.currency AS payments_currency, payments.network AS payments_network, payments.status AS payments_status, payments.error_message AS payments_error_message, payments.verification_method AS payments_verification_method, payments.verification_attempts AS payments_verification_attempts, payments.last_check_at AS payments_last_check_at, payments.created_at AS payments_created_at, payments.verified_at AS payments_verified_at 
FROM payments 
WHERE payments.status = ?]
[parameters: ('pending',)]
(Background on this error at: https://sqlalche.me/e/20/e3q8)
2026-08-17 20:10:39 | ERROR | Periodic check error: (sqlite3.OperationalError) no such column: payments.network
[SQL: SELECT payments.id AS payments_id, payments.user_id AS payments_user_id, payments.tx_hash AS payments_tx_hash, payments.amount AS payments_amount, payments.currency AS payments_currency, payments.network AS payments_network, payments.status AS payments_status, payments.error_message AS payments_error_message, payments.verification_method AS payments_verification_method, payments.verification_attempts AS payments_verification_attempts, payments.last_check_at AS payments_last_check_at, payments.created_at AS payments_created_at, payments.verified_at AS payments_verified_at 
FROM payments 
WHERE payments.status = ?]
[parameters: ('pending',)]
(Background on this error at: https://sqlalche.me/e/20/e3q8)
2026-08-17 20:11:09 | ERROR | Periodic check error: (sqlite3.OperationalError) no such column: payments.network
[SQL: SELECT payments.id AS payments_id, payments.user_id AS payments_user_id, payments.tx_hash AS payments_tx_hash, payments.amount AS payments_amount, payments.currency AS payments_currency, payments.network AS payments_network, payments.status AS payments_status, payments.error_message AS payments_error_message, payments.verification_method AS payments_verification_method, payments.verification_attempts AS payments_verification_attempts, payments.last_check_at AS payments_last_check_at, payments.created_at AS payments_created_at, payments.verified_at AS payments_verified_at 
FROM payments 
WHERE payments.status = ?]
[parameters: ('pending',)]
(Background on this error at: https://sqlalche.me/e/20/e3q8)
2026-08-17 20:11:39 | ERROR | Periodic check error: (sqlite3.OperationalError) no such column: payments.network
[SQL: SELECT payments.id AS payments_id, payments.user_id AS payments_user_id, payments.tx_hash AS payments_tx_hash, payments.amount AS payments_amount, payments.currency AS payments_currency, payments.network AS payments_network, payments.status AS payments_status, payments.error_message AS payments_error_message, payments.verification_method AS payments_verification_method, payments.verification_attempts AS payments_verification_attempts, payments.last_check_at AS payments_last_check_at, payments.created_at AS payments_created_at, payments.verified_at AS payments_verified_at 
FROM payments 
WHERE payments.status = ?]
[parameters: ('pending',)]
(Background on this error at: https://sqlalche.me/e/20/e3q8)
2026-08-17 20:12:09 | ERROR | Periodic check error: (sqlite3.OperationalError) no such column: payments.network
[SQL: SELECT payments.id AS payments_id, payments.user_id AS payments_user_id, payments.tx_hash AS payments_tx_hash, payments.amount AS payments_amount, payments.currency AS payments_currency, payments.network AS payments_network, payments.status AS payments_status, payments.error_message AS payments_error_message, payments.verification_method AS payments_verification_method, payments.verification_attempts AS payments_verification_attempts, payments.last_check_at AS payments_last_check_at, payments.created_at AS payments_created_at, payments.verified_at AS payments_verified_at 
FROM payments 
WHERE payments.status = ?]
[parameters: ('pending',)]
(Background on this error at: https://sqlalche.me/e/20/e3q8)
2026-08-17 20:12:39 | ERROR | Periodic check error: (sqlite3.OperationalError) no such column: payments.network
[SQL: SELECT payments.id AS payments_id, payments.user_id AS payments_user_id, payments.tx_hash AS payments_tx_hash, payments.amount AS payments_amount, payments.currency AS payments_currency, payments.network AS payments_network, payments.status AS payments_status, payments.error_message AS payments_error_message, payments.verification_method AS payments_verification_method, payments.verification_attempts AS payments_verification_attempts, payments.last_check_at AS payments_last_check_at, payments.created_at AS payments_created_at, payments.verified_at AS payments_verified_at 
FROM payments 
WHERE payments.status = ?]
[parameters: ('pending',)]
(Background on this error at: https://sqlalche.me/e/20/e3q8)
2026-08-17 20:13:09 | ERROR | Periodic check error: (sqlite3.OperationalError) no such column: payments.network
[SQL: SELECT payments.id AS payments_id, payments.user_id AS payments_user_id, payments.tx_hash AS payments_tx_hash, payments.amount AS payments_amount, payments.currency AS payments_currency, payments.network AS payments_network, payments.status AS payments_status, payments.error_message AS payments_error_message, payments.verification_method AS payments_verification_method, payments.verification_attempts AS payments_verification_attempts, payments.last_check_at AS payments_last_check_at, payments.created_at AS payments_created_at, payments.verified_at AS payments_verified_at 
FROM payments 
WHERE payments.status = ?]
[parameters: ('pending',)]
(Background on this error at: https://sqlalche.me/e/20/e3q8)
2026-08-17 20:13:39 | ERROR | Periodic check error: (sqlite3.OperationalError) no such column: payments.network
[SQL: SELECT payments.id AS payments_id, payments.user_id AS payments_user_id, payments.tx_hash AS payments_tx_hash, payments.amount AS payments_amount, payments.currency AS payments_currency, payments.network AS payments_network, payments.status AS payments_status, payments.error_message AS payments_error_message, payments.verification_method AS payments_verification_method, payments.verification_attempts AS payments_verification_attempts, payments.last_check_at AS payments_last_check_at, payments.created_at AS payments_created_at, payments.verified_at AS payments_verified_at 
FROM payments 
WHERE payments.status = ?]
[parameters: ('pending',)]
(Background on this error at: https://sqlalche.me/e/20/e3q8)
2026-08-17 20:14:09 | ERROR | Periodic check error: (sqlite3.OperationalError) no such column: payments.network
[SQL: SELECT payments.id AS payments_id, payments.user_id AS payments_user_id, payments.tx_hash AS payments_tx_hash, payments.amount AS payments_amount, payments.currency AS payments_currency, payments.network AS payments_network, payments.status AS payments_status, payments.error_message AS payments_error_message, payments.verification_method AS payments_verification_method, payments.verification_attempts AS payments_verification_attempts, payments.last_check_at AS payments_last_check_at, payments.created_at AS payments_created_at, payments.verified_at AS payments_verified_at 
FROM payments 
WHERE payments.status = ?]
[parameters: ('pending',)]
(Background on this error at: https://sqlalche.me/e/20/e3q8)
2026-08-17 20:14:39 | ERROR | Periodic check error: (sqlite3.OperationalError) no such column: payments.network
[SQL: SELECT payments.id AS payments_id, payments.user_id AS payments_user_id, payments.tx_hash AS payments_tx_hash, payments.amount AS payments_amount, payments.currency AS payments_currency, payments.network AS payments_network, payments.status AS payments_status, payments.error_message AS payments_error_message, payments.verification_method AS payments_verification_method, payments.verification_attempts AS payments_verification_attempts, payments.last_check_at AS payments_last_check_at, payments.created_at AS payments_created_at, payments.verified_at AS payments_verified_at 
FROM payments 
WHERE payments.status = ?]
[parameters: ('pending',)]
(Background on this error at: https://sqlalche.me/e/20/e3q8)
2026-08-17 20:15:09 | ERROR | Periodic check error: (sqlite3.OperationalError) no such column: payments.network
[SQL: SELECT payments.id AS payments_id, payments.user_id AS payments_user_id, payments.tx_hash AS payments_tx_hash, payments.amount AS payments_amount, payments.currency AS payments_currency, payments.network AS payments_network, payments.status AS payments_status, payments.error_message AS payments_error_message, payments.verification_method AS payments_verification_method, payments.verification_attempts AS payments_verification_attempts, payments.last_check_at AS payments_last_check_at, payments.created_at AS payments_created_at, payments.verified_at AS payments_verified_at 
FROM payments 
WHERE payments.status = ?]
[parameters: ('pending',)]
(Background on this error at: https://sqlalche.me/e/20/e3q8)
2026-08-17 20:15:39 | ERROR | Periodic check error: (sqlite3.OperationalError) no such column: payments.network
[SQL: SELECT payments.id AS payments_id, payments.user_id AS payments_user_id, payments.tx_hash AS payments_tx_hash, payments.amount AS payments_amount, payments.currency AS payments_currency, payments.network AS payments_network, payments.status AS payments_status, payments.error_message AS payments_error_message, payments.verification_method AS payments_verification_method, payments.verification_attempts AS payments_verification_attempts, payments.last_check_at AS payments_last_check_at, payments.created_at AS payments_created_at, payments.verified_at AS payments_verified_at 
FROM payments 
WHERE payments.status = ?]
[parameters: ('pending',)]
(Background on this error at: https://sqlalche.me/e/20/e3q8)
2026-08-17 20:16:09 | ERROR | Periodic check error: (sqlite3.OperationalError) no such column: payments.network
[SQL: SELECT payments.id AS payments_id, payments.user_id AS payments_user_id, payments.tx_hash AS payments_tx_hash, payments.amount AS payments_amount, payments.currency AS payments_currency, payments.network AS payments_network, payments.status AS payments_status, payments.error_message AS payments_error_message, payments.verification_method AS payments_verification_method, payments.verification_attempts AS payments_verification_attempts, payments.last_check_at AS payments_last_check_at, payments.created_at AS payments_created_at, payments.verified_at AS payments_verified_at 
FROM payments 
WHERE payments.status = ?]
[parameters: ('pending',)]
(Background on this error at: https://sqlalche.me/e/20/e3q8)
2026-08-17 20:16:39 | ERROR | Periodic check error: (sqlite3.OperationalError) no such column: payments.network
[SQL: SELECT payments.id AS payments_id, payments.user_id AS payments_user_id, payments.tx_hash AS payments_tx_hash, payments.amount AS payments_amount, payments.currency AS payments_currency, payments.network AS payments_network, payments.status AS payments_status, payments.error_message AS payments_error_message, payments.verification_method AS payments_verification_method, payments.verification_attempts AS payments_verification_attempts, payments.last_check_at AS payments_last_check_at, payments.created_at AS payments_created_at, payments.verified_at AS payments_verified_at 
FROM payments 
WHERE payments.status = ?]
[parameters: ('pending',)]
(Background on this error at: https://sqlalche.me/e/20/e3q8)
2026-08-17 20:17:09 | ERROR | Periodic check error: (sqlite3.OperationalError) no such column: payments.network
[SQL: SELECT payments.id AS payments_id, payments.user_id AS payments_user_id, payments.tx_hash AS payments_tx_hash, payments.amount AS payments_amount, payments.currency AS payments_currency, payments.network AS payments_network, payments.status AS payments_status, payments.error_message AS payments_error_message, payments.verification_method AS payments_verification_method, payments.verification_attempts AS payments_verification_attempts, payments.last_check_at AS payments_last_check_at, payments.created_at AS payments_created_at, payments.verified_at AS payments_verified_at 
FROM payments 
WHERE payments.status = ?]
[parameters: ('pending',)]
(Background on this error at: https://sqlalche.me/e/20/e3q8)
2026-08-17 20:17:39 | ERROR | Periodic check error: (sqlite3.OperationalError) no such column: payments.network
[SQL: SELECT payments.id AS payments_id, payments.user_id AS payments_user_id, payments.tx_hash AS payments_tx_hash, payments.amount AS payments_amount, payments.currency AS payments_currency, payments.network AS payments_network, payments.status AS payments_status, payments.error_message AS payments_error_message, payments.verification_method AS payments_verification_method, payments.verification_attempts AS payments_verification_attempts, payments.last_check_at AS payments_last_check_at, payments.created_at AS payments_created_at, payments.verified_at AS payments_verified_at 
FROM payments 
WHERE payments.status = ?]
[parameters: ('pending',)]
(Background on this error at: https://sqlalche.me/e/20/e3q8)
2026-08-17 20:18:09 | ERROR | Periodic check error: (sqlite3.OperationalError) no such column: payments.network
[SQL: SELECT payments.id AS payments_id, payments.user_id AS payments_user_id, payments.tx_hash AS payments_tx_hash, payments.amount AS payments_amount, payments.currency AS payments_currency, payments.network AS payments_network, payments.status AS payments_status, payments.error_message AS payments_error_message, payments.verification_method AS payments_verification_method, payments.verification_attempts AS payments_verification_attempts, payments.last_check_at AS payments_last_check_at, payments.created_at AS payments_created_at, payments.verified_at AS payments_verified_at 
FROM payments 
WHERE payments.status = ?]
[parameters: ('pending',)]
(Background on this error at: https://sqlalche.me/e/20/e3q8)
2026-08-17 20:18:39 | ERROR | Periodic check error: (sqlite3.OperationalError) no such column: payments.network
[SQL: SELECT payments.id AS payments_id, payments.user_id AS payments_user_id, payments.tx_hash AS payments_tx_hash, payments.amount AS payments_amount, payments.currency AS payments_currency, payments.network AS payments_network, payments.status AS payments_status, payments.error_message AS payments_error_message, payments.verification_method AS payments_verification_method, payments.verification_attempts AS payments_verification_attempts, payments.last_check_at AS payments_last_check_at, payments.created_at AS payments_created_at, payments.verified_at AS payments_verified_at 
FROM payments 
WHERE payments.status = ?]
[parameters: ('pending',)]
(Background on this error at: https://sqlalche.me/e/20/e3q8)
2026-08-17 20:19:09 | ERROR | Periodic check error: (sqlite3.OperationalError) no such column: payments.network
[SQL: SELECT payments.id AS payments_id, payments.user_id AS payments_user_id, payments.tx_hash AS payments_tx_hash, payments.amount AS payments_amount, payments.currency AS payments_currency, payments.network AS payments_network, payments.status AS payments_status, payments.error_message AS payments_error_message, payments.verification_method AS payments_verification_method, payments.verification_attempts AS payments_verification_attempts, payments.last_check_at AS payments_last_check_at, payments.created_at AS payments_created_at, payments.verified_at AS payments_verified_at 
FROM payments 
WHERE payments.status = ?]
[parameters: ('pending',)]
(Background on this error at: https://sqlalche.me/e/20/e3q8)
2026-08-17 20:19:39 | ERROR | Periodic check error: (sqlite3.OperationalError) no such column: payments.network
[SQL: SELECT payments.id AS payments_id, payments.user_id AS payments_user_id, payments.tx_hash AS payments_tx_hash, payments.amount AS payments_amount, payments.currency AS payments_currency, payments.network AS payments_network, payments.status AS payments_status, payments.error_message AS payments_error_message, payments.verification_method AS payments_verification_method, payments.verification_attempts AS payments_verification_attempts, payments.last_check_at AS payments_last_check_at, payments.created_at AS payments_created_at, payments.verified_at AS payments_verified_at 
FROM payments 
WHERE payments.status = ?]
[parameters: ('pending',)]
(Background on this error at: https://sqlalche.me/e/20/e3q8)
2026-08-17 20:20:09 | ERROR | Periodic check error: (sqlite3.OperationalError) no such column: payments.network
[SQL: SELECT payments.id AS payments_id, payments.user_id AS payments_user_id, payments.tx_hash AS payments_tx_hash, payments.amount AS payments_amount, payments.currency AS payments_currency, payments.network AS payments_network, payments.status AS payments_status, payments.error_message AS payments_error_message, payments.verification_method AS payments_verification_method, payments.verification_attempts AS payments_verification_attempts, payments.last_check_at AS payments_last_check_at, payments.created_at AS payments_created_at, payments.verified_at AS payments_verified_at 
FROM payments 
WHERE payments.status = ?]
[parameters: ('pending',)]
(Background on this error at: https://sqlalche.me/e/20/e3q8)
2026-08-17 20:20:39 | ERROR | Periodic check error: (sqlite3.OperationalError) no such column: payments.network
[SQL: SELECT payments.id AS payments_id, payments.user_id AS payments_user_id, payments.tx_hash AS payments_tx_hash, payments.amount AS payments_amount, payments.currency AS payments_currency, payments.network AS payments_network, payments.status AS payments_status, payments.error_message AS payments_error_message, payments.verification_method AS payments_verification_method, payments.verification_attempts AS payments_verification_attempts, payments.last_check_at AS payments_last_check_at, payments.created_at AS payments_created_at, payments.verified_at AS payments_verified_at 
FROM payments 
WHERE payments.status = ?]
[parameters: ('pending',)]
(Background on this error at: https://sqlalche.me/e/20/e3q8)
2026-08-17 20:21:09 | ERROR | Periodic check error: (sqlite3.OperationalError) no such column: payments.network
[SQL: SELECT payments.id AS payments_id, payments.user_id AS payments_user_id, payments.tx_hash AS payments_tx_hash, payments.amount AS payments_amount, payments.currency AS payments_currency, payments.network AS payments_network, payments.status AS payments_status, payments.error_message AS payments_error_message, payments.verification_method AS payments_verification_method, payments.verification_attempts AS payments_verification_attempts, payments.last_check_at AS payments_last_check_at, payments.created_at AS payments_created_at, payments.verified_at AS payments_verified_at 
FROM payments 
WHERE payments.status = ?]
[parameters: ('pending',)]
(Background on this error at: https://sqlalche.me/e/20/e3q8)
2026-08-17 20:21:39 | ERROR | Periodic check error: (sqlite3.OperationalError) no such column: payments.network
[SQL: SELECT payments.id AS payments_id, payments.user_id AS payments_user_id, payments.tx_hash AS payments_tx_hash, payments.amount AS payments_amount, payments.currency AS payments_currency, payments.network AS payments_network, payments.status AS payments_status, payments.error_message AS payments_error_message, payments.verification_method AS payments_verification_method, payments.verification_attempts AS payments_verification_attempts, payments.last_check_at AS payments_last_check_at, payments.created_at AS payments_created_at, payments.verified_at AS payments_verified_at 
FROM payments 
WHERE payments.status = ?]
[parameters: ('pending',)]
(Background on this error at: https://sqlalche.me/e/20/e3q8)
2026-08-17 20:22:09 | ERROR | Periodic check error: (sqlite3.OperationalError) no such column: payments.network
[SQL: SELECT payments.id AS payments_id, payments.user_id AS payments_user_id, payments.tx_hash AS payments_tx_hash, payments.amount AS payments_amount, payments.currency AS payments_currency, payments.network AS payments_network, payments.status AS payments_status, payments.error_message AS payments_error_message, payments.verification_method AS payments_verification_method, payments.verification_attempts AS payments_verification_attempts, payments.last_check_at AS payments_last_check_at, payments.created_at AS payments_created_at, payments.verified_at AS payments_verified_at 
FROM payments 
WHERE payments.status = ?]
[parameters: ('pending',)]
(Background on this error at: https://sqlalche.me/e/20/e3q8)
2026-08-17 20:22:39 | ERROR | Periodic check error: (sqlite3.OperationalError) no such column: payments.network
[SQL: SELECT payments.id AS payments_id, payments.user_id AS payments_user_id, payments.tx_hash AS payments_tx_hash, payments.amount AS payments_amount, payments.currency AS payments_currency, payments.network AS payments_network, payments.status AS payments_status, payments.error_message AS payments_error_message, payments.verification_method AS payments_verification_method, payments.verification_attempts AS payments_verification_attempts, payments.last_check_at AS payments_last_check_at, payments.created_at AS payments_created_at, payments.verified_at AS payments_verified_at 
FROM payments 
WHERE payments.status = ?]
[parameters: ('pending',)]
(Background on this error at: https://sqlalche.me/e/20/e3q8)
2026-08-17 20:23:09 | ERROR | Periodic check error: (sqlite3.OperationalError) no such column: payments.network
[SQL: SELECT payments.id AS payments_id, payments.user_id AS payments_user_id, payments.tx_hash AS payments_tx_hash, payments.amount AS payments_amount, payments.currency AS payments_currency, payments.network AS payments_network, payments.status AS payments_status, payments.error_message AS payments_error_message, payments.verification_method AS payments_verification_method, payments.verification_attempts AS payments_verification_attempts, payments.last_check_at AS payments_last_check_at, payments.created_at AS payments_created_at, payments.verified_at AS payments_verified_at 
FROM payments 
WHERE payments.status = ?]
[parameters: ('pending',)]
(Background on this error at: https://sqlalche.me/e/20/e3q8)
2026-08-17 20:23:39 | ERROR | Periodic check error: (sqlite3.OperationalError) no such column: payments.network
[SQL: SELECT payments.id AS payments_id, payments.user_id AS payments_user_id, payments.tx_hash AS payments_tx_hash, payments.amount AS payments_amount, payments.currency AS payments_currency, payments.network AS payments_network, payments.status AS payments_status, payments.error_message AS payments_error_message, payments.verification_method AS payments_verification_method, payments.verification_attempts AS payments_verification_attempts, payments.last_check_at AS payments_last_check_at, payments.created_at AS payments_created_at, payments.verified_at AS payments_verified_at 
FROM payments 
WHERE payments.status = ?]
[parameters: ('pending',)]
(Background on this error at: https://sqlalche.me/e/20/e3q8)
2026-08-17 20:24:09 | ERROR | Periodic check error: (sqlite3.OperationalError) no such column: payments.network
[SQL: SELECT payments.id AS payments_id, payments.user_id AS payments_user_id, payments.tx_hash AS payments_tx_hash, payments.amount AS payments_amount, payments.currency AS payments_currency, payments.network AS payments_network, payments.status AS payments_status, payments.error_message AS payments_error_message, payments.verification_method AS payments_verification_method, payments.verification_attempts AS payments_verification_attempts, payments.last_check_at AS payments_last_check_at, payments.created_at AS payments_created_at, payments.verified_at AS payments_verified_at 
FROM payments 
WHERE payments.status = ?]
[parameters: ('pending',)]
(Background on this error at: https://sqlalche.me/e/20/e3q8)
2026-08-17 20:24:39 | ERROR | Periodic check error: (sqlite3.OperationalError) no such column: payments.network
[SQL: SELECT payments.id AS payments_id, payments.user_id AS payments_user_id, payments.tx_hash AS payments_tx_hash, payments.amount AS payments_amount, payments.currency AS payments_currency, payments.network AS payments_network, payments.status AS payments_status, payments.error_message AS payments_error_message, payments.verification_method AS payments_verification_method, payments.verification_attempts AS payments_verification_attempts, payments.last_check_at AS payments_last_check_at, payments.created_at AS payments_created_at, payments.verified_at AS payments_verified_at 
FROM payments 
WHERE payments.status = ?]
[parameters: ('pending',)]
(Background on this error at: https://sqlalche.me/e/20/e3q8)
2026-08-17 20:25:09 | ERROR | Periodic check error: (sqlite3.OperationalError) no such column: payments.network
[SQL: SELECT payments.id AS payments_id, payments.user_id AS payments_user_id, payments.tx_hash AS payments_tx_hash, payments.amount AS payments_amount, payments.currency AS payments_currency, payments.network AS payments_network, payments.status AS payments_status, payments.error_message AS payments_error_message, payments.verification_method AS payments_verification_method, payments.verification_attempts AS payments_verification_attempts, payments.last_check_at AS payments_last_check_at, payments.created_at AS payments_created_at, payments.verified_at AS payments_verified_at 
FROM payments 
WHERE payments.status = ?]
[parameters: ('pending',)]
(Background on this error at: https://sqlalche.me/e/20/e3q8)
2026-08-17 20:25:39 | ERROR | Periodic check error: (sqlite3.OperationalError) no such column: payments.network
[SQL: SELECT payments.id AS payments_id, payments.user_id AS payments_user_id, payments.tx_hash AS payments_tx_hash, payments.amount AS payments_amount, payments.currency AS payments_currency, payments.network AS payments_network, payments.status AS payments_status, payments.error_message AS payments_error_message, payments.verification_method AS payments_verification_method, payments.verification_attempts AS payments_verification_attempts, payments.last_check_at AS payments_last_check_at, payments.created_at AS payments_created_at, payments.verified_at AS payments_verified_at 
FROM payments 
WHERE payments.status = ?]
[parameters: ('pending',)]
(Background on this error at: https://sqlalche.me/e/20/e3q8)
2026-08-17 20:26:09 | ERROR | Periodic check error: (sqlite3.OperationalError) no such column: payments.network
[SQL: SELECT payments.id AS payments_id, payments.user_id AS payments_user_id, payments.tx_hash AS payments_tx_hash, payments.amount AS payments_amount, payments.currency AS payments_currency, payments.network AS payments_network, payments.status AS payments_status, payments.error_message AS payments_error_message, payments.verification_method AS payments_verification_method, payments.verification_attempts AS payments_verification_attempts, payments.last_check_at AS payments_last_check_at, payments.created_at AS payments_created_at, payments.verified_at AS payments_verified_at 
FROM payments 
WHERE payments.status = ?]
[parameters: ('pending',)]
(Background on this error at: https://sqlalche.me/e/20/e3q8)
2026-08-17 20:26:39 | ERROR | Periodic check error: (sqlite3.OperationalError) no such column: payments.network
[SQL: SELECT payments.id AS payments_id, payments.user_id AS payments_user_id, payments.tx_hash AS payments_tx_hash, payments.amount AS payments_amount, payments.currency AS payments_currency, payments.network AS payments_network, payments.status AS payments_status, payments.error_message AS payments_error_message, payments.verification_method AS payments_verification_method, payments.verification_attempts AS payments_verification_attempts, payments.last_check_at AS payments_last_check_at, payments.created_at AS payments_created_at, payments.verified_at AS payments_verified_at 
FROM payments 
WHERE payments.status = ?]
[parameters: ('pending',)]
(Background on this error at: https://sqlalche.me/e/20/e3q8)
2026-08-17 20:27:09 | ERROR | Periodic check error: (sqlite3.OperationalError) no such column: payments.network
[SQL: SELECT payments.id AS payments_id, payments.user_id AS payments_user_id, payments.tx_hash AS payments_tx_hash, payments.amount AS payments_amount, payments.currency AS payments_currency, payments.network AS payments_network, payments.status AS payments_status, payments.error_message AS payments_error_message, payments.verification_method AS payments_verification_method, payments.verification_attempts AS payments_verification_attempts, payments.last_check_at AS payments_last_check_at, payments.created_at AS payments_created_at, payments.verified_at AS payments_verified_at 
FROM payments 
WHERE payments.status = ?]
[parameters: ('pending',)]
(Background on this error at: https://sqlalche.me/e/20/e3q8)
2026-08-17 20:27:39 | ERROR | Periodic check error: (sqlite3.OperationalError) no such column: payments.network
[SQL: SELECT payments.id AS payments_id, payments.user_id AS payments_user_id, payments.tx_hash AS payments_tx_hash, payments.amount AS payments_amount, payments.currency AS payments_currency, payments.network AS payments_network, payments.status AS payments_status, payments.error_message AS payments_error_message, payments.verification_method AS payments_verification_method, payments.verification_attempts AS payments_verification_attempts, payments.last_check_at AS payments_last_check_at, payments.created_at AS payments_created_at, payments.verified_at AS payments_verified_at 
FROM payments 
WHERE payments.status = ?]
[parameters: ('pending',)]
(Background on this error at: https://sqlalche.me/e/20/e3q8)
2026-08-17 20:28:09 | ERROR | Periodic check error: (sqlite3.OperationalError) no such column: payments.network
[SQL: SELECT payments.id AS payments_id, payments.user_id AS payments_user_id, payments.tx_hash AS payments_tx_hash, payments.amount AS payments_amount, payments.currency AS payments_currency, payments.network AS payments_network, payments.status AS payments_status, payments.error_message AS payments_error_message, payments.verification_method AS payments_verification_method, payments.verification_attempts AS payments_verification_attempts, payments.last_check_at AS payments_last_check_at, payments.created_at AS payments_created_at, payments.verified_at AS payments_verified_at 
FROM payments 
WHERE payments.status = ?]
[parameters: ('pending',)]
(Background on this error at: https://sqlalche.me/e/20/e3q8)
2026-08-17 20:28:39 | ERROR | Periodic check error: (sqlite3.OperationalError) no such column: payments.network
[SQL: SELECT payments.id AS payments_id, payments.user_id AS payments_user_id, payments.tx_hash AS payments_tx_hash, payments.amount AS payments_amount, payments.currency AS payments_currency, payments.network AS payments_network, payments.status AS payments_status, payments.error_message AS payments_error_message, payments.verification_method AS payments_verification_method, payments.verification_attempts AS payments_verification_attempts, payments.last_check_at AS payments_last_check_at, payments.created_at AS payments_created_at, payments.verified_at AS payments_verified_at 
FROM payments 
WHERE payments.status = ?]
[parameters: ('pending',)]
(Background on this error at: https://sqlalche.me/e/20/e3q8)
2026-08-17 20:29:09 | ERROR | Periodic check error: (sqlite3.OperationalError) no such column: payments.network
[SQL: SELECT payments.id AS payments_id, payments.user_id AS payments_user_id, payments.tx_hash AS payments_tx_hash, payments.amount AS payments_amount, payments.currency AS payments_currency, payments.network AS payments_network, payments.status AS payments_status, payments.error_message AS payments_error_message, payments.verification_method AS payments_verification_method, payments.verification_attempts AS payments_verification_attempts, payments.last_check_at AS payments_last_check_at, payments.created_at AS payments_created_at, payments.verified_at AS payments_verified_at 
FROM payments 
WHERE payments.status = ?]
[parameters: ('pending',)]
(Background on this error at: https://sqlalche.me/e/20/e3q8)
2026-08-17 20:29:39 | ERROR | Periodic check error: (sqlite3.OperationalError) no such column: payments.network
[SQL: SELECT payments.id AS payments_id, payments.user_id AS payments_user_id, payments.tx_hash AS payments_tx_hash, payments.amount AS payments_amount, payments.currency AS payments_currency, payments.network AS payments_network, payments.status AS payments_status, payments.error_message AS payments_error_message, payments.verification_method AS payments_verification_method, payments.verification_attempts AS payments_verification_attempts, payments.last_check_at AS payments_last_check_at, payments.created_at AS payments_created_at, payments.verified_at AS payments_verified_at 
FROM payments 
WHERE payments.status = ?]
[parameters: ('pending',)]
(Background on this error at: https://sqlalche.me/e/20/e3q8)
2026-08-17 20:30:09 | ERROR | Periodic check error: (sqlite3.OperationalError) no such column: payments.network
[SQL: SELECT payments.id AS payments_id, payments.user_id AS payments_user_id, payments.tx_hash AS payments_tx_hash, payments.amount AS payments_amount, payments.currency AS payments_currency, payments.network AS payments_network, payments.status AS payments_status, payments.error_message AS payments_error_message, payments.verification_method AS payments_verification_method, payments.verification_attempts AS payments_verification_attempts, payments.last_check_at AS payments_last_check_at, payments.created_at AS payments_created_at, payments.verified_at AS payments_verified_at 
FROM payments 
WHERE payments.status = ?]
[parameters: ('pending',)]
(Background on this error at: https://sqlalche.me/e/20/e3q8)
2026-08-17 20:30:39 | ERROR | Periodic check error: (sqlite3.OperationalError) no such column: payments.network
[SQL: SELECT payments.id AS payments_id, payments.user_id AS payments_user_id, payments.tx_hash AS payments_tx_hash, payments.amount AS payments_amount, payments.currency AS payments_currency, payments.network AS payments_network, payments.status AS payments_status, payments.error_message AS payments_error_message, payments.verification_method AS payments_verification_method, payments.verification_attempts AS payments_verification_attempts, payments.last_check_at AS payments_last_check_at, payments.created_at AS payments_created_at, payments.verified_at AS payments_verified_at 
FROM payments 
WHERE payments.status = ?]
[parameters: ('pending',)]
(Background on this error at: https://sqlalche.me/e/20/e3q8)
2026-08-17 20:31:09 | ERROR | Periodic check error: (sqlite3.OperationalError) no such column: payments.network
[SQL: SELECT payments.id AS payments_id, payments.user_id AS payments_user_id, payments.tx_hash AS payments_tx_hash, payments.amount AS payments_amount, payments.currency AS payments_currency, payments.network AS payments_network, payments.status AS payments_status, payments.error_message AS payments_error_message, payments.verification_method AS payments_verification_method, payments.verification_attempts AS payments_verification_attempts, payments.last_check_at AS payments_last_check_at, payments.created_at AS payments_created_at, payments.verified_at AS payments_verified_at 
FROM payments 
WHERE payments.status = ?]
[parameters: ('pending',)]
(Background on this error at: https://sqlalche.me/e/20/e3q8)
2026-08-17 20:31:39 | ERROR | Periodic check error: (sqlite3.OperationalError) no such column: payments.network
[SQL: SELECT payments.id AS payments_id, payments.user_id AS payments_user_id, payments.tx_hash AS payments_tx_hash, payments.amount AS payments_amount, payments.currency AS payments_currency, payments.network AS payments_network, payments.status AS payments_status, payments.error_message AS payments_error_message, payments.verification_method AS payments_verification_method, payments.verification_attempts AS payments_verification_attempts, payments.last_check_at AS payments_last_check_at, payments.created_at AS payments_created_at, payments.verified_at AS payments_verified_at 
FROM payments 
WHERE payments.status = ?]
[parameters: ('pending',)]
(Background on this error at: https://sqlalche.me/e/20/e3q8)
2026-08-17 20:32:09 | ERROR | Periodic check error: (sqlite3.OperationalError) no such column: payments.network
[SQL: SELECT payments.id AS payments_id, payments.user_id AS payments_user_id, payments.tx_hash AS payments_tx_hash, payments.amount AS payments_amount, payments.currency AS payments_currency, payments.network AS payments_network, payments.status AS payments_status, payments.error_message AS payments_error_message, payments.verification_method AS payments_verification_method, payments.verification_attempts AS payments_verification_attempts, payments.last_check_at AS payments_last_check_at, payments.created_at AS payments_created_at, payments.verified_at AS payments_verified_at 
FROM payments 
WHERE payments.status = ?]
[parameters: ('pending',)]
(Background on this error at: https://sqlalche.me/e/20/e3q8)
2026-08-17 20:32:39 | ERROR | Periodic check error: (sqlite3.OperationalError) no such column: payments.network
[SQL: SELECT payments.id AS payments_id, payments.user_id AS payments_user_id, payments.tx_hash AS payments_tx_hash, payments.amount AS payments_amount, payments.currency AS payments_currency, payments.network AS payments_network, payments.status AS payments_status, payments.error_message AS payments_error_message, payments.verification_method AS payments_verification_method, payments.verification_attempts AS payments_verification_attempts, payments.last_check_at AS payments_last_check_at, payments.created_at AS payments_created_at, payments.verified_at AS payments_verified_at 
FROM payments 
WHERE payments.status = ?]
[parameters: ('pending',)]
(Background on this error at: https://sqlalche.me/e/20/e3q8)
2026-08-17 20:33:09 | ERROR | Periodic check error: (sqlite3.OperationalError) no such column: payments.network
[SQL: SELECT payments.id AS payments_id, payments.user_id AS payments_user_id, payments.tx_hash AS payments_tx_hash, payments.amount AS payments_amount, payments.currency AS payments_currency, payments.network AS payments_network, payments.status AS payments_status, payments.error_message AS payments_error_message, payments.verification_method AS payments_verification_method, payments.verification_attempts AS payments_verification_attempts, payments.last_check_at AS payments_last_check_at, payments.created_at AS payments_created_at, payments.verified_at AS payments_verified_at 
FROM payments 
WHERE payments.status = ?]
[parameters: ('pending',)]
(Background on this error at: https://sqlalche.me/e/20/e3q8)
2026-08-17 20:33:39 | ERROR | Periodic check error: (sqlite3.OperationalError) no such column: payments.network
[SQL: SELECT payments.id AS payments_id, payments.user_id AS payments_user_id, payments.tx_hash AS payments_tx_hash, payments.amount AS payments_amount, payments.currency AS payments_currency, payments.network AS payments_network, payments.status AS payments_status, payments.error_message AS payments_error_message, payments.verification_method AS payments_verification_method, payments.verification_attempts AS payments_verification_attempts, payments.last_check_at AS payments_last_check_at, payments.created_at AS payments_created_at, payments.verified_at AS payments_verified_at 
FROM payments 
WHERE payments.status = ?]
[parameters: ('pending',)]
(Background on this error at: https://sqlalche.me/e/20/e3q8)
2026-08-17 20:34:09 | ERROR | Periodic check error: (sqlite3.OperationalError) no such column: payments.network
[SQL: SELECT payments.id AS payments_id, payments.user_id AS payments_user_id, payments.tx_hash AS payments_tx_hash, payments.amount AS payments_amount, payments.currency AS payments_currency, payments.network AS payments_network, payments.status AS payments_status, payments.error_message AS payments_error_message, payments.verification_method AS payments_verification_method, payments.verification_attempts AS payments_verification_attempts, payments.last_check_at AS payments_last_check_at, payments.created_at AS payments_created_at, payments.verified_at AS payments_verified_at 
FROM payments 
WHERE payments.status = ?]
[parameters: ('pending',)]
(Background on this error at: https://sqlalche.me/e/20/e3q8)
2026-08-17 20:34:40 | ERROR | Periodic check error: (sqlite3.OperationalError) no such column: payments.network
[SQL: SELECT payments.id AS payments_id, payments.user_id AS payments_user_id, payments.tx_hash AS payments_tx_hash, payments.amount AS payments_amount, payments.currency AS payments_currency, payments.network AS payments_network, payments.status AS payments_status, payments.error_message AS payments_error_message, payments.verification_method AS payments_verification_method, payments.verification_attempts AS payments_verification_attempts, payments.last_check_at AS payments_last_check_at, payments.created_at AS payments_created_at, payments.verified_at AS payments_verified_at 
FROM payments 
WHERE payments.status = ?]
[parameters: ('pending',)]
(Background on this error at: https://sqlalche.me/e/20/e3q8)
2026-08-17 20:35:10 | ERROR | Periodic check error: (sqlite3.OperationalError) no such column: payments.network
[SQL: SELECT payments.id AS payments_id, payments.user_id AS payments_user_id, payments.tx_hash AS payments_tx_hash, payments.amount AS payments_amount, payments.currency AS payments_currency, payments.network AS payments_network, payments.status AS payments_status, payments.error_message AS payments_error_message, payments.verification_method AS payments_verification_method, payments.verification_attempts AS payments_verification_attempts, payments.last_check_at AS payments_last_check_at, payments.created_at AS payments_created_at, payments.verified_at AS payments_verified_at 
FROM payments 
WHERE payments.status = ?]
[parameters: ('pending',)]
(Background on this error at: https://sqlalche.me/e/20/e3q8)
2026-08-17 20:35:40 | ERROR | Periodic check error: (sqlite3.OperationalError) no such column: payments.network
[SQL: SELECT payments.id AS payments_id, payments.user_id AS payments_user_id, payments.tx_hash AS payments_tx_hash, payments.amount AS payments_amount, payments.currency AS payments_currency, payments.network AS payments_network, payments.status AS payments_status, payments.error_message AS payments_error_message, payments.verification_method AS payments_verification_method, payments.verification_attempts AS payments_verification_attempts, payments.last_check_at AS payments_last_check_at, payments.created_at AS payments_created_at, payments.verified_at AS payments_verified_at 
FROM payments 
WHERE payments.status = ?]
[parameters: ('pending',)]
(Background on this error at: https://sqlalche.me/e/20/e3q8)
2026-08-17 20:36:10 | ERROR | Periodic check error: (sqlite3.OperationalError) no such column: payments.network
[SQL: SELECT payments.id AS payments_id, payments.user_id AS payments_user_id, payments.tx_hash AS payments_tx_hash, payments.amount AS payments_amount, payments.currency AS payments_currency, payments.network AS payments_network, payments.status AS payments_status, payments.error_message AS payments_error_message, payments.verification_method AS payments_verification_method, payments.verification_attempts AS payments_verification_attempts, payments.last_check_at AS payments_last_check_at, payments.created_at AS payments_created_at, payments.verified_at AS payments_verified_at 
FROM payments 
WHERE payments.status = ?]
[parameters: ('pending',)]
(Background on this error at: https://sqlalche.me/e/20/e3q8)
2026-08-17 20:36:40 | ERROR | Periodic check error: (sqlite3.OperationalError) no such column: payments.network
[SQL: SELECT payments.id AS payments_id, payments.user_id AS payments_user_id, payments.tx_hash AS payments_tx_hash, payments.amount AS payments_amount, payments.currency AS payments_currency, payments.network AS payments_network, payments.status AS payments_status, payments.error_message AS payments_error_message, payments.verification_method AS payments_verification_method, payments.verification_attempts AS payments_verification_attempts, payments.last_check_at AS payments_last_check_at, payments.created_at AS payments_created_at, payments.verified_at AS payments_verified_at 
FROM payments 
WHERE payments.status = ?]
[parameters: ('pending',)]
(Background on this error at: https://sqlalche.me/e/20/e3q8)
2026-08-17 20:37:10 | ERROR | Periodic check error: (sqlite3.OperationalError) no such column: payments.network
[SQL: SELECT payments.id AS payments_id, payments.user_id AS payments_user_id, payments.tx_hash AS payments_tx_hash, payments.amount AS payments_amount, payments.currency AS payments_currency, payments.network AS payments_network, payments.status AS payments_status, payments.error_message AS payments_error_message, payments.verification_method AS payments_verification_method, payments.verification_attempts AS payments_verification_attempts, payments.last_check_at AS payments_last_check_at, payments.created_at AS payments_created_at, payments.verified_at AS payments_verified_at 
FROM payments 
WHERE payments.status = ?]
[parameters: ('pending',)]
(Background on this error at: https://sqlalche.me/e/20/e3q8)
2026-08-17 20:37:40 | ERROR | Periodic check error: (sqlite3.OperationalError) no such column: payments.network
[SQL: SELECT payments.id AS payments_id, payments.user_id AS payments_user_id, payments.tx_hash AS payments_tx_hash, payments.amount AS payments_amount, payments.currency AS payments_currency, payments.network AS payments_network, payments.status AS payments_status, payments.error_message AS payments_error_message, payments.verification_method AS payments_verification_method, payments.verification_attempts AS payments_verification_attempts, payments.last_check_at AS payments_last_check_at, payments.created_at AS payments_created_at, payments.verified_at AS payments_verified_at 
FROM payments 
WHERE payments.status = ?]
[parameters: ('pending',)]
(Background on this error at: https://sqlalche.me/e/20/e3q8)
2026-08-17 20:38:10 | ERROR | Periodic check error: (sqlite3.OperationalError) no such column: payments.network
[SQL: SELECT payments.id AS payments_id, payments.user_id AS payments_user_id, payments.tx_hash AS payments_tx_hash, payments.amount AS payments_amount, payments.currency AS payments_currency, payments.network AS payments_network, payments.status AS payments_status, payments.error_message AS payments_error_message, payments.verification_method AS payments_verification_method, payments.verification_attempts AS payments_verification_attempts, payments.last_check_at AS payments_last_check_at, payments.created_at AS payments_created_at, payments.verified_at AS payments_verified_at 
FROM payments 
WHERE payments.status = ?]
[parameters: ('pending',)]
(Background on this error at: https://sqlalche.me/e/20/e3q8)
2026-08-17 20:38:40 | ERROR | Periodic check error: (sqlite3.OperationalError) no such column: payments.network
[SQL: SELECT payments.id AS payments_id, payments.user_id AS payments_user_id, payments.tx_hash AS payments_tx_hash, payments.amount AS payments_amount, payments.currency AS payments_currency, payments.network AS payments_network, payments.status AS payments_status, payments.error_message AS payments_error_message, payments.verification_method AS payments_verification_method, payments.verification_attempts AS payments_verification_attempts, payments.last_check_at AS payments_last_check_at, payments.created_at AS payments_created_at, payments.verified_at AS payments_verified_at 
FROM payments 
WHERE payments.status = ?]
[parameters: ('pending',)]
(Background on this error at: https://sqlalche.me/e/20/e3q8)
2026-08-17 20:39:10 | ERROR | Periodic check error: (sqlite3.OperationalError) no such column: payments.network
[SQL: SELECT payments.id AS payments_id, payments.user_id AS payments_user_id, payments.tx_hash AS payments_tx_hash, payments.amount AS payments_amount, payments.currency AS payments_currency, payments.network AS payments_network, payments.status AS payments_status, payments.error_message AS payments_error_message, payments.verification_method AS payments_verification_method, payments.verification_attempts AS payments_verification_attempts, payments.last_check_at AS payments_last_check_at, payments.created_at AS payments_created_at, payments.verified_at AS payments_verified_at 
FROM payments 
WHERE payments.status = ?]
[parameters: ('pending',)]
(Background on this error at: https://sqlalche.me/e/20/e3q8)
2026-08-17 20:39:40 | ERROR | Periodic check error: (sqlite3.OperationalError) no such column: payments.network
[SQL: SELECT payments.id AS payments_id, payments.user_id AS payments_user_id, payments.tx_hash AS payments_tx_hash, payments.amount AS payments_amount, payments.currency AS payments_currency, payments.network AS payments_network, payments.status AS payments_status, payments.error_message AS payments_error_message, payments.verification_method AS payments_verification_method, payments.verification_attempts AS payments_verification_attempts, payments.last_check_at AS payments_last_check_at, payments.created_at AS payments_created_at, payments.verified_at AS payments_verified_at 
FROM payments 
WHERE payments.status = ?]
[parameters: ('pending',)]
(Background on this error at: https://sqlalche.me/e/20/e3q8)
2026-08-17 20:40:10 | ERROR | Periodic check error: (sqlite3.OperationalError) no such column: payments.network
[SQL: SELECT payments.id AS payments_id, payments.user_id AS payments_user_id, payments.tx_hash AS payments_tx_hash, payments.amount AS payments_amount, payments.currency AS payments_currency, payments.network AS payments_network, payments.status AS payments_status, payments.error_message AS payments_error_message, payments.verification_method AS payments_verification_method, payments.verification_attempts AS payments_verification_attempts, payments.last_check_at AS payments_last_check_at, payments.created_at AS payments_created_at, payments.verified_at AS payments_verified_at 
FROM payments 
WHERE payments.status = ?]
[parameters: ('pending',)]
(Background on this error at: https://sqlalche.me/e/20/e3q8)
2026-08-17 20:40:40 | ERROR | Periodic check error: (sqlite3.OperationalError) no such column: payments.network
[SQL: SELECT payments.id AS payments_id, payments.user_id AS payments_user_id, payments.tx_hash AS payments_tx_hash, payments.amount AS payments_amount, payments.currency AS payments_currency, payments.network AS payments_network, payments.status AS payments_status, payments.error_message AS payments_error_message, payments.verification_method AS payments_verification_method, payments.verification_attempts AS payments_verification_attempts, payments.last_check_at AS payments_last_check_at, payments.created_at AS payments_created_at, payments.verified_at AS payments_verified_at 
FROM payments 
WHERE payments.status = ?]
[parameters: ('pending',)]
(Background on this error at: https://sqlalche.me/e/20/e3q8)
2026-08-17 20:41:10 | ERROR | Periodic check error: (sqlite3.OperationalError) no such column: payments.network
[SQL: SELECT payments.id AS payments_id, payments.user_id AS payments_user_id, payments.tx_hash AS payments_tx_hash, payments.amount AS payments_amount, payments.currency AS payments_currency, payments.network AS payments_network, payments.status AS payments_status, payments.error_message AS payments_error_message, payments.verification_method AS payments_verification_method, payments.verification_attempts AS payments_verification_attempts, payments.last_check_at AS payments_last_check_at, payments.created_at AS payments_created_at, payments.verified_at AS payments_verified_at 
FROM payments 
WHERE payments.status = ?]
[parameters: ('pending',)]
(Background on this error at: https://sqlalche.me/e/20/e3q8)
2026-08-17 20:41:40 | ERROR | Periodic check error: (sqlite3.OperationalError) no such column: payments.network
[SQL: SELECT payments.id AS payments_id, payments.user_id AS payments_user_id, payments.tx_hash AS payments_tx_hash, payments.amount AS payments_amount, payments.currency AS payments_currency, payments.network AS payments_network, payments.status AS payments_status, payments.error_message AS payments_error_message, payments.verification_method AS payments_verification_method, payments.verification_attempts AS payments_verification_attempts, payments.last_check_at AS payments_last_check_at, payments.created_at AS payments_created_at, payments.verified_at AS payments_verified_at 
FROM payments 
WHERE payments.status = ?]
[parameters: ('pending',)]
(Background on this error at: https://sqlalche.me/e/20/e3q8)
2026-08-17 20:42:10 | ERROR | Periodic check error: (sqlite3.OperationalError) no such column: payments.network
[SQL: SELECT payments.id AS payments_id, payments.user_id AS payments_user_id, payments.tx_hash AS payments_tx_hash, payments.amount AS payments_amount, payments.currency AS payments_currency, payments.network AS payments_network, payments.status AS payments_status, payments.error_message AS payments_error_message, payments.verification_method AS payments_verification_method, payments.verification_attempts AS payments_verification_attempts, payments.last_check_at AS payments_last_check_at, payments.created_at AS payments_created_at, payments.verified_at AS payments_verified_at 
FROM payments 
WHERE payments.status = ?]
[parameters: ('pending',)]
(Background on this error at: https://sqlalche.me/e/20/e3q8)
2026-08-17 20:42:40 | ERROR | Periodic check error: (sqlite3.OperationalError) no such column: payments.network
[SQL: SELECT payments.id AS payments_id, payments.user_id AS payments_user_id, payments.tx_hash AS payments_tx_hash, payments.amount AS payments_amount, payments.currency AS payments_currency, payments.network AS payments_network, payments.status AS payments_status, payments.error_message AS payments_error_message, payments.verification_method AS payments_verification_method, payments.verification_attempts AS payments_verification_attempts, payments.last_check_at AS payments_last_check_at, payments.created_at AS payments_created_at, payments.verified_at AS payments_verified_at 
FROM payments 
WHERE payments.status = ?]
[parameters: ('pending',)]
(Background on this error at: https://sqlalche.me/e/20/e3q8)
2026-08-17 20:43:10 | ERROR | Periodic check error: (sqlite3.OperationalError) no such column: payments.network
[SQL: SELECT payments.id AS payments_id, payments.user_id AS payments_user_id, payments.tx_hash AS payments_tx_hash, payments.amount AS payments_amount, payments.currency AS payments_currency, payments.network AS payments_network, payments.status AS payments_status, payments.error_message AS payments_error_message, payments.verification_method AS payments_verification_method, payments.verification_attempts AS payments_verification_attempts, payments.last_check_at AS payments_last_check_at, payments.created_at AS payments_created_at, payments.verified_at AS payments_verified_at 
FROM payments 
WHERE payments.status = ?]
[parameters: ('pending',)]
(Background on this error at: https://sqlalche.me/e/20/e3q8)
2026-08-17 20:43:40 | ERROR | Periodic check error: (sqlite3.OperationalError) no such column: payments.network
[SQL: SELECT payments.id AS payments_id, payments.user_id AS payments_user_id, payments.tx_hash AS payments_tx_hash, payments.amount AS payments_amount, payments.currency AS payments_currency, payments.network AS payments_network, payments.status AS payments_status, payments.error_message AS payments_error_message, payments.verification_method AS payments_verification_method, payments.verification_attempts AS payments_verification_attempts, payments.last_check_at AS payments_last_check_at, payments.created_at AS payments_created_at, payments.verified_at AS payments_verified_at 
FROM payments 
WHERE payments.status = ?]
[parameters: ('pending',)]
(Background on this error at: https://sqlalche.me/e/20/e3q8)
2026-08-17 20:44:10 | ERROR | Periodic check error: (sqlite3.OperationalError) no such column: payments.network
[SQL: SELECT payments.id AS payments_id, payments.user_id AS payments_user_id, payments.tx_hash AS payments_tx_hash, payments.amount AS payments_amount, payments.currency AS payments_currency, payments.network AS payments_network, payments.status AS payments_status, payments.error_message AS payments_error_message, payments.verification_method AS payments_verification_method, payments.verification_attempts AS payments_verification_attempts, payments.last_check_at AS payments_last_check_at, payments.created_at AS payments_created_at, payments.verified_at AS payments_verified_at 
FROM payments 
WHERE payments.status = ?]
[parameters: ('pending',)]
(Background on this error at: https://sqlalche.me/e/20/e3q8)
2026-08-17 20:44:40 | ERROR | Periodic check error: (sqlite3.OperationalError) no such column: payments.network
[SQL: SELECT payments.id AS payments_id, payments.user_id AS payments_user_id, payments.tx_hash AS payments_tx_hash, payments.amount AS payments_amount, payments.currency AS payments_currency, payments.network AS payments_network, payments.status AS payments_status, payments.error_message AS payments_error_message, payments.verification_method AS payments_verification_method, payments.verification_attempts AS payments_verification_attempts, payments.last_check_at AS payments_last_check_at, payments.created_at AS payments_created_at, payments.verified_at AS payments_verified_at 
FROM payments 
WHERE payments.status = ?]
[parameters: ('pending',)]
(Background on this error at: https://sqlalche.me/e/20/e3q8)
2026-08-17 20:45:10 | ERROR | Periodic check error: (sqlite3.OperationalError) no such column: payments.network
[SQL: SELECT payments.id AS payments_id, payments.user_id AS payments_user_id, payments.tx_hash AS payments_tx_hash, payments.amount AS payments_amount, payments.currency AS payments_currency, payments.network AS payments_network, payments.status AS payments_status, payments.error_message AS payments_error_message, payments.verification_method AS payments_verification_method, payments.verification_attempts AS payments_verification_attempts, payments.last_check_at AS payments_last_check_at, payments.created_at AS payments_created_at, payments.verified_at AS payments_verified_at 
FROM payments 
WHERE payments.status = ?]
[parameters: ('pending',)]
(Background on this error at: https://sqlalche.me/e/20/e3q8)
2026-08-17 20:45:40 | ERROR | Periodic check error: (sqlite3.OperationalError) no such column: payments.network
[SQL: SELECT payments.id AS payments_id, payments.user_id AS payments_user_id, payments.tx_hash AS payments_tx_hash, payments.amount AS payments_amount, payments.currency AS payments_currency, payments.network AS payments_network, payments.status AS payments_status, payments.error_message AS payments_error_message, payments.verification_method AS payments_verification_method, payments.verification_attempts AS payments_verification_attempts, payments.last_check_at AS payments_last_check_at, payments.created_at AS payments_created_at, payments.verified_at AS payments_verified_at 
FROM payments 
WHERE payments.status = ?]
[parameters: ('pending',)]
(Background on this error at: https://sqlalche.me/e/20/e3q8)
2026-08-17 20:46:10 | ERROR | Periodic check error: (sqlite3.OperationalError) no such column: payments.network
[SQL: SELECT payments.id AS payments_id, payments.user_id AS payments_user_id, payments.tx_hash AS payments_tx_hash, payments.amount AS payments_amount, payments.currency AS payments_currency, payments.network AS payments_network, payments.status AS payments_status, payments.error_message AS payments_error_message, payments.verification_method AS payments_verification_method, payments.verification_attempts AS payments_verification_attempts, payments.last_check_at AS payments_last_check_at, payments.created_at AS payments_created_at, payments.verified_at AS payments_verified_at 
FROM payments 
WHERE payments.status = ?]
[parameters: ('pending',)]
(Background on this error at: https://sqlalche.me/e/20/e3q8)
2026-08-17 20:46:40 | ERROR | Periodic check error: (sqlite3.OperationalError) no such column: payments.network
[SQL: SELECT payments.id AS payments_id, payments.user_id AS payments_user_id, payments.tx_hash AS payments_tx_hash, payments.amount AS payments_amount, payments.currency AS payments_currency, payments.network AS payments_network, payments.status AS payments_status, payments.error_message AS payments_error_message, payments.verification_method AS payments_verification_method, payments.verification_attempts AS payments_verification_attempts, payments.last_check_at AS payments_last_check_at, payments.created_at AS payments_created_at, payments.verified_at AS payments_verified_at 
FROM payments 
WHERE payments.status = ?]
[parameters: ('pending',)]
(Background on this error at: https://sqlalche.me/e/20/e3q8)
2026-08-17 20:47:10 | ERROR | Periodic check error: (sqlite3.OperationalError) no such column: payments.network
[SQL: SELECT payments.id AS payments_id, payments.user_id AS payments_user_id, payments.tx_hash AS payments_tx_hash, payments.amount AS payments_amount, payments.currency AS payments_currency, payments.network AS payments_network, payments.status AS payments_status, payments.error_message AS payments_error_message, payments.verification_method AS payments_verification_method, payments.verification_attempts AS payments_verification_attempts, payments.last_check_at AS payments_last_check_at, payments.created_at AS payments_created_at, payments.verified_at AS payments_verified_at 
FROM payments 
WHERE payments.status = ?]
[parameters: ('pending',)]
(Background on this error at: https://sqlalche.me/e/20/e3q8)
2026-08-17 20:47:40 | ERROR | Periodic check error: (sqlite3.OperationalError) no such column: payments.network
[SQL: SELECT payments.id AS payments_id, payments.user_id AS payments_user_id, payments.tx_hash AS payments_tx_hash, payments.amount AS payments_amount, payments.currency AS payments_currency, payments.network AS payments_network, payments.status AS payments_status, payments.error_message AS payments_error_message, payments.verification_method AS payments_verification_method, payments.verification_attempts AS payments_verification_attempts, payments.last_check_at AS payments_last_check_at, payments.created_at AS payments_created_at, payments.verified_at AS payments_verified_at 
FROM payments 
WHERE payments.status = ?]
[parameters: ('pending',)]
(Background on this error at: https://sqlalche.me/e/20/e3q8)
2026-08-17 20:48:10 | ERROR | Periodic check error: (sqlite3.OperationalError) no such column: payments.network
[SQL: SELECT payments.id AS payments_id, payments.user_id AS payments_user_id, payments.tx_hash AS payments_tx_hash, payments.amount AS payments_amount, payments.currency AS payments_currency, payments.network AS payments_network, payments.status AS payments_status, payments.error_message AS payments_error_message, payments.verification_method AS payments_verification_method, payments.verification_attempts AS payments_verification_attempts, payments.last_check_at AS payments_last_check_at, payments.created_at AS payments_created_at, payments.verified_at AS payments_verified_at 
FROM payments 
WHERE payments.status = ?]
[parameters: ('pending',)]
(Background on this error at: https://sqlalche.me/e/20/e3q8)
2026-08-17 20:48:40 | ERROR | Periodic check error: (sqlite3.OperationalError) no such column: payments.network
[SQL: SELECT payments.id AS payments_id, payments.user_id AS payments_user_id, payments.tx_hash AS payments_tx_hash, payments.amount AS payments_amount, payments.currency AS payments_currency, payments.network AS payments_network, payments.status AS payments_status, payments.error_message AS payments_error_message, payments.verification_method AS payments_verification_method, payments.verification_attempts AS payments_verification_attempts, payments.last_check_at AS payments_last_check_at, payments.created_at AS payments_created_at, payments.verified_at AS payments_verified_at 
FROM payments 
WHERE payments.status = ?]
[parameters: ('pending',)]
(Background on this error at: https://sqlalche.me/e/20/e3q8)
2026-08-17 20:49:10 | ERROR | Periodic check error: (sqlite3.OperationalError) no such column: payments.network
[SQL: SELECT payments.id AS payments_id, payments.user_id AS payments_user_id, payments.tx_hash AS payments_tx_hash, payments.amount AS payments_amount, payments.currency AS payments_currency, payments.network AS payments_network, payments.status AS payments_status, payments.error_message AS payments_error_message, payments.verification_method AS payments_verification_method, payments.verification_attempts AS payments_verification_attempts, payments.last_check_at AS payments_last_check_at, payments.created_at AS payments_created_at, payments.verified_at AS payments_verified_at 
FROM payments 
WHERE payments.status = ?]
[parameters: ('pending',)]
(Background on this error at: https://sqlalche.me/e/20/e3q8)
2026-08-17 20:49:40 | ERROR | Periodic check error: (sqlite3.OperationalError) no such column: payments.network
[SQL: SELECT payments.id AS payments_id, payments.user_id AS payments_user_id, payments.tx_hash AS payments_tx_hash, payments.amount AS payments_amount, payments.currency AS payments_currency, payments.network AS payments_network, payments.status AS payments_status, payments.error_message AS payments_error_message, payments.verification_method AS payments_verification_method, payments.verification_attempts AS payments_verification_attempts, payments.last_check_at AS payments_last_check_at, payments.created_at AS payments_created_at, payments.verified_at AS payments_verified_at 
FROM payments 
WHERE payments.status = ?]
[parameters: ('pending',)]
(Background on this error at: https://sqlalche.me/e/20/e3q8)
2026-08-17 20:50:10 | ERROR | Periodic check error: (sqlite3.OperationalError) no such column: payments.network
[SQL: SELECT payments.id AS payments_id, payments.user_id AS payments_user_id, payments.tx_hash AS payments_tx_hash, payments.amount AS payments_amount, payments.currency AS payments_currency, payments.network AS payments_network, payments.status AS payments_status, payments.error_message AS payments_error_message, payments.verification_method AS payments_verification_method, payments.verification_attempts AS payments_verification_attempts, payments.last_check_at AS payments_last_check_at, payments.created_at AS payments_created_at, payments.verified_at AS payments_verified_at 
FROM payments 
WHERE payments.status = ?]
[parameters: ('pending',)]
(Background on this error at: https://sqlalche.me/e/20/e3q8)
2026-08-17 20:50:40 | ERROR | Periodic check error: (sqlite3.OperationalError) no such column: payments.network
[SQL: SELECT payments.id AS payments_id, payments.user_id AS payments_user_id, payments.tx_hash AS payments_tx_hash, payments.amount AS payments_amount, payments.currency AS payments_currency, payments.network AS payments_network, payments.status AS payments_status, payments.error_message AS payments_error_message, payments.verification_method AS payments_verification_method, payments.verification_attempts AS payments_verification_attempts, payments.last_check_at AS payments_last_check_at, payments.created_at AS payments_created_at, payments.verified_at AS payments_verified_at 
FROM payments 
WHERE payments.status = ?]
[parameters: ('pending',)]
(Background on this error at: https://sqlalche.me/e/20/e3q8)
2026-08-17 20:51:10 | ERROR | Periodic check error: (sqlite3.OperationalError) no such column: payments.network
[SQL: SELECT payments.id AS payments_id, payments.user_id AS payments_user_id, payments.tx_hash AS payments_tx_hash, payments.amount AS payments_amount, payments.currency AS payments_currency, payments.network AS payments_network, payments.status AS payments_status, payments.error_message AS payments_error_message, payments.verification_method AS payments_verification_method, payments.verification_attempts AS payments_verification_attempts, payments.last_check_at AS payments_last_check_at, payments.created_at AS payments_created_at, payments.verified_at AS payments_verified_at 
FROM payments 
WHERE payments.status = ?]
[parameters: ('pending',)]
(Background on this error at: https://sqlalche.me/e/20/e3q8)
2026-08-17 20:51:40 | ERROR | Periodic check error: (sqlite3.OperationalError) no such column: payments.network
[SQL: SELECT payments.id AS payments_id, payments.user_id AS payments_user_id, payments.tx_hash AS payments_tx_hash, payments.amount AS payments_amount, payments.currency AS payments_currency, payments.network AS payments_network, payments.status AS payments_status, payments.error_message AS payments_error_message, payments.verification_method AS payments_verification_method, payments.verification_attempts AS payments_verification_attempts, payments.last_check_at AS payments_last_check_at, payments.created_at AS payments_created_at, payments.verified_at AS payments_verified_at 
FROM payments 
WHERE payments.status = ?]
[parameters: ('pending',)]
(Background on this error at: https://sqlalche.me/e/20/e3q8)
2026-08-17 20:52:10 | ERROR | Periodic check error: (sqlite3.OperationalError) no such column: payments.network
[SQL: SELECT payments.id AS payments_id, payments.user_id AS payments_user_id, payments.tx_hash AS payments_tx_hash, payments.amount AS payments_amount, payments.currency AS payments_currency, payments.network AS payments_network, payments.status AS payments_status, payments.error_message AS payments_error_message, payments.verification_method AS payments_verification_method, payments.verification_attempts AS payments_verification_attempts, payments.last_check_at AS payments_last_check_at, payments.created_at AS payments_created_at, payments.verified_at AS payments_verified_at 
FROM payments 
WHERE payments.status = ?]
[parameters: ('pending',)]
(Background on this error at: https://sqlalche.me/e/20/e3q8)
2026-08-17 20:52:40 | ERROR | Periodic check error: (sqlite3.OperationalError) no such column: payments.network
[SQL: SELECT payments.id AS payments_id, payments.user_id AS payments_user_id, payments.tx_hash AS payments_tx_hash, payments.amount AS payments_amount, payments.currency AS payments_currency, payments.network AS payments_network, payments.status AS payments_status, payments.error_message AS payments_error_message, payments.verification_method AS payments_verification_method, payments.verification_attempts AS payments_verification_attempts, payments.last_check_at AS payments_last_check_at, payments.created_at AS payments_created_at, payments.verified_at AS payments_verified_at 
FROM payments 
WHERE payments.status = ?]
[parameters: ('pending',)]
(Background on this error at: https://sqlalche.me/e/20/e3q8)
2026-08-17 20:53:10 | ERROR | Periodic check error: (sqlite3.OperationalError) no such column: payments.network
[SQL: SELECT payments.id AS payments_id, payments.user_id AS payments_user_id, payments.tx_hash AS payments_tx_hash, payments.amount AS payments_amount, payments.currency AS payments_currency, payments.network AS payments_network, payments.status AS payments_status, payments.error_message AS payments_error_message, payments.verification_method AS payments_verification_method, payments.verification_attempts AS payments_verification_attempts, payments.last_check_at AS payments_last_check_at, payments.created_at AS payments_created_at, payments.verified_at AS payments_verified_at 
FROM payments 
WHERE payments.status = ?]
[parameters: ('pending',)]
(Background on this error at: https://sqlalche.me/e/20/e3q8)
2026-08-17 20:53:40 | ERROR | Periodic check error: (sqlite3.OperationalError) no such column: payments.network
[SQL: SELECT payments.id AS payments_id, payments.user_id AS payments_user_id, payments.tx_hash AS payments_tx_hash, payments.amount AS payments_amount, payments.currency AS payments_currency, payments.network AS payments_network, payments.status AS payments_status, payments.error_message AS payments_error_message, payments.verification_method AS payments_verification_method, payments.verification_attempts AS payments_verification_attempts, payments.last_check_at AS payments_last_check_at, payments.created_at AS payments_created_at, payments.verified_at AS payments_verified_at 
FROM payments 
WHERE payments.status = ?]
[parameters: ('pending',)]
(Background on this error at: https://sqlalche.me/e/20/e3q8)
2026-08-17 20:54:10 | ERROR | Periodic check error: (sqlite3.OperationalError) no such column: payments.network
[SQL: SELECT payments.id AS payments_id, payments.user_id AS payments_user_id, payments.tx_hash AS payments_tx_hash, payments.amount AS payments_amount, payments.currency AS payments_currency, payments.network AS payments_network, payments.status AS payments_status, payments.error_message AS payments_error_message, payments.verification_method AS payments_verification_method, payments.verification_attempts AS payments_verification_attempts, payments.last_check_at AS payments_last_check_at, payments.created_at AS payments_created_at, payments.verified_at AS payments_verified_at 
FROM payments 
WHERE payments.status = ?]
[parameters: ('pending',)]
(Background on this error at: https://sqlalche.me/e/20/e3q8)
2026-08-17 20:54:40 | ERROR | Periodic check error: (sqlite3.OperationalError) no such column: payments.network
[SQL: SELECT payments.id AS payments_id, payments.user_id AS payments_user_id, payments.tx_hash AS payments_tx_hash, payments.amount AS payments_amount, payments.currency AS payments_currency, payments.network AS payments_network, payments.status AS payments_status, payments.error_message AS payments_error_message, payments.verification_method AS payments_verification_method, payments.verification_attempts AS payments_verification_attempts, payments.last_check_at AS payments_last_check_at, payments.created_at AS payments_created_at, payments.verified_at AS payments_verified_at 
FROM payments 
WHERE payments.status = ?]
[parameters: ('pending',)]
(Background on this error at: https://sqlalche.me/e/20/e3q8)
2026-08-17 20:55:10 | ERROR | Periodic check error: (sqlite3.OperationalError) no such column: payments.network
[SQL: SELECT payments.id AS payments_id, payments.user_id AS payments_user_id, payments.tx_hash AS payments_tx_hash, payments.amount AS payments_amount, payments.currency AS payments_currency, payments.network AS payments_network, payments.status AS payments_status, payments.error_message AS payments_error_message, payments.verification_method AS payments_verification_method, payments.verification_attempts AS payments_verification_attempts, payments.last_check_at AS payments_last_check_at, payments.created_at AS payments_created_at, payments.verified_at AS payments_verified_at 
FROM payments 
WHERE payments.status = ?]
[parameters: ('pending',)]
(Background on this error at: https://sqlalche.me/e/20/e3q8)
2026-08-17 20:55:40 | ERROR | Periodic check error: (sqlite3.OperationalError) no such column: payments.network
[SQL: SELECT payments.id AS payments_id, payments.user_id AS payments_user_id, payments.tx_hash AS payments_tx_hash, payments.amount AS payments_amount, payments.currency AS payments_currency, payments.network AS payments_network, payments.status AS payments_status, payments.error_message AS payments_error_message, payments.verification_method AS payments_verification_method, payments.verification_attempts AS payments_verification_attempts, payments.last_check_at AS payments_last_check_at, payments.created_at AS payments_created_at, payments.verified_at AS payments_verified_at 
FROM payments 
WHERE payments.status = ?]
[parameters: ('pending',)]
(Background on this error at: https://sqlalche.me/e/20/e3q8)
2026-08-17 20:56:10 | ERROR | Periodic check error: (sqlite3.OperationalError) no such column: payments.network
[SQL: SELECT payments.id AS payments_id, payments.user_id AS payments_user_id, payments.tx_hash AS payments_tx_hash, payments.amount AS payments_amount, payments.currency AS payments_currency, payments.network AS payments_network, payments.status AS payments_status, payments.error_message AS payments_error_message, payments.verification_method AS payments_verification_method, payments.verification_attempts AS payments_verification_attempts, payments.last_check_at AS payments_last_check_at, payments.created_at AS payments_created_at, payments.verified_at AS payments_verified_at 
FROM payments 
WHERE payments.status = ?]
[parameters: ('pending',)]
(Background on this error at: https://sqlalche.me/e/20/e3q8)
2026-08-17 20:56:40 | ERROR | Periodic check error: (sqlite3.OperationalError) no such column: payments.network
[SQL: SELECT payments.id AS payments_id, payments.user_id AS payments_user_id, payments.tx_hash AS payments_tx_hash, payments.amount AS payments_amount, payments.currency AS payments_currency, payments.network AS payments_network, payments.status AS payments_status, payments.error_message AS payments_error_message, payments.verification_method AS payments_verification_method, payments.verification_attempts AS payments_verification_attempts, payments.last_check_at AS payments_last_check_at, payments.created_at AS payments_created_at, payments.verified_at AS payments_verified_at 
FROM payments 
WHERE payments.status = ?]
[parameters: ('pending',)]
(Background on this error at: https://sqlalche.me/e/20/e3q8)
2026-08-17 20:57:10 | ERROR | Periodic check error: (sqlite3.OperationalError) no such column: payments.network
[SQL: SELECT payments.id AS payments_id, payments.user_id AS payments_user_id, payments.tx_hash AS payments_tx_hash, payments.amount AS payments_amount, payments.currency AS payments_currency, payments.network AS payments_network, payments.status AS payments_status, payments.error_message AS payments_error_message, payments.verification_method AS payments_verification_method, payments.verification_attempts AS payments_verification_attempts, payments.last_check_at AS payments_last_check_at, payments.created_at AS payments_created_at, payments.verified_at AS payments_verified_at 
FROM payments 
WHERE payments.status = ?]
[parameters: ('pending',)]
(Background on this error at: https://sqlalche.me/e/20/e3q8)
2026-08-17 20:57:40 | ERROR | Periodic check error: (sqlite3.OperationalError) no such column: payments.network
[SQL: SELECT payments.id AS payments_id, payments.user_id AS payments_user_id, payments.tx_hash AS payments_tx_hash, payments.amount AS payments_amount, payments.currency AS payments_currency, payments.network AS payments_network, payments.status AS payments_status, payments.error_message AS payments_error_message, payments.verification_method AS payments_verification_method, payments.verification_attempts AS payments_verification_attempts, payments.last_check_at AS payments_last_check_at, payments.created_at AS payments_created_at, payments.verified_at AS payments_verified_at 
FROM payments 
WHERE payments.status = ?]
[parameters: ('pending',)]
(Background on this error at: https://sqlalche.me/e/20/e3q8)
2026-08-17 20:58:10 | ERROR | Periodic check error: (sqlite3.OperationalError) no such column: payments.network
[SQL: SELECT payments.id AS payments_id, payments.user_id AS payments_user_id, payments.tx_hash AS payments_tx_hash, payments.amount AS payments_amount, payments.currency AS payments_currency, payments.network AS payments_network, payments.status AS payments_status, payments.error_message AS payments_error_message, payments.verification_method AS payments_verification_method, payments.verification_attempts AS payments_verification_attempts, payments.last_check_at AS payments_last_check_at, payments.created_at AS payments_created_at, payments.verified_at AS payments_verified_at 
FROM payments 
WHERE payments.status = ?]
[parameters: ('pending',)]
(Background on this error at: https://sqlalche.me/e/20/e3q8)
2026-08-17 20:58:40 | ERROR | Periodic check error: (sqlite3.OperationalError) no such column: payments.network
[SQL: SELECT payments.id AS payments_id, payments.user_id AS payments_user_id, payments.tx_hash AS payments_tx_hash, payments.amount AS payments_amount, payments.currency AS payments_currency, payments.network AS payments_network, payments.status AS payments_status, payments.error_message AS payments_error_message, payments.verification_method AS payments_verification_method, payments.verification_attempts AS payments_verification_attempts, payments.last_check_at AS payments_last_check_at, payments.created_at AS payments_created_at, payments.verified_at AS payments_verified_at 
FROM payments 
WHERE payments.status = ?]
[parameters: ('pending',)]
(Background on this error at: https://sqlalche.me/e/20/e3q8)
2026-08-17 20:59:10 | ERROR | Periodic check error: (sqlite3.OperationalError) no such column: payments.network
[SQL: SELECT payments.id AS payments_id, payments.user_id AS payments_user_id, payments.tx_hash AS payments_tx_hash, payments.amount AS payments_amount, payments.currency AS payments_currency, payments.network AS payments_network, payments.status AS payments_status, payments.error_message AS payments_error_message, payments.verification_method AS payments_verification_method, payments.verification_attempts AS payments_verification_attempts, payments.last_check_at AS payments_last_check_at, payments.created_at AS payments_created_at, payments.verified_at AS payments_verified_at 
FROM payments 
WHERE payments.status = ?]
[parameters: ('pending',)]
(Background on this error at: https://sqlalche.me/e/20/e3q8)
2026-08-17 20:59:40 | ERROR | Periodic check error: (sqlite3.OperationalError) no such column: payments.network
[SQL: SELECT payments.id AS payments_id, payments.user_id AS payments_user_id, payments.tx_hash AS payments_tx_hash, payments.amount AS payments_amount, payments.currency AS payments_currency, payments.network AS payments_network, payments.status AS payments_status, payments.error_message AS payments_error_message, payments.verification_method AS payments_verification_method, payments.verification_attempts AS payments_verification_attempts, payments.last_check_at AS payments_last_check_at, payments.created_at AS payments_created_at, payments.verified_at AS payments_verified_at 
FROM payments 
WHERE payments.status = ?]
[parameters: ('pending',)]
(Background on this error at: https://sqlalche.me/e/20/e3q8)
2026-08-17 21:00:10 | ERROR | Periodic check error: (sqlite3.OperationalError) no such column: payments.network
[SQL: SELECT payments.id AS payments_id, payments.user_id AS payments_user_id, payments.tx_hash AS payments_tx_hash, payments.amount AS payments_amount, payments.currency AS payments_currency, payments.network AS payments_network, payments.status AS payments_status, payments.error_message AS payments_error_message, payments.verification_method AS payments_verification_method, payments.verification_attempts AS payments_verification_attempts, payments.last_check_at AS payments_last_check_at, payments.created_at AS payments_created_at, payments.verified_at AS payments_verified_at 
FROM payments 
WHERE payments.status = ?]
[parameters: ('pending',)]
(Background on this error at: https://sqlalche.me/e/20/e3q8)
2026-08-17 21:00:40 | ERROR | Periodic check error: (sqlite3.OperationalError) no such column: payments.network
[SQL: SELECT payments.id AS payments_id, payments.user_id AS payments_user_id, payments.tx_hash AS payments_tx_hash, payments.amount AS payments_amount, payments.currency AS payments_currency, payments.network AS payments_network, payments.status AS payments_status, payments.error_message AS payments_error_message, payments.verification_method AS payments_verification_method, payments.verification_attempts AS payments_verification_attempts, payments.last_check_at AS payments_last_check_at, payments.created_at AS payments_created_at, payments.verified_at AS payments_verified_at 
FROM payments 
WHERE payments.status = ?]
[parameters: ('pending',)]
(Background on this error at: https://sqlalche.me/e/20/e3q8)
2026-08-17 21:01:10 | ERROR | Periodic check error: (sqlite3.OperationalError) no such column: payments.network
[SQL: SELECT payments.id AS payments_id, payments.user_id AS payments_user_id, payments.tx_hash AS payments_tx_hash, payments.amount AS payments_amount, payments.currency AS payments_currency, payments.network AS payments_network, payments.status AS payments_status, payments.error_message AS payments_error_message, payments.verification_method AS payments_verification_method, payments.verification_attempts AS payments_verification_attempts, payments.last_check_at AS payments_last_check_at, payments.created_at AS payments_created_at, payments.verified_at AS payments_verified_at 
FROM payments 
WHERE payments.status = ?]
[parameters: ('pending',)]
(Background on this error at: https://sqlalche.me/e/20/e3q8)
2026-08-17 21:01:40 | ERROR | Periodic check error: (sqlite3.OperationalError) no such column: payments.network
[SQL: SELECT payments.id AS payments_id, payments.user_id AS payments_user_id, payments.tx_hash AS payments_tx_hash, payments.amount AS payments_amount, payments.currency AS payments_currency, payments.network AS payments_network, payments.status AS payments_status, payments.error_message AS payments_error_message, payments.verification_method AS payments_verification_method, payments.verification_attempts AS payments_verification_attempts, payments.last_check_at AS payments_last_check_at, payments.created_at AS payments_created_at, payments.verified_at AS payments_verified_at 
FROM payments 
WHERE payments.status = ?]
[parameters: ('pending',)]
(Background on this error at: https://sqlalche.me/e/20/e3q8)
2026-08-17 21:02:10 | ERROR | Periodic check error: (sqlite3.OperationalError) no such column: payments.network
[SQL: SELECT payments.id AS payments_id, payments.user_id AS payments_user_id, payments.tx_hash AS payments_tx_hash, payments.amount AS payments_amount, payments.currency AS payments_currency, payments.network AS payments_network, payments.status AS payments_status, payments.error_message AS payments_error_message, payments.verification_method AS payments_verification_method, payments.verification_attempts AS payments_verification_attempts, payments.last_check_at AS payments_last_check_at, payments.created_at AS payments_created_at, payments.verified_at AS payments_verified_at 
FROM payments 
WHERE payments.status = ?]
[parameters: ('pending',)]
(Background on this error at: https://sqlalche.me/e/20/e3q8)
2026-08-17 21:02:40 | ERROR | Periodic check error: (sqlite3.OperationalError) no such column: payments.network
[SQL: SELECT payments.id AS payments_id, payments.user_id AS payments_user_id, payments.tx_hash AS payments_tx_hash, payments.amount AS payments_amount, payments.currency AS payments_currency, payments.network AS payments_network, payments.status AS payments_status, payments.error_message AS payments_error_message, payments.verification_method AS payments_verification_method, payments.verification_attempts AS payments_verification_attempts, payments.last_check_at AS payments_last_check_at, payments.created_at AS payments_created_at, payments.verified_at AS payments_verified_at 
FROM payments 
WHERE payments.status = ?]
[parameters: ('pending',)]
(Background on this error at: https://sqlalche.me/e/20/e3q8)
2026-08-17 21:03:10 | ERROR | Periodic check error: (sqlite3.OperationalError) no such column: payments.network
[SQL: SELECT payments.id AS payments_id, payments.user_id AS payments_user_id, payments.tx_hash AS payments_tx_hash, payments.amount AS payments_amount, payments.currency AS payments_currency, payments.network AS payments_network, payments.status AS payments_status, payments.error_message AS payments_error_message, payments.verification_method AS payments_verification_method, payments.verification_attempts AS payments_verification_attempts, payments.last_check_at AS payments_last_check_at, payments.created_at AS payments_created_at, payments.verified_at AS payments_verified_at 
FROM payments 
WHERE payments.status = ?]
[parameters: ('pending',)]
(Background on this error at: https://sqlalche.me/e/20/e3q8)
2026-08-17 21:03:40 | ERROR | Periodic check error: (sqlite3.OperationalError) no such column: payments.network
[SQL: SELECT payments.id AS payments_id, payments.user_id AS payments_user_id, payments.tx_hash AS payments_tx_hash, payments.amount AS payments_amount, payments.currency AS payments_currency, payments.network AS payments_network, payments.status AS payments_status, payments.error_message AS payments_error_message, payments.verification_method AS payments_verification_method, payments.verification_attempts AS payments_verification_attempts, payments.last_check_at AS payments_last_check_at, payments.created_at AS payments_created_at, payments.verified_at AS payments_verified_at 
FROM payments 
WHERE payments.status = ?]
[parameters: ('pending',)]
(Background on this error at: https://sqlalche.me/e/20/e3q8)
2026-08-17 21:04:10 | ERROR | Periodic check error: (sqlite3.OperationalError) no such column: payments.network
[SQL: SELECT payments.id AS payments_id, payments.user_id AS payments_user_id, payments.tx_hash AS payments_tx_hash, payments.amount AS payments_amount, payments.currency AS payments_currency, payments.network AS payments_network, payments.status AS payments_status, payments.error_message AS payments_error_message, payments.verification_method AS payments_verification_method, payments.verification_attempts AS payments_verification_attempts, payments.last_check_at AS payments_last_check_at, payments.created_at AS payments_created_at, payments.verified_at AS payments_verified_at 
FROM payments 
WHERE payments.status = ?]
[parameters: ('pending',)]
(Background on this error at: https://sqlalche.me/e/20/e3q8)
2026-08-17 21:04:40 | ERROR | Periodic check error: (sqlite3.OperationalError) no such column: payments.network
[SQL: SELECT payments.id AS payments_id, payments.user_id AS payments_user_id, payments.tx_hash AS payments_tx_hash, payments.amount AS payments_amount, payments.currency AS payments_currency, payments.network AS payments_network, payments.status AS payments_status, payments.error_message AS payments_error_message, payments.verification_method AS payments_verification_method, payments.verification_attempts AS payments_verification_attempts, payments.last_check_at AS payments_last_check_at, payments.created_at AS payments_created_at, payments.verified_at AS payments_verified_at 
FROM payments 
WHERE payments.status = ?]
[parameters: ('pending',)]
(Background on this error at: https://sqlalche.me/e/20/e3q8)
2026-08-17 21:05:10 | ERROR | Periodic check error: (sqlite3.OperationalError) no such column: payments.network
[SQL: SELECT payments.id AS payments_id, payments.user_id AS payments_user_id, payments.tx_hash AS payments_tx_hash, payments.amount AS payments_amount, payments.currency AS payments_currency, payments.network AS payments_network, payments.status AS payments_status, payments.error_message AS payments_error_message, payments.verification_method AS payments_verification_method, payments.verification_attempts AS payments_verification_attempts, payments.last_check_at AS payments_last_check_at, payments.created_at AS payments_created_at, payments.verified_at AS payments_verified_at 
FROM payments 
WHERE payments.status = ?]
[parameters: ('pending',)]
(Background on this error at: https://sqlalche.me/e/20/e3q8)
2026-08-17 21:05:40 | ERROR | Periodic check error: (sqlite3.OperationalError) no such column: payments.network
[SQL: SELECT payments.id AS payments_id, payments.user_id AS payments_user_id, payments.tx_hash AS payments_tx_hash, payments.amount AS payments_amount, payments.currency AS payments_currency, payments.network AS payments_network, payments.status AS payments_status, payments.error_message AS payments_error_message, payments.verification_method AS payments_verification_method, payments.verification_attempts AS payments_verification_attempts, payments.last_check_at AS payments_last_check_at, payments.created_at AS payments_created_at, payments.verified_at AS payments_verified_at 
FROM payments 
WHERE payments.status = ?]
[parameters: ('pending',)]
(Background on this error at: https://sqlalche.me/e/20/e3q8)
2026-08-17 21:06:10 | ERROR | Periodic check error: (sqlite3.OperationalError) no such column: payments.network
[SQL: SELECT payments.id AS payments_id, payments.user_id AS payments_user_id, payments.tx_hash AS payments_tx_hash, payments.amount AS payments_amount, payments.currency AS payments_currency, payments.network AS payments_network, payments.status AS payments_status, payments.error_message AS payments_error_message, payments.verification_method AS payments_verification_method, payments.verification_attempts AS payments_verification_attempts, payments.last_check_at AS payments_last_check_at, payments.created_at AS payments_created_at, payments.verified_at AS payments_verified_at 
FROM payments 
WHERE payments.status = ?]
[parameters: ('pending',)]
(Background on this error at: https://sqlalche.me/e/20/e3q8)
2026-08-17 21:06:40 | ERROR | Periodic check error: (sqlite3.OperationalError) no such column: payments.network
[SQL: SELECT payments.id AS payments_id, payments.user_id AS payments_user_id, payments.tx_hash AS payments_tx_hash, payments.amount AS payments_amount, payments.currency AS payments_currency, payments.network AS payments_network, payments.status AS payments_status, payments.error_message AS payments_error_message, payments.verification_method AS payments_verification_method, payments.verification_attempts AS payments_verification_attempts, payments.last_check_at AS payments_last_check_at, payments.created_at AS payments_created_at, payments.verified_at AS payments_verified_at 
FROM payments 
WHERE payments.status = ?]
[parameters: ('pending',)]
(Background on this error at: https://sqlalche.me/e/20/e3q8)
2026-08-17 21:07:10 | ERROR | Periodic check error: (sqlite3.OperationalError) no such column: payments.network
[SQL: SELECT payments.id AS payments_id, payments.user_id AS payments_user_id, payments.tx_hash AS payments_tx_hash, payments.amount AS payments_amount, payments.currency AS payments_currency, payments.network AS payments_network, payments.status AS payments_status, payments.error_message AS payments_error_message, payments.verification_method AS payments_verification_method, payments.verification_attempts AS payments_verification_attempts, payments.last_check_at AS payments_last_check_at, payments.created_at AS payments_created_at, payments.verified_at AS payments_verified_at 
FROM payments 
WHERE payments.status = ?]
[parameters: ('pending',)]
(Background on this error at: https://sqlalche.me/e/20/e3q8)
2026-08-17 21:07:40 | ERROR | Periodic check error: (sqlite3.OperationalError) no such column: payments.network
[SQL: SELECT payments.id AS payments_id, payments.user_id AS payments_user_id, payments.tx_hash AS payments_tx_hash, payments.amount AS payments_amount, payments.currency AS payments_currency, payments.network AS payments_network, payments.status AS payments_status, payments.error_message AS payments_error_message, payments.verification_method AS payments_verification_method, payments.verification_attempts AS payments_verification_attempts, payments.last_check_at AS payments_last_check_at, payments.created_at AS payments_created_at, payments.verified_at AS payments_verified_at 
FROM payments 
WHERE payments.status = ?]
[parameters: ('pending',)]
(Background on this error at: https://sqlalche.me/e/20/e3q8)
2026-08-17 21:08:10 | ERROR | Periodic check error: (sqlite3.OperationalError) no such column: payments.network
[SQL: SELECT payments.id AS payments_id, payments.user_id AS payments_user_id, payments.tx_hash AS payments_tx_hash, payments.amount AS payments_amount, payments.currency AS payments_currency, payments.network AS payments_network, payments.status AS payments_status, payments.error_message AS payments_error_message, payments.verification_method AS payments_verification_method, payments.verification_attempts AS payments_verification_attempts, payments.last_check_at AS payments_last_check_at, payments.created_at AS payments_created_at, payments.verified_at AS payments_verified_at 
FROM payments 
WHERE payments.status = ?]
[parameters: ('pending',)]
(Background on this error at: https://sqlalche.me/e/20/e3q8)
2026-08-17 21:08:40 | ERROR | Periodic check error: (sqlite3.OperationalError) no such column: payments.network
[SQL: SELECT payments.id AS payments_id, payments.user_id AS payments_user_id, payments.tx_hash AS payments_tx_hash, payments.amount AS payments_amount, payments.currency AS payments_currency, payments.network AS payments_network, payments.status AS payments_status, payments.error_message AS payments_error_message, payments.verification_method AS payments_verification_method, payments.verification_attempts AS payments_verification_attempts, payments.last_check_at AS payments_last_check_at, payments.created_at AS payments_created_at, payments.verified_at AS payments_verified_at 
FROM payments 
WHERE payments.status = ?]
[parameters: ('pending',)]
(Background on this error at: https://sqlalche.me/e/20/e3q8)
2026-08-17 21:09:10 | ERROR | Periodic check error: (sqlite3.OperationalError) no such column: payments.network
[SQL: SELECT payments.id AS payments_id, payments.user_id AS payments_user_id, payments.tx_hash AS payments_tx_hash, payments.amount AS payments_amount, payments.currency AS payments_currency, payments.network AS payments_network, payments.status AS payments_status, payments.error_message AS payments_error_message, payments.verification_method AS payments_verification_method, payments.verification_attempts AS payments_verification_attempts, payments.last_check_at AS payments_last_check_at, payments.created_at AS payments_created_at, payments.verified_at AS payments_verified_at 
FROM payments 
WHERE payments.status = ?]
[parameters: ('pending',)]
(Background on this error at: https://sqlalche.me/e/20/e3q8)
2026-08-17 21:09:40 | ERROR | Periodic check error: (sqlite3.OperationalError) no such column: payments.network
[SQL: SELECT payments.id AS payments_id, payments.user_id AS payments_user_id, payments.tx_hash AS payments_tx_hash, payments.amount AS payments_amount, payments.currency AS payments_currency, payments.network AS payments_network, payments.status AS payments_status, payments.error_message AS payments_error_message, payments.verification_method AS payments_verification_method, payments.verification_attempts AS payments_verification_attempts, payments.last_check_at AS payments_last_check_at, payments.created_at AS payments_created_at, payments.verified_at AS payments_verified_at 
FROM payments 
WHERE payments.status = ?]
[parameters: ('pending',)]
(Background on this error at: https://sqlalche.me/e/20/e3q8)
2026-08-17 21:10:10 | ERROR | Periodic check error: (sqlite3.OperationalError) no such column: payments.network
[SQL: SELECT payments.id AS payments_id, payments.user_id AS payments_user_id, payments.tx_hash AS payments_tx_hash, payments.amount AS payments_amount, payments.currency AS payments_currency, payments.network AS payments_network, payments.status AS payments_status, payments.error_message AS payments_error_message, payments.verification_method AS payments_verification_method, payments.verification_attempts AS payments_verification_attempts, payments.last_check_at AS payments_last_check_at, payments.created_at AS payments_created_at, payments.verified_at AS payments_verified_at 
FROM payments 
WHERE payments.status = ?]
[parameters: ('pending',)]
(Background on this error at: https://sqlalche.me/e/20/e3q8)
2026-08-17 21:10:40 | ERROR | Periodic check error: (sqlite3.OperationalError) no such column: payments.network
[SQL: SELECT payments.id AS payments_id, payments.user_id AS payments_user_id, payments.tx_hash AS payments_tx_hash, payments.amount AS payments_amount, payments.currency AS payments_currency, payments.network AS payments_network, payments.status AS payments_status, payments.error_message AS payments_error_message, payments.verification_method AS payments_verification_method, payments.verification_attempts AS payments_verification_attempts, payments.last_check_at AS payments_last_check_at, payments.created_at AS payments_created_at, payments.verified_at AS payments_verified_at 
FROM payments 
WHERE payments.status = ?]
[parameters: ('pending',)]
(Background on this error at: https://sqlalche.me/e/20/e3q8)
2026-08-17 21:11:10 | ERROR | Periodic check error: (sqlite3.OperationalError) no such column: payments.network
[SQL: SELECT payments.id AS payments_id, payments.user_id AS payments_user_id, payments.tx_hash AS payments_tx_hash, payments.amount AS payments_amount, payments.currency AS payments_currency, payments.network AS payments_network, payments.status AS payments_status, payments.error_message AS payments_error_message, payments.verification_method AS payments_verification_method, payments.verification_attempts AS payments_verification_attempts, payments.last_check_at AS payments_last_check_at, payments.created_at AS payments_created_at, payments.verified_at AS payments_verified_at 
FROM payments 
WHERE payments.status = ?]
[parameters: ('pending',)]
(Background on this error at: https://sqlalche.me/e/20/e3q8)
2026-08-17 21:11:40 | ERROR | Periodic check error: (sqlite3.OperationalError) no such column: payments.network
[SQL: SELECT payments.id AS payments_id, payments.user_id AS payments_user_id, payments.tx_hash AS payments_tx_hash, payments.amount AS payments_amount, payments.currency AS payments_currency, payments.network AS payments_network, payments.status AS payments_status, payments.error_message AS payments_error_message, payments.verification_method AS payments_verification_method, payments.verification_attempts AS payments_verification_attempts, payments.last_check_at AS payments_last_check_at, payments.created_at AS payments_created_at, payments.verified_at AS payments_verified_at 
FROM payments 
WHERE payments.status = ?]
[parameters: ('pending',)]
(Background on this error at: https://sqlalche.me/e/20/e3q8)
2026-08-17 21:12:10 | ERROR | Periodic check error: (sqlite3.OperationalError) no such column: payments.network
[SQL: SELECT payments.id AS payments_id, payments.user_id AS payments_user_id, payments.tx_hash AS payments_tx_hash, payments.amount AS payments_amount, payments.currency AS payments_currency, payments.network AS payments_network, payments.status AS payments_status, payments.error_message AS payments_error_message, payments.verification_method AS payments_verification_method, payments.verification_attempts AS payments_verification_attempts, payments.last_check_at AS payments_last_check_at, payments.created_at AS payments_created_at, payments.verified_at AS payments_verified_at 
FROM payments 
WHERE payments.status = ?]
[parameters: ('pending',)]
(Background on this error at: https://sqlalche.me/e/20/e3q8)
2026-08-17 21:12:40 | ERROR | Periodic check error: (sqlite3.OperationalError) no such column: payments.network
[SQL: SELECT payments.id AS payments_id, payments.user_id AS payments_user_id, payments.tx_hash AS payments_tx_hash, payments.amount AS payments_amount, payments.currency AS payments_currency, payments.network AS payments_network, payments.status AS payments_status, payments.error_message AS payments_error_message, payments.verification_method AS payments_verification_method, payments.verification_attempts AS payments_verification_attempts, payments.last_check_at AS payments_last_check_at, payments.created_at AS payments_created_at, payments.verified_at AS payments_verified_at 
FROM payments 
WHERE payments.status = ?]
[parameters: ('pending',)]
(Background on this error at: https://sqlalche.me/e/20/e3q8)
2026-08-17 21:13:10 | ERROR | Periodic check error: (sqlite3.OperationalError) no such column: payments.network
[SQL: SELECT payments.id AS payments_id, payments.user_id AS payments_user_id, payments.tx_hash AS payments_tx_hash, payments.amount AS payments_amount, payments.currency AS payments_currency, payments.network AS payments_network, payments.status AS payments_status, payments.error_message AS payments_error_message, payments.verification_method AS payments_verification_method, payments.verification_attempts AS payments_verification_attempts, payments.last_check_at AS payments_last_check_at, payments.created_at AS payments_created_at, payments.verified_at AS payments_verified_at 
FROM payments 
WHERE payments.status = ?]
[parameters: ('pending',)]
(Background on this error at: https://sqlalche.me/e/20/e3q8)
2026-08-17 21:13:40 | ERROR | Periodic check error: (sqlite3.OperationalError) no such column: payments.network
[SQL: SELECT payments.id AS payments_id, payments.user_id AS payments_user_id, payments.tx_hash AS payments_tx_hash, payments.amount AS payments_amount, payments.currency AS payments_currency, payments.network AS payments_network, payments.status AS payments_status, payments.error_message AS payments_error_message, payments.verification_method AS payments_verification_method, payments.verification_attempts AS payments_verification_attempts, payments.last_check_at AS payments_last_check_at, payments.created_at AS payments_created_at, payments.verified_at AS payments_verified_at 
FROM payments 
WHERE payments.status = ?]
[parameters: ('pending',)]
(Background on this error at: https://sqlalche.me/e/20/e3q8)
2026-08-17 21:14:10 | ERROR | Periodic check error: (sqlite3.OperationalError) no such column: payments.network
[SQL: SELECT payments.id AS payments_id, payments.user_id AS payments_user_id, payments.tx_hash AS payments_tx_hash, payments.amount AS payments_amount, payments.currency AS payments_currency, payments.network AS payments_network, payments.status AS payments_status, payments.error_message AS payments_error_message, payments.verification_method AS payments_verification_method, payments.verification_attempts AS payments_verification_attempts, payments.last_check_at AS payments_last_check_at, payments.created_at AS payments_created_at, payments.verified_at AS payments_verified_at 
FROM payments 
WHERE payments.status = ?]
[parameters: ('pending',)]
(Background on this error at: https://sqlalche.me/e/20/e3q8)
2026-08-17 21:14:40 | ERROR | Periodic check error: (sqlite3.OperationalError) no such column: payments.network
[SQL: SELECT payments.id AS payments_id, payments.user_id AS payments_user_id, payments.tx_hash AS payments_tx_hash, payments.amount AS payments_amount, payments.currency AS payments_currency, payments.network AS payments_network, payments.status AS payments_status, payments.error_message AS payments_error_message, payments.verification_method AS payments_verification_method, payments.verification_attempts AS payments_verification_attempts, payments.last_check_at AS payments_last_check_at, payments.created_at AS payments_created_at, payments.verified_at AS payments_verified_at 
FROM payments 
WHERE payments.status = ?]
[parameters: ('pending',)]
(Background on this error at: https://sqlalche.me/e/20/e3q8)
2026-08-17 21:15:10 | ERROR | Periodic check error: (sqlite3.OperationalError) no such column: payments.network
[SQL: SELECT payments.id AS payments_id, payments.user_id AS payments_user_id, payments.tx_hash AS payments_tx_hash, payments.amount AS payments_amount, payments.currency AS payments_currency, payments.network AS payments_network, payments.status AS payments_status, payments.error_message AS payments_error_message, payments.verification_method AS payments_verification_method, payments.verification_attempts AS payments_verification_attempts, payments.last_check_at AS payments_last_check_at, payments.created_at AS payments_created_at, payments.verified_at AS payments_verified_at 
FROM payments 
WHERE payments.status = ?]
[parameters: ('pending',)]
(Background on this error at: https://sqlalche.me/e/20/e3q8)
2026-08-17 21:15:40 | ERROR | Periodic check error: (sqlite3.OperationalError) no such column: payments.network
[SQL: SELECT payments.id AS payments_id, payments.user_id AS payments_user_id, payments.tx_hash AS payments_tx_hash, payments.amount AS payments_amount, payments.currency AS payments_currency, payments.network AS payments_network, payments.status AS payments_status, payments.error_message AS payments_error_message, payments.verification_method AS payments_verification_method, payments.verification_attempts AS payments_verification_attempts, payments.last_check_at AS payments_last_check_at, payments.created_at AS payments_created_at, payments.verified_at AS payments_verified_at 
FROM payments 
WHERE payments.status = ?]
[parameters: ('pending',)]
(Background on this error at: https://sqlalche.me/e/20/e3q8)
2026-08-17 21:16:10 | ERROR | Periodic check error: (sqlite3.OperationalError) no such column: payments.network
[SQL: SELECT payments.id AS payments_id, payments.user_id AS payments_user_id, payments.tx_hash AS payments_tx_hash, payments.amount AS payments_amount, payments.currency AS payments_currency, payments.network AS payments_network, payments.status AS payments_status, payments.error_message AS payments_error_message, payments.verification_method AS payments_verification_method, payments.verification_attempts AS payments_verification_attempts, payments.last_check_at AS payments_last_check_at, payments.created_at AS payments_created_at, payments.verified_at AS payments_verified_at 
FROM payments 
WHERE payments.status = ?]
[parameters: ('pending',)]
(Background on this error at: https://sqlalche.me/e/20/e3q8)
2026-08-17 21:16:40 | ERROR | Periodic check error: (sqlite3.OperationalError) no such column: payments.network
[SQL: SELECT payments.id AS payments_id, payments.user_id AS payments_user_id, payments.tx_hash AS payments_tx_hash, payments.amount AS payments_amount, payments.currency AS payments_currency, payments.network AS payments_network, payments.status AS payments_status, payments.error_message AS payments_error_message, payments.verification_method AS payments_verification_method, payments.verification_attempts AS payments_verification_attempts, payments.last_check_at AS payments_last_check_at, payments.created_at AS payments_created_at, payments.verified_at AS payments_verified_at 
FROM payments 
WHERE payments.status = ?]
[parameters: ('pending',)]
(Background on this error at: https://sqlalche.me/e/20/e3q8)
2026-08-17 21:17:10 | ERROR | Periodic check error: (sqlite3.OperationalError) no such column: payments.network
[SQL: SELECT payments.id AS payments_id, payments.user_id AS payments_user_id, payments.tx_hash AS payments_tx_hash, payments.amount AS payments_amount, payments.currency AS payments_currency, payments.network AS payments_network, payments.status AS payments_status, payments.error_message AS payments_error_message, payments.verification_method AS payments_verification_method, payments.verification_attempts AS payments_verification_attempts, payments.last_check_at AS payments_last_check_at, payments.created_at AS payments_created_at, payments.verified_at AS payments_verified_at 
FROM payments 
WHERE payments.status = ?]
[parameters: ('pending',)]
(Background on this error at: https://sqlalche.me/e/20/e3q8)
2026-08-17 21:17:40 | ERROR | Periodic check error: (sqlite3.OperationalError) no such column: payments.network
[SQL: SELECT payments.id AS payments_id, payments.user_id AS payments_user_id, payments.tx_hash AS payments_tx_hash, payments.amount AS payments_amount, payments.currency AS payments_currency, payments.network AS payments_network, payments.status AS payments_status, payments.error_message AS payments_error_message, payments.verification_method AS payments_verification_method, payments.verification_attempts AS payments_verification_attempts, payments.last_check_at AS payments_last_check_at, payments.created_at AS payments_created_at, payments.verified_at AS payments_verified_at 
FROM payments 
WHERE payments.status = ?]
[parameters: ('pending',)]
(Background on this error at: https://sqlalche.me/e/20/e3q8)
2026-08-17 21:18:10 | ERROR | Periodic check error: (sqlite3.OperationalError) no such column: payments.network
[SQL: SELECT payments.id AS payments_id, payments.user_id AS payments_user_id, payments.tx_hash AS payments_tx_hash, payments.amount AS payments_amount, payments.currency AS payments_currency, payments.network AS payments_network, payments.status AS payments_status, payments.error_message AS payments_error_message, payments.verification_method AS payments_verification_method, payments.verification_attempts AS payments_verification_attempts, payments.last_check_at AS payments_last_check_at, payments.created_at AS payments_created_at, payments.verified_at AS payments_verified_at 
FROM payments 
WHERE payments.status = ?]
[parameters: ('pending',)]
(Background on this error at: https://sqlalche.me/e/20/e3q8)
2026-08-17 21:18:40 | ERROR | Periodic check error: (sqlite3.OperationalError) no such column: payments.network
[SQL: SELECT payments.id AS payments_id, payments.user_id AS payments_user_id, payments.tx_hash AS payments_tx_hash, payments.amount AS payments_amount, payments.currency AS payments_currency, payments.network AS payments_network, payments.status AS payments_status, payments.error_message AS payments_error_message, payments.verification_method AS payments_verification_method, payments.verification_attempts AS payments_verification_attempts, payments.last_check_at AS payments_last_check_at, payments.created_at AS payments_created_at, payments.verified_at AS payments_verified_at 
FROM payments 
WHERE payments.status = ?]
[parameters: ('pending',)]
(Background on this error at: https://sqlalche.me/e/20/e3q8)
2026-08-17 21:19:10 | ERROR | Periodic check error: (sqlite3.OperationalError) no such column: payments.network
[SQL: SELECT payments.id AS payments_id, payments.user_id AS payments_user_id, payments.tx_hash AS payments_tx_hash, payments.amount AS payments_amount, payments.currency AS payments_currency, payments.network AS payments_network, payments.status AS payments_status, payments.error_message AS payments_error_message, payments.verification_method AS payments_verification_method, payments.verification_attempts AS payments_verification_attempts, payments.last_check_at AS payments_last_check_at, payments.created_at AS payments_created_at, payments.verified_at AS payments_verified_at 
FROM payments 
WHERE payments.status = ?]
[parameters: ('pending',)]
(Background on this error at: https://sqlalche.me/e/20/e3q8)
2026-08-17 21:19:40 | ERROR | Periodic check error: (sqlite3.OperationalError) no such column: payments.network
[SQL: SELECT payments.id AS payments_id, payments.user_id AS payments_user_id, payments.tx_hash AS payments_tx_hash, payments.amount AS payments_amount, payments.currency AS payments_currency, payments.network AS payments_network, payments.status AS payments_status, payments.error_message AS payments_error_message, payments.verification_method AS payments_verification_method, payments.verification_attempts AS payments_verification_attempts, payments.last_check_at AS payments_last_check_at, payments.created_at AS payments_created_at, payments.verified_at AS payments_verified_at 
FROM payments 
WHERE payments.status = ?]
[parameters: ('pending',)]
(Background on this error at: https://sqlalche.me/e/20/e3q8)
2026-08-17 21:20:10 | ERROR | Periodic check error: (sqlite3.OperationalError) no such column: payments.network
[SQL: SELECT payments.id AS payments_id, payments.user_id AS payments_user_id, payments.tx_hash AS payments_tx_hash, payments.amount AS payments_amount, payments.currency AS payments_currency, payments.network AS payments_network, payments.status AS payments_status, payments.error_message AS payments_error_message, payments.verification_method AS payments_verification_method, payments.verification_attempts AS payments_verification_attempts, payments.last_check_at AS payments_last_check_at, payments.created_at AS payments_created_at, payments.verified_at AS payments_verified_at 
FROM payments 
WHERE payments.status = ?]
[parameters: ('pending',)]
(Background on this error at: https://sqlalche.me/e/20/e3q8)
2026-08-17 21:20:40 | ERROR | Periodic check error: (sqlite3.OperationalError) no such column: payments.network
[SQL: SELECT payments.id AS payments_id, payments.user_id AS payments_user_id, payments.tx_hash AS payments_tx_hash, payments.amount AS payments_amount, payments.currency AS payments_currency, payments.network AS payments_network, payments.status AS payments_status, payments.error_message AS payments_error_message, payments.verification_method AS payments_verification_method, payments.verification_attempts AS payments_verification_attempts, payments.last_check_at AS payments_last_check_at, payments.created_at AS payments_created_at, payments.verified_at AS payments_verified_at 
FROM payments 
WHERE payments.status = ?]
[parameters: ('pending',)]
(Background on this error at: https://sqlalche.me/e/20/e3q8)
2026-08-17 21:21:10 | ERROR | Periodic check error: (sqlite3.OperationalError) no such column: payments.network
[SQL: SELECT payments.id AS payments_id, payments.user_id AS payments_user_id, payments.tx_hash AS payments_tx_hash, payments.amount AS payments_amount, payments.currency AS payments_currency, payments.network AS payments_network, payments.status AS payments_status, payments.error_message AS payments_error_message, payments.verification_method AS payments_verification_method, payments.verification_attempts AS payments_verification_attempts, payments.last_check_at AS payments_last_check_at, payments.created_at AS payments_created_at, payments.verified_at AS payments_verified_at 
FROM payments 
WHERE payments.status = ?]
[parameters: ('pending',)]
(Background on this error at: https://sqlalche.me/e/20/e3q8)
2026-08-17 21:21:40 | ERROR | Periodic check error: (sqlite3.OperationalError) no such column: payments.network
[SQL: SELECT payments.id AS payments_id, payments.user_id AS payments_user_id, payments.tx_hash AS payments_tx_hash, payments.amount AS payments_amount, payments.currency AS payments_currency, payments.network AS payments_network, payments.status AS payments_status, payments.error_message AS payments_error_message, payments.verification_method AS payments_verification_method, payments.verification_attempts AS payments_verification_attempts, payments.last_check_at AS payments_last_check_at, payments.created_at AS payments_created_at, payments.verified_at AS payments_verified_at 
FROM payments 
WHERE payments.status = ?]
[parameters: ('pending',)]
(Background on this error at: https://sqlalche.me/e/20/e3q8)
2026-08-17 21:22:10 | ERROR | Periodic check error: (sqlite3.OperationalError) no such column: payments.network
[SQL: SELECT payments.id AS payments_id, payments.user_id AS payments_user_id, payments.tx_hash AS payments_tx_hash, payments.amount AS payments_amount, payments.currency AS payments_currency, payments.network AS payments_network, payments.status AS payments_status, payments.error_message AS payments_error_message, payments.verification_method AS payments_verification_method, payments.verification_attempts AS payments_verification_attempts, payments.last_check_at AS payments_last_check_at, payments.created_at AS payments_created_at, payments.verified_at AS payments_verified_at 
FROM payments 
WHERE payments.status = ?]
[parameters: ('pending',)]
(Background on this error at: https://sqlalche.me/e/20/e3q8)
2026-08-17 21:22:41 | ERROR | Periodic check error: (sqlite3.OperationalError) no such column: payments.network
[SQL: SELECT payments.id AS payments_id, payments.user_id AS payments_user_id, payments.tx_hash AS payments_tx_hash, payments.amount AS payments_amount, payments.currency AS payments_currency, payments.network AS payments_network, payments.status AS payments_status, payments.error_message AS payments_error_message, payments.verification_method AS payments_verification_method, payments.verification_attempts AS payments_verification_attempts, payments.last_check_at AS payments_last_check_at, payments.created_at AS payments_created_at, payments.verified_at AS payments_verified_at 
FROM payments 
WHERE payments.status = ?]
[parameters: ('pending',)]
(Background on this error at: https://sqlalche.me/e/20/e3q8)
2026-08-17 21:23:11 | ERROR | Periodic check error: (sqlite3.OperationalError) no such column: payments.network
[SQL: SELECT payments.id AS payments_id, payments.user_id AS payments_user_id, payments.tx_hash AS payments_tx_hash, payments.amount AS payments_amount, payments.currency AS payments_currency, payments.network AS payments_network, payments.status AS payments_status, payments.error_message AS payments_error_message, payments.verification_method AS payments_verification_method, payments.verification_attempts AS payments_verification_attempts, payments.last_check_at AS payments_last_check_at, payments.created_at AS payments_created_at, payments.verified_at AS payments_verified_at 
FROM payments 
WHERE payments.status = ?]
[parameters: ('pending',)]
(Background on this error at: https://sqlalche.me/e/20/e3q8)
2026-08-17 21:23:41 | ERROR | Periodic check error: (sqlite3.OperationalError) no such column: payments.network
[SQL: SELECT payments.id AS payments_id, payments.user_id AS payments_user_id, payments.tx_hash AS payments_tx_hash, payments.amount AS payments_amount, payments.currency AS payments_currency, payments.network AS payments_network, payments.status AS payments_status, payments.error_message AS payments_error_message, payments.verification_method AS payments_verification_method, payments.verification_attempts AS payments_verification_attempts, payments.last_check_at AS payments_last_check_at, payments.created_at AS payments_created_at, payments.verified_at AS payments_verified_at 
FROM payments 
WHERE payments.status = ?]
[parameters: ('pending',)]
(Background on this error at: https://sqlalche.me/e/20/e3q8)
2026-08-17 21:24:11 | ERROR | Periodic check error: (sqlite3.OperationalError) no such column: payments.network
[SQL: SELECT payments.id AS payments_id, payments.user_id AS payments_user_id, payments.tx_hash AS payments_tx_hash, payments.amount AS payments_amount, payments.currency AS payments_currency, payments.network AS payments_network, payments.status AS payments_status, payments.error_message AS payments_error_message, payments.verification_method AS payments_verification_method, payments.verification_attempts AS payments_verification_attempts, payments.last_check_at AS payments_last_check_at, payments.created_at AS payments_created_at, payments.verified_at AS payments_verified_at 
FROM payments 
WHERE payments.status = ?]
[parameters: ('pending',)]
(Background on this error at: https://sqlalche.me/e/20/e3q8)
2026-08-17 21:24:41 | ERROR | Periodic check error: (sqlite3.OperationalError) no such column: payments.network
[SQL: SELECT payments.id AS payments_id, payments.user_id AS payments_user_id, payments.tx_hash AS payments_tx_hash, payments.amount AS payments_amount, payments.currency AS payments_currency, payments.network AS payments_network, payments.status AS payments_status, payments.error_message AS payments_error_message, payments.verification_method AS payments_verification_method, payments.verification_attempts AS payments_verification_attempts, payments.last_check_at AS payments_last_check_at, payments.created_at AS payments_created_at, payments.verified_at AS payments_verified_at 
FROM payments 
WHERE payments.status = ?]
[parameters: ('pending',)]
(Background on this error at: https://sqlalche.me/e/20/e3q8)
2026-08-17 21:25:11 | ERROR | Periodic check error: (sqlite3.OperationalError) no such column: payments.network
[SQL: SELECT payments.id AS payments_id, payments.user_id AS payments_user_id, payments.tx_hash AS payments_tx_hash, payments.amount AS payments_amount, payments.currency AS payments_currency, payments.network AS payments_network, payments.status AS payments_status, payments.error_message AS payments_error_message, payments.verification_method AS payments_verification_method, payments.verification_attempts AS payments_verification_attempts, payments.last_check_at AS payments_last_check_at, payments.created_at AS payments_created_at, payments.verified_at AS payments_verified_at 
FROM payments 
WHERE payments.status = ?]
[parameters: ('pending',)]
(Background on this error at: https://sqlalche.me/e/20/e3q8)
2026-08-17 21:25:41 | ERROR | Periodic check error: (sqlite3.OperationalError) no such column: payments.network
[SQL: SELECT payments.id AS payments_id, payments.user_id AS payments_user_id, payments.tx_hash AS payments_tx_hash, payments.amount AS payments_amount, payments.currency AS payments_currency, payments.network AS payments_network, payments.status AS payments_status, payments.error_message AS payments_error_message, payments.verification_method AS payments_verification_method, payments.verification_attempts AS payments_verification_attempts, payments.last_check_at AS payments_last_check_at, payments.created_at AS payments_created_at, payments.verified_at AS payments_verified_at 
FROM payments 
WHERE payments.status = ?]
[parameters: ('pending',)]
(Background on this error at: https://sqlalche.me/e/20/e3q8)
2026-08-17 21:26:11 | ERROR | Periodic check error: (sqlite3.OperationalError) no such column: payments.network
[SQL: SELECT payments.id AS payments_id, payments.user_id AS payments_user_id, payments.tx_hash AS payments_tx_hash, payments.amount AS payments_amount, payments.currency AS payments_currency, payments.network AS payments_network, payments.status AS payments_status, payments.error_message AS payments_error_message, payments.verification_method AS payments_verification_method, payments.verification_attempts AS payments_verification_attempts, payments.last_check_at AS payments_last_check_at, payments.created_at AS payments_created_at, payments.verified_at AS payments_verified_at 
FROM payments 
WHERE payments.status = ?]
[parameters: ('pending',)]
(Background on this error at: https://sqlalche.me/e/20/e3q8)
2026-08-17 21:26:41 | ERROR | Periodic check error: (sqlite3.OperationalError) no such column: payments.network
[SQL: SELECT payments.id AS payments_id, payments.user_id AS payments_user_id, payments.tx_hash AS payments_tx_hash, payments.amount AS payments_amount, payments.currency AS payments_currency, payments.network AS payments_network, payments.status AS payments_status, payments.error_message AS payments_error_message, payments.verification_method AS payments_verification_method, payments.verification_attempts AS payments_verification_attempts, payments.last_check_at AS payments_last_check_at, payments.created_at AS payments_created_at, payments.verified_at AS payments_verified_at 
FROM payments 
WHERE payments.status = ?]
[parameters: ('pending',)]
(Background on this error at: https://sqlalche.me/e/20/e3q8)
2026-08-17 21:27:11 | ERROR | Periodic check error: (sqlite3.OperationalError) no such column: payments.network
[SQL: SELECT payments.id AS payments_id, payments.user_id AS payments_user_id, payments.tx_hash AS payments_tx_hash, payments.amount AS payments_amount, payments.currency AS payments_currency, payments.network AS payments_network, payments.status AS payments_status, payments.error_message AS payments_error_message, payments.verification_method AS payments_verification_method, payments.verification_attempts AS payments_verification_attempts, payments.last_check_at AS payments_last_check_at, payments.created_at AS payments_created_at, payments.verified_at AS payments_verified_at 
FROM payments 
WHERE payments.status = ?]
[parameters: ('pending',)]
(Background on this error at: https://sqlalche.me/e/20/e3q8)
2026-08-17 21:27:41 | ERROR | Periodic check error: (sqlite3.OperationalError) no such column: payments.network
[SQL: SELECT payments.id AS payments_id, payments.user_id AS payments_user_id, payments.tx_hash AS payments_tx_hash, payments.amount AS payments_amount, payments.currency AS payments_currency, payments.network AS payments_network, payments.status AS payments_status, payments.error_message AS payments_error_message, payments.verification_method AS payments_verification_method, payments.verification_attempts AS payments_verification_attempts, payments.last_check_at AS payments_last_check_at, payments.created_at AS payments_created_at, payments.verified_at AS payments_verified_at 
FROM payments 
WHERE payments.status = ?]
[parameters: ('pending',)]
(Background on this error at: https://sqlalche.me/e/20/e3q8)
2026-08-17 21:28:11 | ERROR | Periodic check error: (sqlite3.OperationalError) no such column: payments.network
[SQL: SELECT payments.id AS payments_id, payments.user_id AS payments_user_id, payments.tx_hash AS payments_tx_hash, payments.amount AS payments_amount, payments.currency AS payments_currency, payments.network AS payments_network, payments.status AS payments_status, payments.error_message AS payments_error_message, payments.verification_method AS payments_verification_method, payments.verification_attempts AS payments_verification_attempts, payments.last_check_at AS payments_last_check_at, payments.created_at AS payments_created_at, payments.verified_at AS payments_verified_at 
FROM payments 
WHERE payments.status = ?]
[parameters: ('pending',)]
(Background on this error at: https://sqlalche.me/e/20/e3q8)
2026-08-17 21:28:41 | ERROR | Periodic check error: (sqlite3.OperationalError) no such column: payments.network
[SQL: SELECT payments.id AS payments_id, payments.user_id AS payments_user_id, payments.tx_hash AS payments_tx_hash, payments.amount AS payments_amount, payments.currency AS payments_currency, payments.network AS payments_network, payments.status AS payments_status, payments.error_message AS payments_error_message, payments.verification_method AS payments_verification_method, payments.verification_attempts AS payments_verification_attempts, payments.last_check_at AS payments_last_check_at, payments.created_at AS payments_created_at, payments.verified_at AS payments_verified_at 
FROM payments 
WHERE payments.status = ?]
[parameters: ('pending',)]
(Background on this error at: https://sqlalche.me/e/20/e3q8)
2026-08-17 21:29:11 | ERROR | Periodic check error: (sqlite3.OperationalError) no such column: payments.network
[SQL: SELECT payments.id AS payments_id, payments.user_id AS payments_user_id, payments.tx_hash AS payments_tx_hash, payments.amount AS payments_amount, payments.currency AS payments_currency, payments.network AS payments_network, payments.status AS payments_status, payments.error_message AS payments_error_message, payments.verification_method AS payments_verification_method, payments.verification_attempts AS payments_verification_attempts, payments.last_check_at AS payments_last_check_at, payments.created_at AS payments_created_at, payments.verified_at AS payments_verified_at 
FROM payments 
WHERE payments.status = ?]
[parameters: ('pending',)]
(Background on this error at: https://sqlalche.me/e/20/e3q8)
2026-08-17 21:29:41 | ERROR | Periodic check error: (sqlite3.OperationalError) no such column: payments.network
[SQL: SELECT payments.id AS payments_id, payments.user_id AS payments_user_id, payments.tx_hash AS payments_tx_hash, payments.amount AS payments_amount, payments.currency AS payments_currency, payments.network AS payments_network, payments.status AS payments_status, payments.error_message AS payments_error_message, payments.verification_method AS payments_verification_method, payments.verification_attempts AS payments_verification_attempts, payments.last_check_at AS payments_last_check_at, payments.created_at AS payments_created_at, payments.verified_at AS payments_verified_at 
FROM payments 
WHERE payments.status = ?]
[parameters: ('pending',)]
(Background on this error at: https://sqlalche.me/e/20/e3q8)
2026-08-17 21:30:11 | ERROR | Periodic check error: (sqlite3.OperationalError) no such column: payments.network
[SQL: SELECT payments.id AS payments_id, payments.user_id AS payments_user_id, payments.tx_hash AS payments_tx_hash, payments.amount AS payments_amount, payments.currency AS payments_currency, payments.network AS payments_network, payments.status AS payments_status, payments.error_message AS payments_error_message, payments.verification_method AS payments_verification_method, payments.verification_attempts AS payments_verification_attempts, payments.last_check_at AS payments_last_check_at, payments.created_at AS payments_created_at, payments.verified_at AS payments_verified_at 
FROM payments 
WHERE payments.status = ?]
[parameters: ('pending',)]
(Background on this error at: https://sqlalche.me/e/20/e3q8)
2026-08-17 21:30:41 | ERROR | Periodic check error: (sqlite3.OperationalError) no such column: payments.network
[SQL: SELECT payments.id AS payments_id, payments.user_id AS payments_user_id, payments.tx_hash AS payments_tx_hash, payments.amount AS payments_amount, payments.currency AS payments_currency, payments.network AS payments_network, payments.status AS payments_status, payments.error_message AS payments_error_message, payments.verification_method AS payments_verification_method, payments.verification_attempts AS payments_verification_attempts, payments.last_check_at AS payments_last_check_at, payments.created_at AS payments_created_at, payments.verified_at AS payments_verified_at 
FROM payments 
WHERE payments.status = ?]
[parameters: ('pending',)]
(Background on this error at: https://sqlalche.me/e/20/e3q8)
2026-08-17 21:31:11 | ERROR | Periodic check error: (sqlite3.OperationalError) no such column: payments.network
[SQL: SELECT payments.id AS payments_id, payments.user_id AS payments_user_id, payments.tx_hash AS payments_tx_hash, payments.amount AS payments_amount, payments.currency AS payments_currency, payments.network AS payments_network, payments.status AS payments_status, payments.error_message AS payments_error_message, payments.verification_method AS payments_verification_method, payments.verification_attempts AS payments_verification_attempts, payments.last_check_at AS payments_last_check_at, payments.created_at AS payments_created_at, payments.verified_at AS payments_verified_at 
FROM payments 
WHERE payments.status = ?]
[parameters: ('pending',)]
(Background on this error at: https://sqlalche.me/e/20/e3q8)
2026-08-17 21:31:41 | ERROR | Periodic check error: (sqlite3.OperationalError) no such column: payments.network
[SQL: SELECT payments.id AS payments_id, payments.user_id AS payments_user_id, payments.tx_hash AS payments_tx_hash, payments.amount AS payments_amount, payments.currency AS payments_currency, payments.network AS payments_network, payments.status AS payments_status, payments.error_message AS payments_error_message, payments.verification_method AS payments_verification_method, payments.verification_attempts AS payments_verification_attempts, payments.last_check_at AS payments_last_check_at, payments.created_at AS payments_created_at, payments.verified_at AS payments_verified_at 
FROM payments 
WHERE payments.status = ?]
[parameters: ('pending',)]
(Background on this error at: https://sqlalche.me/e/20/e3q8)
2026-08-17 21:32:11 | ERROR | Periodic check error: (sqlite3.OperationalError) no such column: payments.network
[SQL: SELECT payments.id AS payments_id, payments.user_id AS payments_user_id, payments.tx_hash AS payments_tx_hash, payments.amount AS payments_amount, payments.currency AS payments_currency, payments.network AS payments_network, payments.status AS payments_status, payments.error_message AS payments_error_message, payments.verification_method AS payments_verification_method, payments.verification_attempts AS payments_verification_attempts, payments.last_check_at AS payments_last_check_at, payments.created_at AS payments_created_at, payments.verified_at AS payments_verified_at 
FROM payments 
WHERE payments.status = ?]
[parameters: ('pending',)]
(Background on this error at: https://sqlalche.me/e/20/e3q8)
2026-08-17 21:32:41 | ERROR | Periodic check error: (sqlite3.OperationalError) no such column: payments.network
[SQL: SELECT payments.id AS payments_id, payments.user_id AS payments_user_id, payments.tx_hash AS payments_tx_hash, payments.amount AS payments_amount, payments.currency AS payments_currency, payments.network AS payments_network, payments.status AS payments_status, payments.error_message AS payments_error_message, payments.verification_method AS payments_verification_method, payments.verification_attempts AS payments_verification_attempts, payments.last_check_at AS payments_last_check_at, payments.created_at AS payments_created_at, payments.verified_at AS payments_verified_at 
FROM payments 
WHERE payments.status = ?]
[parameters: ('pending',)]
(Background on this error at: https://sqlalche.me/e/20/e3q8)
2026-08-17 21:33:11 | ERROR | Periodic check error: (sqlite3.OperationalError) no such column: payments.network
[SQL: SELECT payments.id AS payments_id, payments.user_id AS payments_user_id, payments.tx_hash AS payments_tx_hash, payments.amount AS payments_amount, payments.currency AS payments_currency, payments.network AS payments_network, payments.status AS payments_status, payments.error_message AS payments_error_message, payments.verification_method AS payments_verification_method, payments.verification_attempts AS payments_verification_attempts, payments.last_check_at AS payments_last_check_at, payments.created_at AS payments_created_at, payments.verified_at AS payments_verified_at 
FROM payments 
WHERE payments.status = ?]
[parameters: ('pending',)]
(Background on this error at: https://sqlalche.me/e/20/e3q8)
2026-08-17 21:33:41 | ERROR | Periodic check error: (sqlite3.OperationalError) no such column: payments.network
[SQL: SELECT payments.id AS payments_id, payments.user_id AS payments_user_id, payments.tx_hash AS payments_tx_hash, payments.amount AS payments_amount, payments.currency AS payments_currency, payments.network AS payments_network, payments.status AS payments_status, payments.error_message AS payments_error_message, payments.verification_method AS payments_verification_method, payments.verification_attempts AS payments_verification_attempts, payments.last_check_at AS payments_last_check_at, payments.created_at AS payments_created_at, payments.verified_at AS payments_verified_at 
FROM payments 
WHERE payments.status = ?]
[parameters: ('pending',)]
(Background on this error at: https://sqlalche.me/e/20/e3q8)
2026-08-17 21:34:11 | ERROR | Periodic check error: (sqlite3.OperationalError) no such column: payments.network
[SQL: SELECT payments.id AS payments_id, payments.user_id AS payments_user_id, payments.tx_hash AS payments_tx_hash, payments.amount AS payments_amount, payments.currency AS payments_currency, payments.network AS payments_network, payments.status AS payments_status, payments.error_message AS payments_error_message, payments.verification_method AS payments_verification_method, payments.verification_attempts AS payments_verification_attempts, payments.last_check_at AS payments_last_check_at, payments.created_at AS payments_created_at, payments.verified_at AS payments_verified_at 
FROM payments 
WHERE payments.status = ?]
[parameters: ('pending',)]
(Background on this error at: https://sqlalche.me/e/20/e3q8)
2026-08-17 21:34:41 | ERROR | Periodic check error: (sqlite3.OperationalError) no such column: payments.network
[SQL: SELECT payments.id AS payments_id, payments.user_id AS payments_user_id, payments.tx_hash AS payments_tx_hash, payments.amount AS payments_amount, payments.currency AS payments_currency, payments.network AS payments_network, payments.status AS payments_status, payments.error_message AS payments_error_message, payments.verification_method AS payments_verification_method, payments.verification_attempts AS payments_verification_attempts, payments.last_check_at AS payments_last_check_at, payments.created_at AS payments_created_at, payments.verified_at AS payments_verified_at 
FROM payments 
WHERE payments.status = ?]
[parameters: ('pending',)]
(Background on this error at: https://sqlalche.me/e/20/e3q8)
2026-08-17 21:35:11 | ERROR | Periodic check error: (sqlite3.OperationalError) no such column: payments.network
[SQL: SELECT payments.id AS payments_id, payments.user_id AS payments_user_id, payments.tx_hash AS payments_tx_hash, payments.amount AS payments_amount, payments.currency AS payments_currency, payments.network AS payments_network, payments.status AS payments_status, payments.error_message AS payments_error_message, payments.verification_method AS payments_verification_method, payments.verification_attempts AS payments_verification_attempts, payments.last_check_at AS payments_last_check_at, payments.created_at AS payments_created_at, payments.verified_at AS payments_verified_at 
FROM payments 
WHERE payments.status = ?]
[parameters: ('pending',)]
(Background on this error at: https://sqlalche.me/e/20/e3q8)
2026-08-17 21:35:41 | ERROR | Periodic check error: (sqlite3.OperationalError) no such column: payments.network
[SQL: SELECT payments.id AS payments_id, payments.user_id AS payments_user_id, payments.tx_hash AS payments_tx_hash, payments.amount AS payments_amount, payments.currency AS payments_currency, payments.network AS payments_network, payments.status AS payments_status, payments.error_message AS payments_error_message, payments.verification_method AS payments_verification_method, payments.verification_attempts AS payments_verification_attempts, payments.last_check_at AS payments_last_check_at, payments.created_at AS payments_created_at, payments.verified_at AS payments_verified_at 
FROM payments 
WHERE payments.status = ?]
[parameters: ('pending',)]
(Background on this error at: https://sqlalche.me/e/20/e3q8)
2026-08-17 21:36:11 | ERROR | Periodic check error: (sqlite3.OperationalError) no such column: payments.network
[SQL: SELECT payments.id AS payments_id, payments.user_id AS payments_user_id, payments.tx_hash AS payments_tx_hash, payments.amount AS payments_amount, payments.currency AS payments_currency, payments.network AS payments_network, payments.status AS payments_status, payments.error_message AS payments_error_message, payments.verification_method AS payments_verification_method, payments.verification_attempts AS payments_verification_attempts, payments.last_check_at AS payments_last_check_at, payments.created_at AS payments_created_at, payments.verified_at AS payments_verified_at 
FROM payments 
WHERE payments.status = ?]
[parameters: ('pending',)]
(Background on this error at: https://sqlalche.me/e/20/e3q8)
2026-08-17 21:36:41 | ERROR | Periodic check error: (sqlite3.OperationalError) no such column: payments.network
[SQL: SELECT payments.id AS payments_id, payments.user_id AS payments_user_id, payments.tx_hash AS payments_tx_hash, payments.amount AS payments_amount, payments.currency AS payments_currency, payments.network AS payments_network, payments.status AS payments_status, payments.error_message AS payments_error_message, payments.verification_method AS payments_verification_method, payments.verification_attempts AS payments_verification_attempts, payments.last_check_at AS payments_last_check_at, payments.created_at AS payments_created_at, payments.verified_at AS payments_verified_at 
FROM payments 
WHERE payments.status = ?]
[parameters: ('pending',)]
(Background on this error at: https://sqlalche.me/e/20/e3q8)
2026-08-17 21:37:11 | ERROR | Periodic check error: (sqlite3.OperationalError) no such column: payments.network
[SQL: SELECT payments.id AS payments_id, payments.user_id AS payments_user_id, payments.tx_hash AS payments_tx_hash, payments.amount AS payments_amount, payments.currency AS payments_currency, payments.network AS payments_network, payments.status AS payments_status, payments.error_message AS payments_error_message, payments.verification_method AS payments_verification_method, payments.verification_attempts AS payments_verification_attempts, payments.last_check_at AS payments_last_check_at, payments.created_at AS payments_created_at, payments.verified_at AS payments_verified_at 
FROM payments 
WHERE payments.status = ?]
[parameters: ('pending',)]
(Background on this error at: https://sqlalche.me/e/20/e3q8)
2026-08-17 21:37:41 | ERROR | Periodic check error: (sqlite3.OperationalError) no such column: payments.network
[SQL: SELECT payments.id AS payments_id, payments.user_id AS payments_user_id, payments.tx_hash AS payments_tx_hash, payments.amount AS payments_amount, payments.currency AS payments_currency, payments.network AS payments_network, payments.status AS payments_status, payments.error_message AS payments_error_message, payments.verification_method AS payments_verification_method, payments.verification_attempts AS payments_verification_attempts, payments.last_check_at AS payments_last_check_at, payments.created_at AS payments_created_at, payments.verified_at AS payments_verified_at 
FROM payments 
WHERE payments.status = ?]
[parameters: ('pending',)]
(Background on this error at: https://sqlalche.me/e/20/e3q8)
2026-08-17 21:38:11 | ERROR | Periodic check error: (sqlite3.OperationalError) no such column: payments.network
[SQL: SELECT payments.id AS payments_id, payments.user_id AS payments_user_id, payments.tx_hash AS payments_tx_hash, payments.amount AS payments_amount, payments.currency AS payments_currency, payments.network AS payments_network, payments.status AS payments_status, payments.error_message AS payments_error_message, payments.verification_method AS payments_verification_method, payments.verification_attempts AS payments_verification_attempts, payments.last_check_at AS payments_last_check_at, payments.created_at AS payments_created_at, payments.verified_at AS payments_verified_at 
FROM payments 
WHERE payments.status = ?]
[parameters: ('pending',)]
(Background on this error at: https://sqlalche.me/e/20/e3q8)
2026-08-17 21:38:41 | ERROR | Periodic check error: (sqlite3.OperationalError) no such column: payments.network
[SQL: SELECT payments.id AS payments_id, payments.user_id AS payments_user_id, payments.tx_hash AS payments_tx_hash, payments.amount AS payments_amount, payments.currency AS payments_currency, payments.network AS payments_network, payments.status AS payments_status, payments.error_message AS payments_error_message, payments.verification_method AS payments_verification_method, payments.verification_attempts AS payments_verification_attempts, payments.last_check_at AS payments_last_check_at, payments.created_at AS payments_created_at, payments.verified_at AS payments_verified_at 
FROM payments 
WHERE payments.status = ?]
[parameters: ('pending',)]
(Background on this error at: https://sqlalche.me/e/20/e3q8)
2026-08-17 21:39:11 | ERROR | Periodic check error: (sqlite3.OperationalError) no such column: payments.network
[SQL: SELECT payments.id AS payments_id, payments.user_id AS payments_user_id, payments.tx_hash AS payments_tx_hash, payments.amount AS payments_amount, payments.currency AS payments_currency, payments.network AS payments_network, payments.status AS payments_status, payments.error_message AS payments_error_message, payments.verification_method AS payments_verification_method, payments.verification_attempts AS payments_verification_attempts, payments.last_check_at AS payments_last_check_at, payments.created_at AS payments_created_at, payments.verified_at AS payments_verified_at 
FROM payments 
WHERE payments.status = ?]
[parameters: ('pending',)]
(Background on this error at: https://sqlalche.me/e/20/e3q8)
2026-08-17 21:39:41 | ERROR | Periodic check error: (sqlite3.OperationalError) no such column: payments.network
[SQL: SELECT payments.id AS payments_id, payments.user_id AS payments_user_id, payments.tx_hash AS payments_tx_hash, payments.amount AS payments_amount, payments.currency AS payments_currency, payments.network AS payments_network, payments.status AS payments_status, payments.error_message AS payments_error_message, payments.verification_method AS payments_verification_method, payments.verification_attempts AS payments_verification_attempts, payments.last_check_at AS payments_last_check_at, payments.created_at AS payments_created_at, payments.verified_at AS payments_verified_at 
FROM payments 
WHERE payments.status = ?]
[parameters: ('pending',)]
(Background on this error at: https://sqlalche.me/e/20/e3q8)
2026-08-17 21:40:11 | ERROR | Periodic check error: (sqlite3.OperationalError) no such column: payments.network
[SQL: SELECT payments.id AS payments_id, payments.user_id AS payments_user_id, payments.tx_hash AS payments_tx_hash, payments.amount AS payments_amount, payments.currency AS payments_currency, payments.network AS payments_network, payments.status AS payments_status, payments.error_message AS payments_error_message, payments.verification_method AS payments_verification_method, payments.verification_attempts AS payments_verification_attempts, payments.last_check_at AS payments_last_check_at, payments.created_at AS payments_created_at, payments.verified_at AS payments_verified_at 
FROM payments 
WHERE payments.status = ?]
[parameters: ('pending',)]
(Background on this error at: https://sqlalche.me/e/20/e3q8)
2026-08-17 21:40:41 | ERROR | Periodic check error: (sqlite3.OperationalError) no such column: payments.network
[SQL: SELECT payments.id AS payments_id, payments.user_id AS payments_user_id, payments.tx_hash AS payments_tx_hash, payments.amount AS payments_amount, payments.currency AS payments_currency, payments.network AS payments_network, payments.status AS payments_status, payments.error_message AS payments_error_message, payments.verification_method AS payments_verification_method, payments.verification_attempts AS payments_verification_attempts, payments.last_check_at AS payments_last_check_at, payments.created_at AS payments_created_at, payments.verified_at AS payments_verified_at 
FROM payments 
WHERE payments.status = ?]
[parameters: ('pending',)]
(Background on this error at: https://sqlalche.me/e/20/e3q8)
2026-08-17 21:41:11 | ERROR | Periodic check error: (sqlite3.OperationalError) no such column: payments.network
[SQL: SELECT payments.id AS payments_id, payments.user_id AS payments_user_id, payments.tx_hash AS payments_tx_hash, payments.amount AS payments_amount, payments.currency AS payments_currency, payments.network AS payments_network, payments.status AS payments_status, payments.error_message AS payments_error_message, payments.verification_method AS payments_verification_method, payments.verification_attempts AS payments_verification_attempts, payments.last_check_at AS payments_last_check_at, payments.created_at AS payments_created_at, payments.verified_at AS payments_verified_at 
FROM payments 
WHERE payments.status = ?]
[parameters: ('pending',)]
(Background on this error at: https://sqlalche.me/e/20/e3q8)
2026-08-17 21:41:41 | ERROR | Periodic check error: (sqlite3.OperationalError) no such column: payments.network
[SQL: SELECT payments.id AS payments_id, payments.user_id AS payments_user_id, payments.tx_hash AS payments_tx_hash, payments.amount AS payments_amount, payments.currency AS payments_currency, payments.network AS payments_network, payments.status AS payments_status, payments.error_message AS payments_error_message, payments.verification_method AS payments_verification_method, payments.verification_attempts AS payments_verification_attempts, payments.last_check_at AS payments_last_check_at, payments.created_at AS payments_created_at, payments.verified_at AS payments_verified_at 
FROM payments 
WHERE payments.status = ?]
[parameters: ('pending',)]
(Background on this error at: https://sqlalche.me/e/20/e3q8)
2026-08-17 21:42:11 | ERROR | Periodic check error: (sqlite3.OperationalError) no such column: payments.network
[SQL: SELECT payments.id AS payments_id, payments.user_id AS payments_user_id, payments.tx_hash AS payments_tx_hash, payments.amount AS payments_amount, payments.currency AS payments_currency, payments.network AS payments_network, payments.status AS payments_status, payments.error_message AS payments_error_message, payments.verification_method AS payments_verification_method, payments.verification_attempts AS payments_verification_attempts, payments.last_check_at AS payments_last_check_at, payments.created_at AS payments_created_at, payments.verified_at AS payments_verified_at 
FROM payments 
WHERE payments.status = ?]
[parameters: ('pending',)]
(Background on this error at: https://sqlalche.me/e/20/e3q8)
2026-08-17 21:42:41 | ERROR | Periodic check error: (sqlite3.OperationalError) no such column: payments.network
[SQL: SELECT payments.id AS payments_id, payments.user_id AS payments_user_id, payments.tx_hash AS payments_tx_hash, payments.amount AS payments_amount, payments.currency AS payments_currency, payments.network AS payments_network, payments.status AS payments_status, payments.error_message AS payments_error_message, payments.verification_method AS payments_verification_method, payments.verification_attempts AS payments_verification_attempts, payments.last_check_at AS payments_last_check_at, payments.created_at AS payments_created_at, payments.verified_at AS payments_verified_at 
FROM payments 
WHERE payments.status = ?]
[parameters: ('pending',)]
(Background on this error at: https://sqlalche.me/e/20/e3q8)
2026-08-17 21:43:11 | ERROR | Periodic check error: (sqlite3.OperationalError) no such column: payments.network
[SQL: SELECT payments.id AS payments_id, payments.user_id AS payments_user_id, payments.tx_hash AS payments_tx_hash, payments.amount AS payments_amount, payments.currency AS payments_currency, payments.network AS payments_network, payments.status AS payments_status, payments.error_message AS payments_error_message, payments.verification_method AS payments_verification_method, payments.verification_attempts AS payments_verification_attempts, payments.last_check_at AS payments_last_check_at, payments.created_at AS payments_created_at, payments.verified_at AS payments_verified_at 
FROM payments 
WHERE payments.status = ?]
[parameters: ('pending',)]
(Background on this error at: https://sqlalche.me/e/20/e3q8)
2026-08-17 21:43:41 | ERROR | Periodic check error: (sqlite3.OperationalError) no such column: payments.network
[SQL: SELECT payments.id AS payments_id, payments.user_id AS payments_user_id, payments.tx_hash AS payments_tx_hash, payments.amount AS payments_amount, payments.currency AS payments_currency, payments.network AS payments_network, payments.status AS payments_status, payments.error_message AS payments_error_message, payments.verification_method AS payments_verification_method, payments.verification_attempts AS payments_verification_attempts, payments.last_check_at AS payments_last_check_at, payments.created_at AS payments_created_at, payments.verified_at AS payments_verified_at 
FROM payments 
WHERE payments.status = ?]
[parameters: ('pending',)]
(Background on this error at: https://sqlalche.me/e/20/e3q8)
2026-08-17 21:44:11 | ERROR | Periodic check error: (sqlite3.OperationalError) no such column: payments.network
[SQL: SELECT payments.id AS payments_id, payments.user_id AS payments_user_id, payments.tx_hash AS payments_tx_hash, payments.amount AS payments_amount, payments.currency AS payments_currency, payments.network AS payments_network, payments.status AS payments_status, payments.error_message AS payments_error_message, payments.verification_method AS payments_verification_method, payments.verification_attempts AS payments_verification_attempts, payments.last_check_at AS payments_last_check_at, payments.created_at AS payments_created_at, payments.verified_at AS payments_verified_at 
FROM payments 
WHERE payments.status = ?]
[parameters: ('pending',)]
(Background on this error at: https://sqlalche.me/e/20/e3q8)
2026-08-17 21:44:41 | ERROR | Periodic check error: (sqlite3.OperationalError) no such column: payments.network
[SQL: SELECT payments.id AS payments_id, payments.user_id AS payments_user_id, payments.tx_hash AS payments_tx_hash, payments.amount AS payments_amount, payments.currency AS payments_currency, payments.network AS payments_network, payments.status AS payments_status, payments.error_message AS payments_error_message, payments.verification_method AS payments_verification_method, payments.verification_attempts AS payments_verification_attempts, payments.last_check_at AS payments_last_check_at, payments.created_at AS payments_created_at, payments.verified_at AS payments_verified_at 
FROM payments 
WHERE payments.status = ?]
[parameters: ('pending',)]
(Background on this error at: https://sqlalche.me/e/20/e3q8)
2026-08-17 21:45:11 | ERROR | Periodic check error: (sqlite3.OperationalError) no such column: payments.network
[SQL: SELECT payments.id AS payments_id, payments.user_id AS payments_user_id, payments.tx_hash AS payments_tx_hash, payments.amount AS payments_amount, payments.currency AS payments_currency, payments.network AS payments_network, payments.status AS payments_status, payments.error_message AS payments_error_message, payments.verification_method AS payments_verification_method, payments.verification_attempts AS payments_verification_attempts, payments.last_check_at AS payments_last_check_at, payments.created_at AS payments_created_at, payments.verified_at AS payments_verified_at 
FROM payments 
WHERE payments.status = ?]
[parameters: ('pending',)]
(Background on this error at: https://sqlalche.me/e/20/e3q8)
2026-08-17 21:45:41 | ERROR | Periodic check error: (sqlite3.OperationalError) no such column: payments.network
[SQL: SELECT payments.id AS payments_id, payments.user_id AS payments_user_id, payments.tx_hash AS payments_tx_hash, payments.amount AS payments_amount, payments.currency AS payments_currency, payments.network AS payments_network, payments.status AS payments_status, payments.error_message AS payments_error_message, payments.verification_method AS payments_verification_method, payments.verification_attempts AS payments_verification_attempts, payments.last_check_at AS payments_last_check_at, payments.created_at AS payments_created_at, payments.verified_at AS payments_verified_at 
FROM payments 
WHERE payments.status = ?]
[parameters: ('pending',)]
(Background on this error at: https://sqlalche.me/e/20/e3q8)
2026-08-17 21:46:11 | ERROR | Periodic check error: (sqlite3.OperationalError) no such column: payments.network
[SQL: SELECT payments.id AS payments_id, payments.user_id AS payments_user_id, payments.tx_hash AS payments_tx_hash, payments.amount AS payments_amount, payments.currency AS payments_currency, payments.network AS payments_network, payments.status AS payments_status, payments.error_message AS payments_error_message, payments.verification_method AS payments_verification_method, payments.verification_attempts AS payments_verification_attempts, payments.last_check_at AS payments_last_check_at, payments.created_at AS payments_created_at, payments.verified_at AS payments_verified_at 
FROM payments 
WHERE payments.status = ?]
[parameters: ('pending',)]
(Background on this error at: https://sqlalche.me/e/20/e3q8)
2026-08-17 21:46:41 | ERROR | Periodic check error: (sqlite3.OperationalError) no such column: payments.network
[SQL: SELECT payments.id AS payments_id, payments.user_id AS payments_user_id, payments.tx_hash AS payments_tx_hash, payments.amount AS payments_amount, payments.currency AS payments_currency, payments.network AS payments_network, payments.status AS payments_status, payments.error_message AS payments_error_message, payments.verification_method AS payments_verification_method, payments.verification_attempts AS payments_verification_attempts, payments.last_check_at AS payments_last_check_at, payments.created_at AS payments_created_at, payments.verified_at AS payments_verified_at 
FROM payments 
WHERE payments.status = ?]
[parameters: ('pending',)]
(Background on this error at: https://sqlalche.me/e/20/e3q8)
2026-08-17 21:47:11 | ERROR | Periodic check error: (sqlite3.OperationalError) no such column: payments.network
[SQL: SELECT payments.id AS payments_id, payments.user_id AS payments_user_id, payments.tx_hash AS payments_tx_hash, payments.amount AS payments_amount, payments.currency AS payments_currency, payments.network AS payments_network, payments.status AS payments_status, payments.error_message AS payments_error_message, payments.verification_method AS payments_verification_method, payments.verification_attempts AS payments_verification_attempts, payments.last_check_at AS payments_last_check_at, payments.created_at AS payments_created_at, payments.verified_at AS payments_verified_at 
FROM payments 
WHERE payments.status = ?]
[parameters: ('pending',)]
(Background on this error at: https://sqlalche.me/e/20/e3q8)
2026-08-17 21:47:41 | ERROR | Periodic check error: (sqlite3.OperationalError) no such column: payments.network
[SQL: SELECT payments.id AS payments_id, payments.user_id AS payments_user_id, payments.tx_hash AS payments_tx_hash, payments.amount AS payments_amount, payments.currency AS payments_currency, payments.network AS payments_network, payments.status AS payments_status, payments.error_message AS payments_error_message, payments.verification_method AS payments_verification_method, payments.verification_attempts AS payments_verification_attempts, payments.last_check_at AS payments_last_check_at, payments.created_at AS payments_created_at, payments.verified_at AS payments_verified_at 
FROM payments 
WHERE payments.status = ?]
[parameters: ('pending',)]
(Background on this error at: https://sqlalche.me/e/20/e3q8)
2026-08-17 21:48:11 | ERROR | Periodic check error: (sqlite3.OperationalError) no such column: payments.network
[SQL: SELECT payments.id AS payments_id, payments.user_id AS payments_user_id, payments.tx_hash AS payments_tx_hash, payments.amount AS payments_amount, payments.currency AS payments_currency, payments.network AS payments_network, payments.status AS payments_status, payments.error_message AS payments_error_message, payments.verification_method AS payments_verification_method, payments.verification_attempts AS payments_verification_attempts, payments.last_check_at AS payments_last_check_at, payments.created_at AS payments_created_at, payments.verified_at AS payments_verified_at 
FROM payments 
WHERE payments.status = ?]
[parameters: ('pending',)]
(Background on this error at: https://sqlalche.me/e/20/e3q8)
2026-08-17 21:48:41 | ERROR | Periodic check error: (sqlite3.OperationalError) no such column: payments.network
[SQL: SELECT payments.id AS payments_id, payments.user_id AS payments_user_id, payments.tx_hash AS payments_tx_hash, payments.amount AS payments_amount, payments.currency AS payments_currency, payments.network AS payments_network, payments.status AS payments_status, payments.error_message AS payments_error_message, payments.verification_method AS payments_verification_method, payments.verification_attempts AS payments_verification_attempts, payments.last_check_at AS payments_last_check_at, payments.created_at AS payments_created_at, payments.verified_at AS payments_verified_at 
FROM payments 
WHERE payments.status = ?]
[parameters: ('pending',)]
(Background on this error at: https://sqlalche.me/e/20/e3q8)
2026-08-17 21:49:11 | ERROR | Periodic check error: (sqlite3.OperationalError) no such column: payments.network
[SQL: SELECT payments.id AS payments_id, payments.user_id AS payments_user_id, payments.tx_hash AS payments_tx_hash, payments.amount AS payments_amount, payments.currency AS payments_currency, payments.network AS payments_network, payments.status AS payments_status, payments.error_message AS payments_error_message, payments.verification_method AS payments_verification_method, payments.verification_attempts AS payments_verification_attempts, payments.last_check_at AS payments_last_check_at, payments.created_at AS payments_created_at, payments.verified_at AS payments_verified_at 
FROM payments 
WHERE payments.status = ?]
[parameters: ('pending',)]
(Background on this error at: https://sqlalche.me/e/20/e3q8)
2026-08-17 21:49:41 | ERROR | Periodic check error: (sqlite3.OperationalError) no such column: payments.network
[SQL: SELECT payments.id AS payments_id, payments.user_id AS payments_user_id, payments.tx_hash AS payments_tx_hash, payments.amount AS payments_amount, payments.currency AS payments_currency, payments.network AS payments_network, payments.status AS payments_status, payments.error_message AS payments_error_message, payments.verification_method AS payments_verification_method, payments.verification_attempts AS payments_verification_attempts, payments.last_check_at AS payments_last_check_at, payments.created_at AS payments_created_at, payments.verified_at AS payments_verified_at 
FROM payments 
WHERE payments.status = ?]
[parameters: ('pending',)]
(Background on this error at: https://sqlalche.me/e/20/e3q8)
2026-08-17 21:50:11 | ERROR | Periodic check error: (sqlite3.OperationalError) no such column: payments.network
[SQL: SELECT payments.id AS payments_id, payments.user_id AS payments_user_id, payments.tx_hash AS payments_tx_hash, payments.amount AS payments_amount, payments.currency AS payments_currency, payments.network AS payments_network, payments.status AS payments_status, payments.error_message AS payments_error_message, payments.verification_method AS payments_verification_method, payments.verification_attempts AS payments_verification_attempts, payments.last_check_at AS payments_last_check_at, payments.created_at AS payments_created_at, payments.verified_at AS payments_verified_at 
FROM payments 
WHERE payments.status = ?]
[parameters: ('pending',)]
(Background on this error at: https://sqlalche.me/e/20/e3q8)
2026-08-17 21:50:41 | ERROR | Periodic check error: (sqlite3.OperationalError) no such column: payments.network
[SQL: SELECT payments.id AS payments_id, payments.user_id AS payments_user_id, payments.tx_hash AS payments_tx_hash, payments.amount AS payments_amount, payments.currency AS payments_currency, payments.network AS payments_network, payments.status AS payments_status, payments.error_message AS payments_error_message, payments.verification_method AS payments_verification_method, payments.verification_attempts AS payments_verification_attempts, payments.last_check_at AS payments_last_check_at, payments.created_at AS payments_created_at, payments.verified_at AS payments_verified_at 
FROM payments 
WHERE payments.status = ?]
[parameters: ('pending',)]
(Background on this error at: https://sqlalche.me/e/20/e3q8)
2026-08-17 21:51:11 | ERROR | Periodic check error: (sqlite3.OperationalError) no such column: payments.network
[SQL: SELECT payments.id AS payments_id, payments.user_id AS payments_user_id, payments.tx_hash AS payments_tx_hash, payments.amount AS payments_amount, payments.currency AS payments_currency, payments.network AS payments_network, payments.status AS payments_status, payments.error_message AS payments_error_message, payments.verification_method AS payments_verification_method, payments.verification_attempts AS payments_verification_attempts, payments.last_check_at AS payments_last_check_at, payments.created_at AS payments_created_at, payments.verified_at AS payments_verified_at 
FROM payments 
WHERE payments.status = ?]
[parameters: ('pending',)]
(Background on this error at: https://sqlalche.me/e/20/e3q8)
2026-08-17 21:51:41 | ERROR | Periodic check error: (sqlite3.OperationalError) no such column: payments.network
[SQL: SELECT payments.id AS payments_id, payments.user_id AS payments_user_id, payments.tx_hash AS payments_tx_hash, payments.amount AS payments_amount, payments.currency AS payments_currency, payments.network AS payments_network, payments.status AS payments_status, payments.error_message AS payments_error_message, payments.verification_method AS payments_verification_method, payments.verification_attempts AS payments_verification_attempts, payments.last_check_at AS payments_last_check_at, payments.created_at AS payments_created_at, payments.verified_at AS payments_verified_at 
FROM payments 
WHERE payments.status = ?]
[parameters: ('pending',)]
(Background on this error at: https://sqlalche.me/e/20/e3q8)
2026-08-17 21:52:11 | ERROR | Periodic check error: (sqlite3.OperationalError) no such column: payments.network
[SQL: SELECT payments.id AS payments_id, payments.user_id AS payments_user_id, payments.tx_hash AS payments_tx_hash, payments.amount AS payments_amount, payments.currency AS payments_currency, payments.network AS payments_network, payments.status AS payments_status, payments.error_message AS payments_error_message, payments.verification_method AS payments_verification_method, payments.verification_attempts AS payments_verification_attempts, payments.last_check_at AS payments_last_check_at, payments.created_at AS payments_created_at, payments.verified_at AS payments_verified_at 
FROM payments 
WHERE payments.status = ?]
[parameters: ('pending',)]
(Background on this error at: https://sqlalche.me/e/20/e3q8)
2026-08-17 21:52:41 | ERROR | Periodic check error: (sqlite3.OperationalError) no such column: payments.network
[SQL: SELECT payments.id AS payments_id, payments.user_id AS payments_user_id, payments.tx_hash AS payments_tx_hash, payments.amount AS payments_amount, payments.currency AS payments_currency, payments.network AS payments_network, payments.status AS payments_status, payments.error_message AS payments_error_message, payments.verification_method AS payments_verification_method, payments.verification_attempts AS payments_verification_attempts, payments.last_check_at AS payments_last_check_at, payments.created_at AS payments_created_at, payments.verified_at AS payments_verified_at 
FROM payments 
WHERE payments.status = ?]
[parameters: ('pending',)]
(Background on this error at: https://sqlalche.me/e/20/e3q8)
2026-08-17 21:53:11 | ERROR | Periodic check error: (sqlite3.OperationalError) no such column: payments.network
[SQL: SELECT payments.id AS payments_id, payments.user_id AS payments_user_id, payments.tx_hash AS payments_tx_hash, payments.amount AS payments_amount, payments.currency AS payments_currency, payments.network AS payments_network, payments.status AS payments_status, payments.error_message AS payments_error_message, payments.verification_method AS payments_verification_method, payments.verification_attempts AS payments_verification_attempts, payments.last_check_at AS payments_last_check_at, payments.created_at AS payments_created_at, payments.verified_at AS payments_verified_at 
FROM payments 
WHERE payments.status = ?]
[parameters: ('pending',)]
(Background on this error at: https://sqlalche.me/e/20/e3q8)
2026-08-17 21:53:41 | ERROR | Periodic check error: (sqlite3.OperationalError) no such column: payments.network
[SQL: SELECT payments.id AS payments_id, payments.user_id AS payments_user_id, payments.tx_hash AS payments_tx_hash, payments.amount AS payments_amount, payments.currency AS payments_currency, payments.network AS payments_network, payments.status AS payments_status, payments.error_message AS payments_error_message, payments.verification_method AS payments_verification_method, payments.verification_attempts AS payments_verification_attempts, payments.last_check_at AS payments_last_check_at, payments.created_at AS payments_created_at, payments.verified_at AS payments_verified_at 
FROM payments 
WHERE payments.status = ?]
[parameters: ('pending',)]
(Background on this error at: https://sqlalche.me/e/20/e3q8)
2026-08-17 21:54:11 | ERROR | Periodic check error: (sqlite3.OperationalError) no such column: payments.network
[SQL: SELECT payments.id AS payments_id, payments.user_id AS payments_user_id, payments.tx_hash AS payments_tx_hash, payments.amount AS payments_amount, payments.currency AS payments_currency, payments.network AS payments_network, payments.status AS payments_status, payments.error_message AS payments_error_message, payments.verification_method AS payments_verification_method, payments.verification_attempts AS payments_verification_attempts, payments.last_check_at AS payments_last_check_at, payments.created_at AS payments_created_at, payments.verified_at AS payments_verified_at 
FROM payments 
WHERE payments.status = ?]
[parameters: ('pending',)]
(Background on this error at: https://sqlalche.me/e/20/e3q8)
2026-08-17 21:54:41 | ERROR | Periodic check error: (sqlite3.OperationalError) no such column: payments.network
[SQL: SELECT payments.id AS payments_id, payments.user_id AS payments_user_id, payments.tx_hash AS payments_tx_hash, payments.amount AS payments_amount, payments.currency AS payments_currency, payments.network AS payments_network, payments.status AS payments_status, payments.error_message AS payments_error_message, payments.verification_method AS payments_verification_method, payments.verification_attempts AS payments_verification_attempts, payments.last_check_at AS payments_last_check_at, payments.created_at AS payments_created_at, payments.verified_at AS payments_verified_at 
FROM payments 
WHERE payments.status = ?]
[parameters: ('pending',)]
(Background on this error at: https://sqlalche.me/e/20/e3q8)
2026-08-17 21:55:11 | ERROR | Periodic check error: (sqlite3.OperationalError) no such column: payments.network
[SQL: SELECT payments.id AS payments_id, payments.user_id AS payments_user_id, payments.tx_hash AS payments_tx_hash, payments.amount AS payments_amount, payments.currency AS payments_currency, payments.network AS payments_network, payments.status AS payments_status, payments.error_message AS payments_error_message, payments.verification_method AS payments_verification_method, payments.verification_attempts AS payments_verification_attempts, payments.last_check_at AS payments_last_check_at, payments.created_at AS payments_created_at, payments.verified_at AS payments_verified_at 
FROM payments 
WHERE payments.status = ?]
[parameters: ('pending',)]
(Background on this error at: https://sqlalche.me/e/20/e3q8)
2026-08-17 21:55:41 | ERROR | Periodic check error: (sqlite3.OperationalError) no such column: payments.network
[SQL: SELECT payments.id AS payments_id, payments.user_id AS payments_user_id, payments.tx_hash AS payments_tx_hash, payments.amount AS payments_amount, payments.currency AS payments_currency, payments.network AS payments_network, payments.status AS payments_status, payments.error_message AS payments_error_message, payments.verification_method AS payments_verification_method, payments.verification_attempts AS payments_verification_attempts, payments.last_check_at AS payments_last_check_at, payments.created_at AS payments_created_at, payments.verified_at AS payments_verified_at 
FROM payments 
WHERE payments.status = ?]
[parameters: ('pending',)]
(Background on this error at: https://sqlalche.me/e/20/e3q8)
2026-08-17 21:56:11 | ERROR | Periodic check error: (sqlite3.OperationalError) no such column: payments.network
[SQL: SELECT payments.id AS payments_id, payments.user_id AS payments_user_id, payments.tx_hash AS payments_tx_hash, payments.amount AS payments_amount, payments.currency AS payments_currency, payments.network AS payments_network, payments.status AS payments_status, payments.error_message AS payments_error_message, payments.verification_method AS payments_verification_method, payments.verification_attempts AS payments_verification_attempts, payments.last_check_at AS payments_last_check_at, payments.created_at AS payments_created_at, payments.verified_at AS payments_verified_at 
FROM payments 
WHERE payments.status = ?]
[parameters: ('pending',)]
(Background on this error at: https://sqlalche.me/e/20/e3q8)
2026-08-17 21:56:41 | ERROR | Periodic check error: (sqlite3.OperationalError) no such column: payments.network
[SQL: SELECT payments.id AS payments_id, payments.user_id AS payments_user_id, payments.tx_hash AS payments_tx_hash, payments.amount AS payments_amount, payments.currency AS payments_currency, payments.network AS payments_network, payments.status AS payments_status, payments.error_message AS payments_error_message, payments.verification_method AS payments_verification_method, payments.verification_attempts AS payments_verification_attempts, payments.last_check_at AS payments_last_check_at, payments.created_at AS payments_created_at, payments.verified_at AS payments_verified_at 
FROM payments 
WHERE payments.status = ?]
[parameters: ('pending',)]
(Background on this error at: https://sqlalche.me/e/20/e3q8)
2026-08-17 21:57:11 | ERROR | Periodic check error: (sqlite3.OperationalError) no such column: payments.network
[SQL: SELECT payments.id AS payments_id, payments.user_id AS payments_user_id, payments.tx_hash AS payments_tx_hash, payments.amount AS payments_amount, payments.currency AS payments_currency, payments.network AS payments_network, payments.status AS payments_status, payments.error_message AS payments_error_message, payments.verification_method AS payments_verification_method, payments.verification_attempts AS payments_verification_attempts, payments.last_check_at AS payments_last_check_at, payments.created_at AS payments_created_at, payments.verified_at AS payments_verified_at 
FROM payments 
WHERE payments.status = ?]
[parameters: ('pending',)]
(Background on this error at: https://sqlalche.me/e/20/e3q8)
2026-08-17 21:57:41 | ERROR | Periodic check error: (sqlite3.OperationalError) no such column: payments.network
[SQL: SELECT payments.id AS payments_id, payments.user_id AS payments_user_id, payments.tx_hash AS payments_tx_hash, payments.amount AS payments_amount, payments.currency AS payments_currency, payments.network AS payments_network, payments.status AS payments_status, payments.error_message AS payments_error_message, payments.verification_method AS payments_verification_method, payments.verification_attempts AS payments_verification_attempts, payments.last_check_at AS payments_last_check_at, payments.created_at AS payments_created_at, payments.verified_at AS payments_verified_at 
FROM payments 
WHERE payments.status = ?]
[parameters: ('pending',)]
(Background on this error at: https://sqlalche.me/e/20/e3q8)
2026-08-17 21:58:11 | ERROR | Periodic check error: (sqlite3.OperationalError) no such column: payments.network
[SQL: SELECT payments.id AS payments_id, payments.user_id AS payments_user_id, payments.tx_hash AS payments_tx_hash, payments.amount AS payments_amount, payments.currency AS payments_currency, payments.network AS payments_network, payments.status AS payments_status, payments.error_message AS payments_error_message, payments.verification_method AS payments_verification_method, payments.verification_attempts AS payments_verification_attempts, payments.last_check_at AS payments_last_check_at, payments.created_at AS payments_created_at, payments.verified_at AS payments_verified_at 
FROM payments 
WHERE payments.status = ?]
[parameters: ('pending',)]
(Background on this error at: https://sqlalche.me/e/20/e3q8)
2026-08-17 21:58:41 | ERROR | Periodic check error: (sqlite3.OperationalError) no such column: payments.network
[SQL: SELECT payments.id AS payments_id, payments.user_id AS payments_user_id, payments.tx_hash AS payments_tx_hash, payments.amount AS payments_amount, payments.currency AS payments_currency, payments.network AS payments_network, payments.status AS payments_status, payments.error_message AS payments_error_message, payments.verification_method AS payments_verification_method, payments.verification_attempts AS payments_verification_attempts, payments.last_check_at AS payments_last_check_at, payments.created_at AS payments_created_at, payments.verified_at AS payments_verified_at 
FROM payments 
WHERE payments.status = ?]
[parameters: ('pending',)]
(Background on this error at: https://sqlalche.me/e/20/e3q8)
2026-08-17 21:59:11 | ERROR | Periodic check error: (sqlite3.OperationalError) no such column: payments.network
[SQL: SELECT payments.id AS payments_id, payments.user_id AS payments_user_id, payments.tx_hash AS payments_tx_hash, payments.amount AS payments_amount, payments.currency AS payments_currency, payments.network AS payments_network, payments.status AS payments_status, payments.error_message AS payments_error_message, payments.verification_method AS payments_verification_method, payments.verification_attempts AS payments_verification_attempts, payments.last_check_at AS payments_last_check_at, payments.created_at AS payments_created_at, payments.verified_at AS payments_verified_at 
FROM payments 
WHERE payments.status = ?]
[parameters: ('pending',)]
(Background on this error at: https://sqlalche.me/e/20/e3q8)
2026-08-17 21:59:41 | ERROR | Periodic check error: (sqlite3.OperationalError) no such column: payments.network
[SQL: SELECT payments.id AS payments_id, payments.user_id AS payments_user_id, payments.tx_hash AS payments_tx_hash, payments.amount AS payments_amount, payments.currency AS payments_currency, payments.network AS payments_network, payments.status AS payments_status, payments.error_message AS payments_error_message, payments.verification_method AS payments_verification_method, payments.verification_attempts AS payments_verification_attempts, payments.last_check_at AS payments_last_check_at, payments.created_at AS payments_created_at, payments.verified_at AS payments_verified_at 
FROM payments 
WHERE payments.status = ?]
[parameters: ('pending',)]
(Background on this error at: https://sqlalche.me/e/20/e3q8)
2026-08-17 22:00:11 | ERROR | Periodic check error: (sqlite3.OperationalError) no such column: payments.network
[SQL: SELECT payments.id AS payments_id, payments.user_id AS payments_user_id, payments.tx_hash AS payments_tx_hash, payments.amount AS payments_amount, payments.currency AS payments_currency, payments.network AS payments_network, payments.status AS payments_status, payments.error_message AS payments_error_message, payments.verification_method AS payments_verification_method, payments.verification_attempts AS payments_verification_attempts, payments.last_check_at AS payments_last_check_at, payments.created_at AS payments_created_at, payments.verified_at AS payments_verified_at 
FROM payments 
WHERE payments.status = ?]
[parameters: ('pending',)]
(Background on this error at: https://sqlalche.me/e/20/e3q8)
2026-08-17 22:00:41 | ERROR | Periodic check error: (sqlite3.OperationalError) no such column: payments.network
[SQL: SELECT payments.id AS payments_id, payments.user_id AS payments_user_id, payments.tx_hash AS payments_tx_hash, payments.amount AS payments_amount, payments.currency AS payments_currency, payments.network AS payments_network, payments.status AS payments_status, payments.error_message AS payments_error_message, payments.verification_method AS payments_verification_method, payments.verification_attempts AS payments_verification_attempts, payments.last_check_at AS payments_last_check_at, payments.created_at AS payments_created_at, payments.verified_at AS payments_verified_at 
FROM payments 
WHERE payments.status = ?]
[parameters: ('pending',)]
(Background on this error at: https://sqlalche.me/e/20/e3q8)
2026-08-17 22:01:11 | ERROR | Periodic check error: (sqlite3.OperationalError) no such column: payments.network
[SQL: SELECT payments.id AS payments_id, payments.user_id AS payments_user_id, payments.tx_hash AS payments_tx_hash, payments.amount AS payments_amount, payments.currency AS payments_currency, payments.network AS payments_network, payments.status AS payments_status, payments.error_message AS payments_error_message, payments.verification_method AS payments_verification_method, payments.verification_attempts AS payments_verification_attempts, payments.last_check_at AS payments_last_check_at, payments.created_at AS payments_created_at, payments.verified_at AS payments_verified_at 
FROM payments 
WHERE payments.status = ?]
[parameters: ('pending',)]
(Background on this error at: https://sqlalche.me/e/20/e3q8)
2026-08-17 22:01:41 | ERROR | Periodic check error: (sqlite3.OperationalError) no such column: payments.network
[SQL: SELECT payments.id AS payments_id, payments.user_id AS payments_user_id, payments.tx_hash AS payments_tx_hash, payments.amount AS payments_amount, payments.currency AS payments_currency, payments.network AS payments_network, payments.status AS payments_status, payments.error_message AS payments_error_message, payments.verification_method AS payments_verification_method, payments.verification_attempts AS payments_verification_attempts, payments.last_check_at AS payments_last_check_at, payments.created_at AS payments_created_at, payments.verified_at AS payments_verified_at 
FROM payments 
WHERE payments.status = ?]
[parameters: ('pending',)]
(Background on this error at: https://sqlalche.me/e/20/e3q8)
2026-08-17 22:02:11 | ERROR | Periodic check error: (sqlite3.OperationalError) no such column: payments.network
[SQL: SELECT payments.id AS payments_id, payments.user_id AS payments_user_id, payments.tx_hash AS payments_tx_hash, payments.amount AS payments_amount, payments.currency AS payments_currency, payments.network AS payments_network, payments.status AS payments_status, payments.error_message AS payments_error_message, payments.verification_method AS payments_verification_method, payments.verification_attempts AS payments_verification_attempts, payments.last_check_at AS payments_last_check_at, payments.created_at AS payments_created_at, payments.verified_at AS payments_verified_at 
FROM payments 
WHERE payments.status = ?]
[parameters: ('pending',)]
(Background on this error at: https://sqlalche.me/e/20/e3q8)
2026-08-17 22:02:41 | ERROR | Periodic check error: (sqlite3.OperationalError) no such column: payments.network
[SQL: SELECT payments.id AS payments_id, payments.user_id AS payments_user_id, payments.tx_hash AS payments_tx_hash, payments.amount AS payments_amount, payments.currency AS payments_currency, payments.network AS payments_network, payments.status AS payments_status, payments.error_message AS payments_error_message, payments.verification_method AS payments_verification_method, payments.verification_attempts AS payments_verification_attempts, payments.last_check_at AS payments_last_check_at, payments.created_at AS payments_created_at, payments.verified_at AS payments_verified_at 
FROM payments 
WHERE payments.status = ?]
[parameters: ('pending',)]
(Background on this error at: https://sqlalche.me/e/20/e3q8)
2026-08-17 22:03:11 | ERROR | Periodic check error: (sqlite3.OperationalError) no such column: payments.network
[SQL: SELECT payments.id AS payments_id, payments.user_id AS payments_user_id, payments.tx_hash AS payments_tx_hash, payments.amount AS payments_amount, payments.currency AS payments_currency, payments.network AS payments_network, payments.status AS payments_status, payments.error_message AS payments_error_message, payments.verification_method AS payments_verification_method, payments.verification_attempts AS payments_verification_attempts, payments.last_check_at AS payments_last_check_at, payments.created_at AS payments_created_at, payments.verified_at AS payments_verified_at 
FROM payments 
WHERE payments.status = ?]
[parameters: ('pending',)]
(Background on this error at: https://sqlalche.me/e/20/e3q8)
2026-08-17 22:03:41 | ERROR | Periodic check error: (sqlite3.OperationalError) no such column: payments.network
[SQL: SELECT payments.id AS payments_id, payments.user_id AS payments_user_id, payments.tx_hash AS payments_tx_hash, payments.amount AS payments_amount, payments.currency AS payments_currency, payments.network AS payments_network, payments.status AS payments_status, payments.error_message AS payments_error_message, payments.verification_method AS payments_verification_method, payments.verification_attempts AS payments_verification_attempts, payments.last_check_at AS payments_last_check_at, payments.created_at AS payments_created_at, payments.verified_at AS payments_verified_at 
FROM payments 
WHERE payments.status = ?]
[parameters: ('pending',)]
(Background on this error at: https://sqlalche.me/e/20/e3q8)
2026-08-17 22:04:11 | ERROR | Periodic check error: (sqlite3.OperationalError) no such column: payments.network
[SQL: SELECT payments.id AS payments_id, payments.user_id AS payments_user_id, payments.tx_hash AS payments_tx_hash, payments.amount AS payments_amount, payments.currency AS payments_currency, payments.network AS payments_network, payments.status AS payments_status, payments.error_message AS payments_error_message, payments.verification_method AS payments_verification_method, payments.verification_attempts AS payments_verification_attempts, payments.last_check_at AS payments_last_check_at, payments.created_at AS payments_created_at, payments.verified_at AS payments_verified_at 
FROM payments 
WHERE payments.status = ?]
[parameters: ('pending',)]
(Background on this error at: https://sqlalche.me/e/20/e3q8)
2026-08-17 22:04:41 | ERROR | Periodic check error: (sqlite3.OperationalError) no such column: payments.network
[SQL: SELECT payments.id AS payments_id, payments.user_id AS payments_user_id, payments.tx_hash AS payments_tx_hash, payments.amount AS payments_amount, payments.currency AS payments_currency, payments.network AS payments_network, payments.status AS payments_status, payments.error_message AS payments_error_message, payments.verification_method AS payments_verification_method, payments.verification_attempts AS payments_verification_attempts, payments.last_check_at AS payments_last_check_at, payments.created_at AS payments_created_at, payments.verified_at AS payments_verified_at 
FROM payments 
WHERE payments.status = ?]
[parameters: ('pending',)]
(Background on this error at: https://sqlalche.me/e/20/e3q8)
2026-08-17 22:05:11 | ERROR | Periodic check error: (sqlite3.OperationalError) no such column: payments.network
[SQL: SELECT payments.id AS payments_id, payments.user_id AS payments_user_id, payments.tx_hash AS payments_tx_hash, payments.amount AS payments_amount, payments.currency AS payments_currency, payments.network AS payments_network, payments.status AS payments_status, payments.error_message AS payments_error_message, payments.verification_method AS payments_verification_method, payments.verification_attempts AS payments_verification_attempts, payments.last_check_at AS payments_last_check_at, payments.created_at AS payments_created_at, payments.verified_at AS payments_verified_at 
FROM payments 
WHERE payments.status = ?]
[parameters: ('pending',)]
(Background on this error at: https://sqlalche.me/e/20/e3q8)
2026-08-17 22:05:41 | ERROR | Periodic check error: (sqlite3.OperationalError) no such column: payments.network
[SQL: SELECT payments.id AS payments_id, payments.user_id AS payments_user_id, payments.tx_hash AS payments_tx_hash, payments.amount AS payments_amount, payments.currency AS payments_currency, payments.network AS payments_network, payments.status AS payments_status, payments.error_message AS payments_error_message, payments.verification_method AS payments_verification_method, payments.verification_attempts AS payments_verification_attempts, payments.last_check_at AS payments_last_check_at, payments.created_at AS payments_created_at, payments.verified_at AS payments_verified_at 
FROM payments 
WHERE payments.status = ?]
[parameters: ('pending',)]
(Background on this error at: https://sqlalche.me/e/20/e3q8)
2026-08-17 22:06:12 | ERROR | Periodic check error: (sqlite3.OperationalError) no such column: payments.network
[SQL: SELECT payments.id AS payments_id, payments.user_id AS payments_user_id, payments.tx_hash AS payments_tx_hash, payments.amount AS payments_amount, payments.currency AS payments_currency, payments.network AS payments_network, payments.status AS payments_status, payments.error_message AS payments_error_message, payments.verification_method AS payments_verification_method, payments.verification_attempts AS payments_verification_attempts, payments.last_check_at AS payments_last_check_at, payments.created_at AS payments_created_at, payments.verified_at AS payments_verified_at 
FROM payments 
WHERE payments.status = ?]
[parameters: ('pending',)]
(Background on this error at: https://sqlalche.me/e/20/e3q8)
2026-08-17 22:06:42 | ERROR | Periodic check error: (sqlite3.OperationalError) no such column: payments.network
[SQL: SELECT payments.id AS payments_id, payments.user_id AS payments_user_id, payments.tx_hash AS payments_tx_hash, payments.amount AS payments_amount, payments.currency AS payments_currency, payments.network AS payments_network, payments.status AS payments_status, payments.error_message AS payments_error_message, payments.verification_method AS payments_verification_method, payments.verification_attempts AS payments_verification_attempts, payments.last_check_at AS payments_last_check_at, payments.created_at AS payments_created_at, payments.verified_at AS payments_verified_at 
FROM payments 
WHERE payments.status = ?]
[parameters: ('pending',)]
(Background on this error at: https://sqlalche.me/e/20/e3q8)
2026-08-17 22:07:12 | ERROR | Periodic check error: (sqlite3.OperationalError) no such column: payments.network
[SQL: SELECT payments.id AS payments_id, payments.user_id AS payments_user_id, payments.tx_hash AS payments_tx_hash, payments.amount AS payments_amount, payments.currency AS payments_currency, payments.network AS payments_network, payments.status AS payments_status, payments.error_message AS payments_error_message, payments.verification_method AS payments_verification_method, payments.verification_attempts AS payments_verification_attempts, payments.last_check_at AS payments_last_check_at, payments.created_at AS payments_created_at, payments.verified_at AS payments_verified_at 
FROM payments 
WHERE payments.status = ?]
[parameters: ('pending',)]
(Background on this error at: https://sqlalche.me/e/20/e3q8)
2026-08-17 22:07:42 | ERROR | Periodic check error: (sqlite3.OperationalError) no such column: payments.network
[SQL: SELECT payments.id AS payments_id, payments.user_id AS payments_user_id, payments.tx_hash AS payments_tx_hash, payments.amount AS payments_amount, payments.currency AS payments_currency, payments.network AS payments_network, payments.status AS payments_status, payments.error_message AS payments_error_message, payments.verification_method AS payments_verification_method, payments.verification_attempts AS payments_verification_attempts, payments.last_check_at AS payments_last_check_at, payments.created_at AS payments_created_at, payments.verified_at AS payments_verified_at 
FROM payments 
WHERE payments.status = ?]
[parameters: ('pending',)]
(Background on this error at: https://sqlalche.me/e/20/e3q8)
2026-08-17 22:08:12 | ERROR | Periodic check error: (sqlite3.OperationalError) no such column: payments.network
[SQL: SELECT payments.id AS payments_id, payments.user_id AS payments_user_id, payments.tx_hash AS payments_tx_hash, payments.amount AS payments_amount, payments.currency AS payments_currency, payments.network AS payments_network, payments.status AS payments_status, payments.error_message AS payments_error_message, payments.verification_method AS payments_verification_method, payments.verification_attempts AS payments_verification_attempts, payments.last_check_at AS payments_last_check_at, payments.created_at AS payments_created_at, payments.verified_at AS payments_verified_at 
FROM payments 
WHERE payments.status = ?]
[parameters: ('pending',)]
(Background on this error at: https://sqlalche.me/e/20/e3q8)
2026-08-17 22:08:42 | ERROR | Periodic check error: (sqlite3.OperationalError) no such column: payments.network
[SQL: SELECT payments.id AS payments_id, payments.user_id AS payments_user_id, payments.tx_hash AS payments_tx_hash, payments.amount AS payments_amount, payments.currency AS payments_currency, payments.network AS payments_network, payments.status AS payments_status, payments.error_message AS payments_error_message, payments.verification_method AS payments_verification_method, payments.verification_attempts AS payments_verification_attempts, payments.last_check_at AS payments_last_check_at, payments.created_at AS payments_created_at, payments.verified_at AS payments_verified_at 
FROM payments 
WHERE payments.status = ?]
[parameters: ('pending',)]
(Background on this error at: https://sqlalche.me/e/20/e3q8)
2026-08-17 22:09:12 | ERROR | Periodic check error: (sqlite3.OperationalError) no such column: payments.network
[SQL: SELECT payments.id AS payments_id, payments.user_id AS payments_user_id, payments.tx_hash AS payments_tx_hash, payments.amount AS payments_amount, payments.currency AS payments_currency, payments.network AS payments_network, payments.status AS payments_status, payments.error_message AS payments_error_message, payments.verification_method AS payments_verification_method, payments.verification_attempts AS payments_verification_attempts, payments.last_check_at AS payments_last_check_at, payments.created_at AS payments_created_at, payments.verified_at AS payments_verified_at 
FROM payments 
WHERE payments.status = ?]
[parameters: ('pending',)]
(Background on this error at: https://sqlalche.me/e/20/e3q8)
2026-08-17 22:09:42 | ERROR | Periodic check error: (sqlite3.OperationalError) no such column: payments.network
[SQL: SELECT payments.id AS payments_id, payments.user_id AS payments_user_id, payments.tx_hash AS payments_tx_hash, payments.amount AS payments_amount, payments.currency AS payments_currency, payments.network AS payments_network, payments.status AS payments_status, payments.error_message AS payments_error_message, payments.verification_method AS payments_verification_method, payments.verification_attempts AS payments_verification_attempts, payments.last_check_at AS payments_last_check_at, payments.created_at AS payments_created_at, payments.verified_at AS payments_verified_at 
FROM payments 
WHERE payments.status = ?]
[parameters: ('pending',)]
(Background on this error at: https://sqlalche.me/e/20/e3q8)
2026-08-17 22:10:12 | ERROR | Periodic check error: (sqlite3.OperationalError) no such column: payments.network
[SQL: SELECT payments.id AS payments_id, payments.user_id AS payments_user_id, payments.tx_hash AS payments_tx_hash, payments.amount AS payments_amount, payments.currency AS payments_currency, payments.network AS payments_network, payments.status AS payments_status, payments.error_message AS payments_error_message, payments.verification_method AS payments_verification_method, payments.verification_attempts AS payments_verification_attempts, payments.last_check_at AS payments_last_check_at, payments.created_at AS payments_created_at, payments.verified_at AS payments_verified_at 
FROM payments 
WHERE payments.status = ?]
[parameters: ('pending',)]
(Background on this error at: https://sqlalche.me/e/20/e3q8)
2026-08-17 22:10:42 | ERROR | Periodic check error: (sqlite3.OperationalError) no such column: payments.network
[SQL: SELECT payments.id AS payments_id, payments.user_id AS payments_user_id, payments.tx_hash AS payments_tx_hash, payments.amount AS payments_amount, payments.currency AS payments_currency, payments.network AS payments_network, payments.status AS payments_status, payments.error_message AS payments_error_message, payments.verification_method AS payments_verification_method, payments.verification_attempts AS payments_verification_attempts, payments.last_check_at AS payments_last_check_at, payments.created_at AS payments_created_at, payments.verified_at AS payments_verified_at 
FROM payments 
WHERE payments.status = ?]
[parameters: ('pending',)]
(Background on this error at: https://sqlalche.me/e/20/e3q8)
2026-08-17 22:11:12 | ERROR | Periodic check error: (sqlite3.OperationalError) no such column: payments.network
[SQL: SELECT payments.id AS payments_id, payments.user_id AS payments_user_id, payments.tx_hash AS payments_tx_hash, payments.amount AS payments_amount, payments.currency AS payments_currency, payments.network AS payments_network, payments.status AS payments_status, payments.error_message AS payments_error_message, payments.verification_method AS payments_verification_method, payments.verification_attempts AS payments_verification_attempts, payments.last_check_at AS payments_last_check_at, payments.created_at AS payments_created_at, payments.verified_at AS payments_verified_at 
FROM payments 
WHERE payments.status = ?]
[parameters: ('pending',)]
(Background on this error at: https://sqlalche.me/e/20/e3q8)
2026-08-17 22:11:42 | ERROR | Periodic check error: (sqlite3.OperationalError) no such column: payments.network
[SQL: SELECT payments.id AS payments_id, payments.user_id AS payments_user_id, payments.tx_hash AS payments_tx_hash, payments.amount AS payments_amount, payments.currency AS payments_currency, payments.network AS payments_network, payments.status AS payments_status, payments.error_message AS payments_error_message, payments.verification_method AS payments_verification_method, payments.verification_attempts AS payments_verification_attempts, payments.last_check_at AS payments_last_check_at, payments.created_at AS payments_created_at, payments.verified_at AS payments_verified_at 
FROM payments 
WHERE payments.status = ?]
[parameters: ('pending',)]
(Background on this error at: https://sqlalche.me/e/20/e3q8)
2026-08-17 22:12:12 | ERROR | Periodic check error: (sqlite3.OperationalError) no such column: payments.network
[SQL: SELECT payments.id AS payments_id, payments.user_id AS payments_user_id, payments.tx_hash AS payments_tx_hash, payments.amount AS payments_amount, payments.currency AS payments_currency, payments.network AS payments_network, payments.status AS payments_status, payments.error_message AS payments_error_message, payments.verification_method AS payments_verification_method, payments.verification_attempts AS payments_verification_attempts, payments.last_check_at AS payments_last_check_at, payments.created_at AS payments_created_at, payments.verified_at AS payments_verified_at 
FROM payments 
WHERE payments.status = ?]
[parameters: ('pending',)]
(Background on this error at: https://sqlalche.me/e/20/e3q8)
2026-08-17 22:12:42 | ERROR | Periodic check error: (sqlite3.OperationalError) no such column: payments.network
[SQL: SELECT payments.id AS payments_id, payments.user_id AS payments_user_id, payments.tx_hash AS payments_tx_hash, payments.amount AS payments_amount, payments.currency AS payments_currency, payments.network AS payments_network, payments.status AS payments_status, payments.error_message AS payments_error_message, payments.verification_method AS payments_verification_method, payments.verification_attempts AS payments_verification_attempts, payments.last_check_at AS payments_last_check_at, payments.created_at AS payments_created_at, payments.verified_at AS payments_verified_at 
FROM payments 
WHERE payments.status = ?]
[parameters: ('pending',)]
(Background on this error at: https://sqlalche.me/e/20/e3q8)
2026-08-17 22:13:12 | ERROR | Periodic check error: (sqlite3.OperationalError) no such column: payments.network
[SQL: SELECT payments.id AS payments_id, payments.user_id AS payments_user_id, payments.tx_hash AS payments_tx_hash, payments.amount AS payments_amount, payments.currency AS payments_currency, payments.network AS payments_network, payments.status AS payments_status, payments.error_message AS payments_error_message, payments.verification_method AS payments_verification_method, payments.verification_attempts AS payments_verification_attempts, payments.last_check_at AS payments_last_check_at, payments.created_at AS payments_created_at, payments.verified_at AS payments_verified_at 
FROM payments 
WHERE payments.status = ?]
[parameters: ('pending',)]
(Background on this error at: https://sqlalche.me/e/20/e3q8)
2026-08-17 22:13:42 | ERROR | Periodic check error: (sqlite3.OperationalError) no such column: payments.network
[SQL: SELECT payments.id AS payments_id, payments.user_id AS payments_user_id, payments.tx_hash AS payments_tx_hash, payments.amount AS payments_amount, payments.currency AS payments_currency, payments.network AS payments_network, payments.status AS payments_status, payments.error_message AS payments_error_message, payments.verification_method AS payments_verification_method, payments.verification_attempts AS payments_verification_attempts, payments.last_check_at AS payments_last_check_at, payments.created_at AS payments_created_at, payments.verified_at AS payments_verified_at 
FROM payments 
WHERE payments.status = ?]
[parameters: ('pending',)]
(Background on this error at: https://sqlalche.me/e/20/e3q8)
2026-08-17 22:14:12 | ERROR | Periodic check error: (sqlite3.OperationalError) no such column: payments.network
[SQL: SELECT payments.id AS payments_id, payments.user_id AS payments_user_id, payments.tx_hash AS payments_tx_hash, payments.amount AS payments_amount, payments.currency AS payments_currency, payments.network AS payments_network, payments.status AS payments_status, payments.error_message AS payments_error_message, payments.verification_method AS payments_verification_method, payments.verification_attempts AS payments_verification_attempts, payments.last_check_at AS payments_last_check_at, payments.created_at AS payments_created_at, payments.verified_at AS payments_verified_at 
FROM payments 
WHERE payments.status = ?]
[parameters: ('pending',)]
(Background on this error at: https://sqlalche.me/e/20/e3q8)
2026-08-17 22:14:42 | ERROR | Periodic check error: (sqlite3.OperationalError) no such column: payments.network
[SQL: SELECT payments.id AS payments_id, payments.user_id AS payments_user_id, payments.tx_hash AS payments_tx_hash, payments.amount AS payments_amount, payments.currency AS payments_currency, payments.network AS payments_network, payments.status AS payments_status, payments.error_message AS payments_error_message, payments.verification_method AS payments_verification_method, payments.verification_attempts AS payments_verification_attempts, payments.last_check_at AS payments_last_check_at, payments.created_at AS payments_created_at, payments.verified_at AS payments_verified_at 
FROM payments 
WHERE payments.status = ?]
[parameters: ('pending',)]
(Background on this error at: https://sqlalche.me/e/20/e3q8)
2026-08-17 22:15:12 | ERROR | Periodic check error: (sqlite3.OperationalError) no such column: payments.network
[SQL: SELECT payments.id AS payments_id, payments.user_id AS payments_user_id, payments.tx_hash AS payments_tx_hash, payments.amount AS payments_amount, payments.currency AS payments_currency, payments.network AS payments_network, payments.status AS payments_status, payments.error_message AS payments_error_message, payments.verification_method AS payments_verification_method, payments.verification_attempts AS payments_verification_attempts, payments.last_check_at AS payments_last_check_at, payments.created_at AS payments_created_at, payments.verified_at AS payments_verified_at 
FROM payments 
WHERE payments.status = ?]
[parameters: ('pending',)]
(Background on this error at: https://sqlalche.me/e/20/e3q8)
2026-08-17 22:15:42 | ERROR | Periodic check error: (sqlite3.OperationalError) no such column: payments.network
[SQL: SELECT payments.id AS payments_id, payments.user_id AS payments_user_id, payments.tx_hash AS payments_tx_hash, payments.amount AS payments_amount, payments.currency AS payments_currency, payments.network AS payments_network, payments.status AS payments_status, payments.error_message AS payments_error_message, payments.verification_method AS payments_verification_method, payments.verification_attempts AS payments_verification_attempts, payments.last_check_at AS payments_last_check_at, payments.created_at AS payments_created_at, payments.verified_at AS payments_verified_at 
FROM payments 
WHERE payments.status = ?]
[parameters: ('pending',)]
(Background on this error at: https://sqlalche.me/e/20/e3q8)
2026-08-17 22:16:12 | ERROR | Periodic check error: (sqlite3.OperationalError) no such column: payments.network
[SQL: SELECT payments.id AS payments_id, payments.user_id AS payments_user_id, payments.tx_hash AS payments_tx_hash, payments.amount AS payments_amount, payments.currency AS payments_currency, payments.network AS payments_network, payments.status AS payments_status, payments.error_message AS payments_error_message, payments.verification_method AS payments_verification_method, payments.verification_attempts AS payments_verification_attempts, payments.last_check_at AS payments_last_check_at, payments.created_at AS payments_created_at, payments.verified_at AS payments_verified_at 
FROM payments 
WHERE payments.status = ?]
[parameters: ('pending',)]
(Background on this error at: https://sqlalche.me/e/20/e3q8)
2026-08-17 22:16:42 | ERROR | Periodic check error: (sqlite3.OperationalError) no such column: payments.network
[SQL: SELECT payments.id AS payments_id, payments.user_id AS payments_user_id, payments.tx_hash AS payments_tx_hash, payments.amount AS payments_amount, payments.currency AS payments_currency, payments.network AS payments_network, payments.status AS payments_status, payments.error_message AS payments_error_message, payments.verification_method AS payments_verification_method, payments.verification_attempts AS payments_verification_attempts, payments.last_check_at AS payments_last_check_at, payments.created_at AS payments_created_at, payments.verified_at AS payments_verified_at 
FROM payments 
WHERE payments.status = ?]
[parameters: ('pending',)]
(Background on this error at: https://sqlalche.me/e/20/e3q8)
2026-08-17 22:17:12 | ERROR | Periodic check error: (sqlite3.OperationalError) no such column: payments.network
[SQL: SELECT payments.id AS payments_id, payments.user_id AS payments_user_id, payments.tx_hash AS payments_tx_hash, payments.amount AS payments_amount, payments.currency AS payments_currency, payments.network AS payments_network, payments.status AS payments_status, payments.error_message AS payments_error_message, payments.verification_method AS payments_verification_method, payments.verification_attempts AS payments_verification_attempts, payments.last_check_at AS payments_last_check_at, payments.created_at AS payments_created_at, payments.verified_at AS payments_verified_at 
FROM payments 
WHERE payments.status = ?]
[parameters: ('pending',)]
(Background on this error at: https://sqlalche.me/e/20/e3q8)
2026-08-17 22:17:42 | ERROR | Periodic check error: (sqlite3.OperationalError) no such column: payments.network
[SQL: SELECT payments.id AS payments_id, payments.user_id AS payments_user_id, payments.tx_hash AS payments_tx_hash, payments.amount AS payments_amount, payments.currency AS payments_currency, payments.network AS payments_network, payments.status AS payments_status, payments.error_message AS payments_error_message, payments.verification_method AS payments_verification_method, payments.verification_attempts AS payments_verification_attempts, payments.last_check_at AS payments_last_check_at, payments.created_at AS payments_created_at, payments.verified_at AS payments_verified_at 
FROM payments 
WHERE payments.status = ?]
[parameters: ('pending',)]
(Background on this error at: https://sqlalche.me/e/20/e3q8)
2026-08-17 22:18:12 | ERROR | Periodic check error: (sqlite3.OperationalError) no such column: payments.network
[SQL: SELECT payments.id AS payments_id, payments.user_id AS payments_user_id, payments.tx_hash AS payments_tx_hash, payments.amount AS payments_amount, payments.currency AS payments_currency, payments.network AS payments_network, payments.status AS payments_status, payments.error_message AS payments_error_message, payments.verification_method AS payments_verification_method, payments.verification_attempts AS payments_verification_attempts, payments.last_check_at AS payments_last_check_at, payments.created_at AS payments_created_at, payments.verified_at AS payments_verified_at 
FROM payments 
WHERE payments.status = ?]
[parameters: ('pending',)]
(Background on this error at: https://sqlalche.me/e/20/e3q8)
2026-08-17 22:18:42 | ERROR | Periodic check error: (sqlite3.OperationalError) no such column: payments.network
[SQL: SELECT payments.id AS payments_id, payments.user_id AS payments_user_id, payments.tx_hash AS payments_tx_hash, payments.amount AS payments_amount, payments.currency AS payments_currency, payments.network AS payments_network, payments.status AS payments_status, payments.error_message AS payments_error_message, payments.verification_method AS payments_verification_method, payments.verification_attempts AS payments_verification_attempts, payments.last_check_at AS payments_last_check_at, payments.created_at AS payments_created_at, payments.verified_at AS payments_verified_at 
FROM payments 
WHERE payments.status = ?]
[parameters: ('pending',)]
(Background on this error at: https://sqlalche.me/e/20/e3q8)
2026-08-17 22:19:12 | ERROR | Periodic check error: (sqlite3.OperationalError) no such column: payments.network
[SQL: SELECT payments.id AS payments_id, payments.user_id AS payments_user_id, payments.tx_hash AS payments_tx_hash, payments.amount AS payments_amount, payments.currency AS payments_currency, payments.network AS payments_network, payments.status AS payments_status, payments.error_message AS payments_error_message, payments.verification_method AS payments_verification_method, payments.verification_attempts AS payments_verification_attempts, payments.last_check_at AS payments_last_check_at, payments.created_at AS payments_created_at, payments.verified_at AS payments_verified_at 
FROM payments 
WHERE payments.status = ?]
[parameters: ('pending',)]
(Background on this error at: https://sqlalche.me/e/20/e3q8)
2026-08-17 22:19:42 | ERROR | Periodic check error: (sqlite3.OperationalError) no such column: payments.network
[SQL: SELECT payments.id AS payments_id, payments.user_id AS payments_user_id, payments.tx_hash AS payments_tx_hash, payments.amount AS payments_amount, payments.currency AS payments_currency, payments.network AS payments_network, payments.status AS payments_status, payments.error_message AS payments_error_message, payments.verification_method AS payments_verification_method, payments.verification_attempts AS payments_verification_attempts, payments.last_check_at AS payments_last_check_at, payments.created_at AS payments_created_at, payments.verified_at AS payments_verified_at 
FROM payments 
WHERE payments.status = ?]
[parameters: ('pending',)]
(Background on this error at: https://sqlalche.me/e/20/e3q8)
2026-08-17 22:20:12 | ERROR | Periodic check error: (sqlite3.OperationalError) no such column: payments.network
[SQL: SELECT payments.id AS payments_id, payments.user_id AS payments_user_id, payments.tx_hash AS payments_tx_hash, payments.amount AS payments_amount, payments.currency AS payments_currency, payments.network AS payments_network, payments.status AS payments_status, payments.error_message AS payments_error_message, payments.verification_method AS payments_verification_method, payments.verification_attempts AS payments_verification_attempts, payments.last_check_at AS payments_last_check_at, payments.created_at AS payments_created_at, payments.verified_at AS payments_verified_at 
FROM payments 
WHERE payments.status = ?]
[parameters: ('pending',)]
(Background on this error at: https://sqlalche.me/e/20/e3q8)
2026-08-17 22:20:42 | ERROR | Periodic check error: (sqlite3.OperationalError) no such column: payments.network
[SQL: SELECT payments.id AS payments_id, payments.user_id AS payments_user_id, payments.tx_hash AS payments_tx_hash, payments.amount AS payments_amount, payments.currency AS payments_currency, payments.network AS payments_network, payments.status AS payments_status, payments.error_message AS payments_error_message, payments.verification_method AS payments_verification_method, payments.verification_attempts AS payments_verification_attempts, payments.last_check_at AS payments_last_check_at, payments.created_at AS payments_created_at, payments.verified_at AS payments_verified_at 
FROM payments 
WHERE payments.status = ?]
[parameters: ('pending',)]
(Background on this error at: https://sqlalche.me/e/20/e3q8)
2026-08-17 22:21:12 | ERROR | Periodic check error: (sqlite3.OperationalError) no such column: payments.network
[SQL: SELECT payments.id AS payments_id, payments.user_id AS payments_user_id, payments.tx_hash AS payments_tx_hash, payments.amount AS payments_amount, payments.currency AS payments_currency, payments.network AS payments_network, payments.status AS payments_status, payments.error_message AS payments_error_message, payments.verification_method AS payments_verification_method, payments.verification_attempts AS payments_verification_attempts, payments.last_check_at AS payments_last_check_at, payments.created_at AS payments_created_at, payments.verified_at AS payments_verified_at 
FROM payments 
WHERE payments.status = ?]
[parameters: ('pending',)]
(Background on this error at: https://sqlalche.me/e/20/e3q8)
2026-08-17 22:21:42 | ERROR | Periodic check error: (sqlite3.OperationalError) no such column: payments.network
[SQL: SELECT payments.id AS payments_id, payments.user_id AS payments_user_id, payments.tx_hash AS payments_tx_hash, payments.amount AS payments_amount, payments.currency AS payments_currency, payments.network AS payments_network, payments.status AS payments_status, payments.error_message AS payments_error_message, payments.verification_method AS payments_verification_method, payments.verification_attempts AS payments_verification_attempts, payments.last_check_at AS payments_last_check_at, payments.created_at AS payments_created_at, payments.verified_at AS payments_verified_at 
FROM payments 
WHERE payments.status = ?]
[parameters: ('pending',)]
(Background on this error at: https://sqlalche.me/e/20/e3q8)
2026-08-17 22:22:12 | ERROR | Periodic check error: (sqlite3.OperationalError) no such column: payments.network
[SQL: SELECT payments.id AS payments_id, payments.user_id AS payments_user_id, payments.tx_hash AS payments_tx_hash, payments.amount AS payments_amount, payments.currency AS payments_currency, payments.network AS payments_network, payments.status AS payments_status, payments.error_message AS payments_error_message, payments.verification_method AS payments_verification_method, payments.verification_attempts AS payments_verification_attempts, payments.last_check_at AS payments_last_check_at, payments.created_at AS payments_created_at, payments.verified_at AS payments_verified_at 
FROM payments 
WHERE payments.status = ?]
[parameters: ('pending',)]
(Background on this error at: https://sqlalche.me/e/20/e3q8)
2026-08-17 22:22:42 | ERROR | Periodic check error: (sqlite3.OperationalError) no such column: payments.network
[SQL: SELECT payments.id AS payments_id, payments.user_id AS payments_user_id, payments.tx_hash AS payments_tx_hash, payments.amount AS payments_amount, payments.currency AS payments_currency, payments.network AS payments_network, payments.status AS payments_status, payments.error_message AS payments_error_message, payments.verification_method AS payments_verification_method, payments.verification_attempts AS payments_verification_attempts, payments.last_check_at AS payments_last_check_at, payments.created_at AS payments_created_at, payments.verified_at AS payments_verified_at 
FROM payments 
WHERE payments.status = ?]
[parameters: ('pending',)]
(Background on this error at: https://sqlalche.me/e/20/e3q8)
2026-08-17 22:23:12 | ERROR | Periodic check error: (sqlite3.OperationalError) no such column: payments.network
[SQL: SELECT payments.id AS payments_id, payments.user_id AS payments_user_id, payments.tx_hash AS payments_tx_hash, payments.amount AS payments_amount, payments.currency AS payments_currency, payments.network AS payments_network, payments.status AS payments_status, payments.error_message AS payments_error_message, payments.verification_method AS payments_verification_method, payments.verification_attempts AS payments_verification_attempts, payments.last_check_at AS payments_last_check_at, payments.created_at AS payments_created_at, payments.verified_at AS payments_verified_at 
FROM payments 
WHERE payments.status = ?]
[parameters: ('pending',)]
(Background on this error at: https://sqlalche.me/e/20/e3q8)
2026-08-17 22:23:42 | ERROR | Periodic check error: (sqlite3.OperationalError) no such column: payments.network
[SQL: SELECT payments.id AS payments_id, payments.user_id AS payments_user_id, payments.tx_hash AS payments_tx_hash, payments.amount AS payments_amount, payments.currency AS payments_currency, payments.network AS payments_network, payments.status AS payments_status, payments.error_message AS payments_error_message, payments.verification_method AS payments_verification_method, payments.verification_attempts AS payments_verification_attempts, payments.last_check_at AS payments_last_check_at, payments.created_at AS payments_created_at, payments.verified_at AS payments_verified_at 
FROM payments 
WHERE payments.status = ?]
[parameters: ('pending',)]
(Background on this error at: https://sqlalche.me/e/20/e3q8)
2026-08-17 22:24:12 | ERROR | Periodic check error: (sqlite3.OperationalError) no such column: payments.network
[SQL: SELECT payments.id AS payments_id, payments.user_id AS payments_user_id, payments.tx_hash AS payments_tx_hash, payments.amount AS payments_amount, payments.currency AS payments_currency, payments.network AS payments_network, payments.status AS payments_status, payments.error_message AS payments_error_message, payments.verification_method AS payments_verification_method, payments.verification_attempts AS payments_verification_attempts, payments.last_check_at AS payments_last_check_at, payments.created_at AS payments_created_at, payments.verified_at AS payments_verified_at 
FROM payments 
WHERE payments.status = ?]
[parameters: ('pending',)]
(Background on this error at: https://sqlalche.me/e/20/e3q8)
2026-08-17 22:24:42 | ERROR | Periodic check error: (sqlite3.OperationalError) no such column: payments.network
[SQL: SELECT payments.id AS payments_id, payments.user_id AS payments_user_id, payments.tx_hash AS payments_tx_hash, payments.amount AS payments_amount, payments.currency AS payments_currency, payments.network AS payments_network, payments.status AS payments_status, payments.error_message AS payments_error_message, payments.verification_method AS payments_verification_method, payments.verification_attempts AS payments_verification_attempts, payments.last_check_at AS payments_last_check_at, payments.created_at AS payments_created_at, payments.verified_at AS payments_verified_at 
FROM payments 
WHERE payments.status = ?]
[parameters: ('pending',)]
(Background on this error at: https://sqlalche.me/e/20/e3q8)
2026-08-17 22:25:12 | ERROR | Periodic check error: (sqlite3.OperationalError) no such column: payments.network
[SQL: SELECT payments.id AS payments_id, payments.user_id AS payments_user_id, payments.tx_hash AS payments_tx_hash, payments.amount AS payments_amount, payments.currency AS payments_currency, payments.network AS payments_network, payments.status AS payments_status, payments.error_message AS payments_error_message, payments.verification_method AS payments_verification_method, payments.verification_attempts AS payments_verification_attempts, payments.last_check_at AS payments_last_check_at, payments.created_at AS payments_created_at, payments.verified_at AS payments_verified_at 
FROM payments 
WHERE payments.status = ?]
[parameters: ('pending',)]
(Background on this error at: https://sqlalche.me/e/20/e3q8)
2026-08-17 22:25:42 | ERROR | Periodic check error: (sqlite3.OperationalError) no such column: payments.network
[SQL: SELECT payments.id AS payments_id, payments.user_id AS payments_user_id, payments.tx_hash AS payments_tx_hash, payments.amount AS payments_amount, payments.currency AS payments_currency, payments.network AS payments_network, payments.status AS payments_status, payments.error_message AS payments_error_message, payments.verification_method AS payments_verification_method, payments.verification_attempts AS payments_verification_attempts, payments.last_check_at AS payments_last_check_at, payments.created_at AS payments_created_at, payments.verified_at AS payments_verified_at 
FROM payments 
WHERE payments.status = ?]
[parameters: ('pending',)]
(Background on this error at: https://sqlalche.me/e/20/e3q8)
2026-08-17 22:26:12 | ERROR | Periodic check error: (sqlite3.OperationalError) no such column: payments.network
[SQL: SELECT payments.id AS payments_id, payments.user_id AS payments_user_id, payments.tx_hash AS payments_tx_hash, payments.amount AS payments_amount, payments.currency AS payments_currency, payments.network AS payments_network, payments.status AS payments_status, payments.error_message AS payments_error_message, payments.verification_method AS payments_verification_method, payments.verification_attempts AS payments_verification_attempts, payments.last_check_at AS payments_last_check_at, payments.created_at AS payments_created_at, payments.verified_at AS payments_verified_at 
FROM payments 
WHERE payments.status = ?]
[parameters: ('pending',)]
(Background on this error at: https://sqlalche.me/e/20/e3q8)
2026-08-17 22:26:42 | ERROR | Periodic check error: (sqlite3.OperationalError) no such column: payments.network
[SQL: SELECT payments.id AS payments_id, payments.user_id AS payments_user_id, payments.tx_hash AS payments_tx_hash, payments.amount AS payments_amount, payments.currency AS payments_currency, payments.network AS payments_network, payments.status AS payments_status, payments.error_message AS payments_error_message, payments.verification_method AS payments_verification_method, payments.verification_attempts AS payments_verification_attempts, payments.last_check_at AS payments_last_check_at, payments.created_at AS payments_created_at, payments.verified_at AS payments_verified_at 
FROM payments 
WHERE payments.status = ?]
[parameters: ('pending',)]
(Background on this error at: https://sqlalche.me/e/20/e3q8)
2026-08-17 22:27:12 | ERROR | Periodic check error: (sqlite3.OperationalError) no such column: payments.network
[SQL: SELECT payments.id AS payments_id, payments.user_id AS payments_user_id, payments.tx_hash AS payments_tx_hash, payments.amount AS payments_amount, payments.currency AS payments_currency, payments.network AS payments_network, payments.status AS payments_status, payments.error_message AS payments_error_message, payments.verification_method AS payments_verification_method, payments.verification_attempts AS payments_verification_attempts, payments.last_check_at AS payments_last_check_at, payments.created_at AS payments_created_at, payments.verified_at AS payments_verified_at 
FROM payments 
WHERE payments.status = ?]
[parameters: ('pending',)]
(Background on this error at: https://sqlalche.me/e/20/e3q8)
2026-08-17 22:27:42 | ERROR | Periodic check error: (sqlite3.OperationalError) no such column: payments.network
[SQL: SELECT payments.id AS payments_id, payments.user_id AS payments_user_id, payments.tx_hash AS payments_tx_hash, payments.amount AS payments_amount, payments.currency AS payments_currency, payments.network AS payments_network, payments.status AS payments_status, payments.error_message AS payments_error_message, payments.verification_method AS payments_verification_method, payments.verification_attempts AS payments_verification_attempts, payments.last_check_at AS payments_last_check_at, payments.created_at AS payments_created_at, payments.verified_at AS payments_verified_at 
FROM payments 
WHERE payments.status = ?]
[parameters: ('pending',)]
(Background on this error at: https://sqlalche.me/e/20/e3q8)
2026-08-17 22:28:12 | ERROR | Periodic check error: (sqlite3.OperationalError) no such column: payments.network
[SQL: SELECT payments.id AS payments_id, payments.user_id AS payments_user_id, payments.tx_hash AS payments_tx_hash, payments.amount AS payments_amount, payments.currency AS payments_currency, payments.network AS payments_network, payments.status AS payments_status, payments.error_message AS payments_error_message, payments.verification_method AS payments_verification_method, payments.verification_attempts AS payments_verification_attempts, payments.last_check_at AS payments_last_check_at, payments.created_at AS payments_created_at, payments.verified_at AS payments_verified_at 
FROM payments 
WHERE payments.status = ?]
[parameters: ('pending',)]
(Background on this error at: https://sqlalche.me/e/20/e3q8)
2026-08-17 22:28:42 | ERROR | Periodic check error: (sqlite3.OperationalError) no such column: payments.network
[SQL: SELECT payments.id AS payments_id, payments.user_id AS payments_user_id, payments.tx_hash AS payments_tx_hash, payments.amount AS payments_amount, payments.currency AS payments_currency, payments.network AS payments_network, payments.status AS payments_status, payments.error_message AS payments_error_message, payments.verification_method AS payments_verification_method, payments.verification_attempts AS payments_verification_attempts, payments.last_check_at AS payments_last_check_at, payments.created_at AS payments_created_at, payments.verified_at AS payments_verified_at 
FROM payments 
WHERE payments.status = ?]
[parameters: ('pending',)]
(Background on this error at: https://sqlalche.me/e/20/e3q8)
2026-08-17 22:29:12 | ERROR | Periodic check error: (sqlite3.OperationalError) no such column: payments.network
[SQL: SELECT payments.id AS payments_id, payments.user_id AS payments_user_id, payments.tx_hash AS payments_tx_hash, payments.amount AS payments_amount, payments.currency AS payments_currency, payments.network AS payments_network, payments.status AS payments_status, payments.error_message AS payments_error_message, payments.verification_method AS payments_verification_method, payments.verification_attempts AS payments_verification_attempts, payments.last_check_at AS payments_last_check_at, payments.created_at AS payments_created_at, payments.verified_at AS payments_verified_at 
FROM payments 
WHERE payments.status = ?]
[parameters: ('pending',)]
(Background on this error at: https://sqlalche.me/e/20/e3q8)
2026-08-17 22:29:28 | INFO | \U0001f6d1 Sweetsnipe server shutting down...
2026-08-17 22:29:28 | INFO | \u2705 Server shutdown complete
2026-08-17 22:29:32 | INFO | Development CORS origins: ['http://localhost:3000', 'http://localhost:8000']
2026-08-17 22:29:32 | INFO | \U0001f680 Sweetsnipe server starting... (Environment: development)
2026-08-17 22:29:32 | INFO | \u2705 Server startup complete
2026-08-17 22:29:32 | ERROR | Periodic check error: (sqlite3.OperationalError) no such column: payments.network
[SQL: SELECT payments.id AS payments_id, payments.user_id AS payments_user_id, payments.tx_hash AS payments_tx_hash, payments.amount AS payments_amount, payments.currency AS payments_currency, payments.network AS payments_network, payments.status AS payments_status, payments.error_message AS payments_error_message, payments.verification_method AS payments_verification_method, payments.verification_attempts AS payments_verification_attempts, payments.last_check_at AS payments_last_check_at, payments.created_at AS payments_created_at, payments.verified_at AS payments_verified_at 
FROM payments 
WHERE payments.status = ?]
[parameters: ('pending',)]
(Background on this error at: https://sqlalche.me/e/20/e3q8)
2026-08-17 22:29:32 | INFO | \U0001f6d1 Sweetsnipe server shutting down...
2026-08-17 22:29:32 | INFO | \u2705 Server shutdown complete
2026-08-17 22:29:35 | INFO | Development CORS origins: ['http://localhost:3000', 'http://localhost:8000']
2026-08-17 22:29:35 | INFO | \U0001f680 Sweetsnipe server starting... (Environment: development)
2026-08-17 22:29:35 | INFO | \u2705 Server startup complete
2026-08-17 22:29:35 | ERROR | Periodic check error: (sqlite3.OperationalError) no such column: payments.network
[SQL: SELECT payments.id AS payments_id, payments.user_id AS payments_user_id, payments.tx_hash AS payments_tx_hash, payments.amount AS payments_amount, payments.currency AS payments_currency, payments.network AS payments_network, payments.status AS payments_status, payments.error_message AS payments_error_message, payments.verification_method AS payments_verification_method, payments.verification_attempts AS payments_verification_attempts, payments.last_check_at AS payments_last_check_at, payments.created_at AS payments_created_at, payments.verified_at AS payments_verified_at 
FROM payments 
WHERE payments.status = ?]
[parameters: ('pending',)]
(Background on this error at: https://sqlalche.me/e/20/e3q8)
2026-08-17 22:29:46 | INFO | \U0001f6d1 Sweetsnipe server shutting down...
2026-08-17 22:29:46 | INFO | \u2705 Server shutdown complete
2026-08-17 22:29:55 | INFO | Development CORS origins: ['http://localhost:3000', 'http://localhost:8000']
2026-08-17 22:29:56 | INFO | \U0001f680 Sweetsnipe server starting... (Environment: development)
2026-08-17 22:29:56 | INFO | \u2705 Server startup complete
2026-08-17 22:29:56 | ERROR | Periodic check error: (sqlite3.OperationalError) no such column: payments.network
[SQL: SELECT payments.id AS payments_id, payments.user_id AS payments_user_id, payments.tx_hash AS payments_tx_hash, payments.amount AS payments_amount, payments.currency AS payments_currency, payments.network AS payments_network, payments.status AS payments_status, payments.error_message AS payments_error_message, payments.verification_method AS payments_verification_method, payments.verification_attempts AS payments_verification_attempts, payments.last_check_at AS payments_last_check_at, payments.created_at AS payments_created_at, payments.verified_at AS payments_verified_at 
FROM payments 
WHERE payments.status = ?]
[parameters: ('pending',)]
(Background on this error at: https://sqlalche.me/e/20/e3q8)
2026-08-17 22:30:26 | ERROR | Periodic check error: (sqlite3.OperationalError) no such column: payments.network
[SQL: SELECT payments.id AS payments_id, payments.user_id AS payments_user_id, payments.tx_hash AS payments_tx_hash, payments.amount AS payments_amount, payments.currency AS payments_currency, payments.network AS payments_network, payments.status AS payments_status, payments.error_message AS payments_error_message, payments.verification_method AS payments_verification_method, payments.verification_attempts AS payments_verification_attempts, payments.last_check_at AS payments_last_check_at, payments.created_at AS payments_created_at, payments.verified_at AS payments_verified_at 
FROM payments 
WHERE payments.status = ?]
[parameters: ('pending',)]
(Background on this error at: https://sqlalche.me/e/20/e3q8)
2026-08-17 22:30:56 | ERROR | Periodic check error: (sqlite3.OperationalError) no such column: payments.network
[SQL: SELECT payments.id AS payments_id, payments.user_id AS payments_user_id, payments.tx_hash AS payments_tx_hash, payments.amount AS payments_amount, payments.currency AS payments_currency, payments.network AS payments_network, payments.status AS payments_status, payments.error_message AS payments_error_message, payments.verification_method AS payments_verification_method, payments.verification_attempts AS payments_verification_attempts, payments.last_check_at AS payments_last_check_at, payments.created_at AS payments_created_at, payments.verified_at AS payments_verified_at 
FROM payments 
WHERE payments.status = ?]
[parameters: ('pending',)]
(Background on this error at: https://sqlalche.me/e/20/e3q8)
2026-08-17 22:31:26 | ERROR | Periodic check error: (sqlite3.OperationalError) no such column: payments.network
[SQL: SELECT payments.id AS payments_id, payments.user_id AS payments_user_id, payments.tx_hash AS payments_tx_hash, payments.amount AS payments_amount, payments.currency AS payments_currency, payments.network AS payments_network, payments.status AS payments_status, payments.error_message AS payments_error_message, payments.verification_method AS payments_verification_method, payments.verification_attempts AS payments_verification_attempts, payments.last_check_at AS payments_last_check_at, payments.created_at AS payments_created_at, payments.verified_at AS payments_verified_at 
FROM payments 
WHERE payments.status = ?]
[parameters: ('pending',)]
(Background on this error at: https://sqlalche.me/e/20/e3q8)
2026-08-17 22:31:56 | ERROR | Periodic check error: (sqlite3.OperationalError) no such column: payments.network
[SQL: SELECT payments.id AS payments_id, payments.user_id AS payments_user_id, payments.tx_hash AS payments_tx_hash, payments.amount AS payments_amount, payments.currency AS payments_currency, payments.network AS payments_network, payments.status AS payments_status, payments.error_message AS payments_error_message, payments.verification_method AS payments_verification_method, payments.verification_attempts AS payments_verification_attempts, payments.last_check_at AS payments_last_check_at, payments.created_at AS payments_created_at, payments.verified_at AS payments_verified_at 
FROM payments 
WHERE payments.status = ?]
[parameters: ('pending',)]
(Background on this error at: https://sqlalche.me/e/20/e3q8)
2026-08-17 22:32:26 | ERROR | Periodic check error: (sqlite3.OperationalError) no such column: payments.network
[SQL: SELECT payments.id AS payments_id, payments.user_id AS payments_user_id, payments.tx_hash AS payments_tx_hash, payments.amount AS payments_amount, payments.currency AS payments_currency, payments.network AS payments_network, payments.status AS payments_status, payments.error_message AS payments_error_message, payments.verification_method AS payments_verification_method, payments.verification_attempts AS payments_verification_attempts, payments.last_check_at AS payments_last_check_at, payments.created_at AS payments_created_at, payments.verified_at AS payments_verified_at 
FROM payments 
WHERE payments.status = ?]
[parameters: ('pending',)]
(Background on this error at: https://sqlalche.me/e/20/e3q8)
2026-08-17 22:32:56 | ERROR | Periodic check error: (sqlite3.OperationalError) no such column: payments.network
[SQL: SELECT payments.id AS payments_id, payments.user_id AS payments_user_id, payments.tx_hash AS payments_tx_hash, payments.amount AS payments_amount, payments.currency AS payments_currency, payments.network AS payments_network, payments.status AS payments_status, payments.error_message AS payments_error_message, payments.verification_method AS payments_verification_method, payments.verification_attempts AS payments_verification_attempts, payments.last_check_at AS payments_last_check_at, payments.created_at AS payments_created_at, payments.verified_at AS payments_verified_at 
FROM payments 
WHERE payments.status = ?]
[parameters: ('pending',)]
(Background on this error at: https://sqlalche.me/e/20/e3q8)
2026-08-17 22:33:26 | ERROR | Periodic check error: (sqlite3.OperationalError) no such column: payments.network
[SQL: SELECT payments.id AS payments_id, payments.user_id AS payments_user_id, payments.tx_hash AS payments_tx_hash, payments.amount AS payments_amount, payments.currency AS payments_currency, payments.network AS payments_network, payments.status AS payments_status, payments.error_message AS payments_error_message, payments.verification_method AS payments_verification_method, payments.verification_attempts AS payments_verification_attempts, payments.last_check_at AS payments_last_check_at, payments.created_at AS payments_created_at, payments.verified_at AS payments_verified_at 
FROM payments 
WHERE payments.status = ?]
[parameters: ('pending',)]
(Background on this error at: https://sqlalche.me/e/20/e3q8)
2026-08-17 22:33:56 | ERROR | Periodic check error: (sqlite3.OperationalError) no such column: payments.network
[SQL: SELECT payments.id AS payments_id, payments.user_id AS payments_user_id, payments.tx_hash AS payments_tx_hash, payments.amount AS payments_amount, payments.currency AS payments_currency, payments.network AS payments_network, payments.status AS payments_status, payments.error_message AS payments_error_message, payments.verification_method AS payments_verification_method, payments.verification_attempts AS payments_verification_attempts, payments.last_check_at AS payments_last_check_at, payments.created_at AS payments_created_at, payments.verified_at AS payments_verified_at 
FROM payments 
WHERE payments.status = ?]
[parameters: ('pending',)]
(Background on this error at: https://sqlalche.me/e/20/e3q8)
2026-08-17 22:34:26 | ERROR | Periodic check error: (sqlite3.OperationalError) no such column: payments.network
[SQL: SELECT payments.id AS payments_id, payments.user_id AS payments_user_id, payments.tx_hash AS payments_tx_hash, payments.amount AS payments_amount, payments.currency AS payments_currency, payments.network AS payments_network, payments.status AS payments_status, payments.error_message AS payments_error_message, payments.verification_method AS payments_verification_method, payments.verification_attempts AS payments_verification_attempts, payments.last_check_at AS payments_last_check_at, payments.created_at AS payments_created_at, payments.verified_at AS payments_verified_at 
FROM payments 
WHERE payments.status = ?]
[parameters: ('pending',)]
(Background on this error at: https://sqlalche.me/e/20/e3q8)
2026-08-17 22:34:56 | ERROR | Periodic check error: (sqlite3.OperationalError) no such column: payments.network
[SQL: SELECT payments.id AS payments_id, payments.user_id AS payments_user_id, payments.tx_hash AS payments_tx_hash, payments.amount AS payments_amount, payments.currency AS payments_currency, payments.network AS payments_network, payments.status AS payments_status, payments.error_message AS payments_error_message, payments.verification_method AS payments_verification_method, payments.verification_attempts AS payments_verification_attempts, payments.last_check_at AS payments_last_check_at, payments.created_at AS payments_created_at, payments.verified_at AS payments_verified_at 
FROM payments 
WHERE payments.status = ?]
[parameters: ('pending',)]
(Background on this error at: https://sqlalche.me/e/20/e3q8)
2026-08-17 22:35:26 | ERROR | Periodic check error: (sqlite3.OperationalError) no such column: payments.network
[SQL: SELECT payments.id AS payments_id, payments.user_id AS payments_user_id, payments.tx_hash AS payments_tx_hash, payments.amount AS payments_amount, payments.currency AS payments_currency, payments.network AS payments_network, payments.status AS payments_status, payments.error_message AS payments_error_message, payments.verification_method AS payments_verification_method, payments.verification_attempts AS payments_verification_attempts, payments.last_check_at AS payments_last_check_at, payments.created_at AS payments_created_at, payments.verified_at AS payments_verified_at 
FROM payments 
WHERE payments.status = ?]
[parameters: ('pending',)]
(Background on this error at: https://sqlalche.me/e/20/e3q8)
2026-08-17 22:35:56 | ERROR | Periodic check error: (sqlite3.OperationalError) no such column: payments.network
[SQL: SELECT payments.id AS payments_id, payments.user_id AS payments_user_id, payments.tx_hash AS payments_tx_hash, payments.amount AS payments_amount, payments.currency AS payments_currency, payments.network AS payments_network, payments.status AS payments_status, payments.error_message AS payments_error_message, payments.verification_method AS payments_verification_method, payments.verification_attempts AS payments_verification_attempts, payments.last_check_at AS payments_last_check_at, payments.created_at AS payments_created_at, payments.verified_at AS payments_verified_at 
FROM payments 
WHERE payments.status = ?]
[parameters: ('pending',)]
(Background on this error at: https://sqlalche.me/e/20/e3q8)
2026-08-17 22:36:26 | ERROR | Periodic check error: (sqlite3.OperationalError) no such column: payments.network
[SQL: SELECT payments.id AS payments_id, payments.user_id AS payments_user_id, payments.tx_hash AS payments_tx_hash, payments.amount AS payments_amount, payments.currency AS payments_currency, payments.network AS payments_network, payments.status AS payments_status, payments.error_message AS payments_error_message, payments.verification_method AS payments_verification_method, payments.verification_attempts AS payments_verification_attempts, payments.last_check_at AS payments_last_check_at, payments.created_at AS payments_created_at, payments.verified_at AS payments_verified_at 
FROM payments 
WHERE payments.status = ?]
[parameters: ('pending',)]
(Background on this error at: https://sqlalche.me/e/20/e3q8)
2026-08-17 22:36:56 | ERROR | Periodic check error: (sqlite3.OperationalError) no such column: payments.network
[SQL: SELECT payments.id AS payments_id, payments.user_id AS payments_user_id, payments.tx_hash AS payments_tx_hash, payments.amount AS payments_amount, payments.currency AS payments_currency, payments.network AS payments_network, payments.status AS payments_status, payments.error_message AS payments_error_message, payments.verification_method AS payments_verification_method, payments.verification_attempts AS payments_verification_attempts, payments.last_check_at AS payments_last_check_at, payments.created_at AS payments_created_at, payments.verified_at AS payments_verified_at 
FROM payments 
WHERE payments.status = ?]
[parameters: ('pending',)]
(Background on this error at: https://sqlalche.me/e/20/e3q8)
2026-08-17 22:37:26 | ERROR | Periodic check error: (sqlite3.OperationalError) no such column: payments.network
[SQL: SELECT payments.id AS payments_id, payments.user_id AS payments_user_id, payments.tx_hash AS payments_tx_hash, payments.amount AS payments_amount, payments.currency AS payments_currency, payments.network AS payments_network, payments.status AS payments_status, payments.error_message AS payments_error_message, payments.verification_method AS payments_verification_method, payments.verification_attempts AS payments_verification_attempts, payments.last_check_at AS payments_last_check_at, payments.created_at AS payments_created_at, payments.verified_at AS payments_verified_at 
FROM payments 
WHERE payments.status = ?]
[parameters: ('pending',)]
(Background on this error at: https://sqlalche.me/e/20/e3q8)
2026-08-17 22:37:56 | ERROR | Periodic check error: (sqlite3.OperationalError) no such column: payments.network
[SQL: SELECT payments.id AS payments_id, payments.user_id AS payments_user_id, payments.tx_hash AS payments_tx_hash, payments.amount AS payments_amount, payments.currency AS payments_currency, payments.network AS payments_network, payments.status AS payments_status, payments.error_message AS payments_error_message, payments.verification_method AS payments_verification_method, payments.verification_attempts AS payments_verification_attempts, payments.last_check_at AS payments_last_check_at, payments.created_at AS payments_created_at, payments.verified_at AS payments_verified_at 
FROM payments 
WHERE payments.status = ?]
[parameters: ('pending',)]
(Background on this error at: https://sqlalche.me/e/20/e3q8)
2026-08-17 22:38:26 | ERROR | Periodic check error: (sqlite3.OperationalError) no such column: payments.network
[SQL: SELECT payments.id AS payments_id, payments.user_id AS payments_user_id, payments.tx_hash AS payments_tx_hash, payments.amount AS payments_amount, payments.currency AS payments_currency, payments.network AS payments_network, payments.status AS payments_status, payments.error_message AS payments_error_message, payments.verification_method AS payments_verification_method, payments.verification_attempts AS payments_verification_attempts, payments.last_check_at AS payments_last_check_at, payments.created_at AS payments_created_at, payments.verified_at AS payments_verified_at 
FROM payments 
WHERE payments.status = ?]
[parameters: ('pending',)]
(Background on this error at: https://sqlalche.me/e/20/e3q8)
2026-08-17 22:38:56 | ERROR | Periodic check error: (sqlite3.OperationalError) no such column: payments.network
[SQL: SELECT payments.id AS payments_id, payments.user_id AS payments_user_id, payments.tx_hash AS payments_tx_hash, payments.amount AS payments_amount, payments.currency AS payments_currency, payments.network AS payments_network, payments.status AS payments_status, payments.error_message AS payments_error_message, payments.verification_method AS payments_verification_method, payments.verification_attempts AS payments_verification_attempts, payments.last_check_at AS payments_last_check_at, payments.created_at AS payments_created_at, payments.verified_at AS payments_verified_at 
FROM payments 
WHERE payments.status = ?]
[parameters: ('pending',)]
(Background on this error at: https://sqlalche.me/e/20/e3q8)
2026-08-17 22:39:26 | ERROR | Periodic check error: (sqlite3.OperationalError) no such column: payments.network
[SQL: SELECT payments.id AS payments_id, payments.user_id AS payments_user_id, payments.tx_hash AS payments_tx_hash, payments.amount AS payments_amount, payments.currency AS payments_currency, payments.network AS payments_network, payments.status AS payments_status, payments.error_message AS payments_error_message, payments.verification_method AS payments_verification_method, payments.verification_attempts AS payments_verification_attempts, payments.last_check_at AS payments_last_check_at, payments.created_at AS payments_created_at, payments.verified_at AS payments_verified_at 
FROM payments 
WHERE payments.status = ?]
[parameters: ('pending',)]
(Background on this error at: https://sqlalche.me/e/20/e3q8)
2026-08-17 22:39:56 | ERROR | Periodic check error: (sqlite3.OperationalError) no such column: payments.network
[SQL: SELECT payments.id AS payments_id, payments.user_id AS payments_user_id, payments.tx_hash AS payments_tx_hash, payments.amount AS payments_amount, payments.currency AS payments_currency, payments.network AS payments_network, payments.status AS payments_status, payments.error_message AS payments_error_message, payments.verification_method AS payments_verification_method, payments.verification_attempts AS payments_verification_attempts, payments.last_check_at AS payments_last_check_at, payments.created_at AS payments_created_at, payments.verified_at AS payments_verified_at 
FROM payments 
WHERE payments.status = ?]
[parameters: ('pending',)]
(Background on this error at: https://sqlalche.me/e/20/e3q8)
2026-08-17 22:40:26 | ERROR | Periodic check error: (sqlite3.OperationalError) no such column: payments.network
[SQL: SELECT payments.id AS payments_id, payments.user_id AS payments_user_id, payments.tx_hash AS payments_tx_hash, payments.amount AS payments_amount, payments.currency AS payments_currency, payments.network AS payments_network, payments.status AS payments_status, payments.error_message AS payments_error_message, payments.verification_method AS payments_verification_method, payments.verification_attempts AS payments_verification_attempts, payments.last_check_at AS payments_last_check_at, payments.created_at AS payments_created_at, payments.verified_at AS payments_verified_at 
FROM payments 
WHERE payments.status = ?]
[parameters: ('pending',)]
(Background on this error at: https://sqlalche.me/e/20/e3q8)
2026-08-17 22:40:56 | ERROR | Periodic check error: (sqlite3.OperationalError) no such column: payments.network
[SQL: SELECT payments.id AS payments_id, payments.user_id AS payments_user_id, payments.tx_hash AS payments_tx_hash, payments.amount AS payments_amount, payments.currency AS payments_currency, payments.network AS payments_network, payments.status AS payments_status, payments.error_message AS payments_error_message, payments.verification_method AS payments_verification_method, payments.verification_attempts AS payments_verification_attempts, payments.last_check_at AS payments_last_check_at, payments.created_at AS payments_created_at, payments.verified_at AS payments_verified_at 
FROM payments 
WHERE payments.status = ?]
[parameters: ('pending',)]
(Background on this error at: https://sqlalche.me/e/20/e3q8)
2026-08-17 22:41:26 | ERROR | Periodic check error: (sqlite3.OperationalError) no such column: payments.network
[SQL: SELECT payments.id AS payments_id, payments.user_id AS payments_user_id, payments.tx_hash AS payments_tx_hash, payments.amount AS payments_amount, payments.currency AS payments_currency, payments.network AS payments_network, payments.status AS payments_status, payments.error_message AS payments_error_message, payments.verification_method AS payments_verification_method, payments.verification_attempts AS payments_verification_attempts, payments.last_check_at AS payments_last_check_at, payments.created_at AS payments_created_at, payments.verified_at AS payments_verified_at 
FROM payments 
WHERE payments.status = ?]
[parameters: ('pending',)]
(Background on this error at: https://sqlalche.me/e/20/e3q8)
2026-08-17 22:41:56 | ERROR | Periodic check error: (sqlite3.OperationalError) no such column: payments.network
[SQL: SELECT payments.id AS payments_id, payments.user_id AS payments_user_id, payments.tx_hash AS payments_tx_hash, payments.amount AS payments_amount, payments.currency AS payments_currency, payments.network AS payments_network, payments.status AS payments_status, payments.error_message AS payments_error_message, payments.verification_method AS payments_verification_method, payments.verification_attempts AS payments_verification_attempts, payments.last_check_at AS payments_last_check_at, payments.created_at AS payments_created_at, payments.verified_at AS payments_verified_at 
FROM payments 
WHERE payments.status = ?]
[parameters: ('pending',)]
(Background on this error at: https://sqlalche.me/e/20/e3q8)
2026-08-17 22:42:14 | INFO | \U0001f6d1 Sweetsnipe server shutting down...
2026-08-17 22:42:14 | INFO | \u2705 Server shutdown complete
2026-08-17 22:42:19 | INFO | Development CORS origins: ['http://localhost:3000', 'http://localhost:8000']
2026-08-17 22:42:19 | INFO | \U0001f680 Sweetsnipe server starting... (Environment: development)
2026-08-17 22:42:19 | INFO | \u2705 Server startup complete
2026-08-17 22:42:19 | ERROR | Periodic check error: (sqlite3.OperationalError) no such column: payments.network
[SQL: SELECT payments.id AS payments_id, payments.user_id AS payments_user_id, payments.tx_hash AS payments_tx_hash, payments.amount AS payments_amount, payments.currency AS payments_currency, payments.network AS payments_network, payments.status AS payments_status, payments.error_message AS payments_error_message, payments.verification_method AS payments_verification_method, payments.verification_attempts AS payments_verification_attempts, payments.last_check_at AS payments_last_check_at, payments.created_at AS payments_created_at, payments.verified_at AS payments_verified_at 
FROM payments 
WHERE payments.status = ?]
[parameters: ('pending',)]
(Background on this error at: https://sqlalche.me/e/20/e3q8)
2026-08-17 22:42:32 | INFO | \U0001f6d1 Sweetsnipe server shutting down...
2026-08-17 22:42:32 | INFO | \u2705 Server shutdown complete
2026-08-17 22:42:40 | INFO | Development CORS origins: ['http://localhost:3000', 'http://localhost:8000']
2026-08-17 22:42:40 | INFO | \U0001f680 Sweetsnipe server starting... (Environment: development)
2026-08-17 22:42:40 | INFO | \u2705 Server startup complete
2026-08-17 22:42:40 | ERROR | Periodic check error: (sqlite3.OperationalError) no such column: payments.network
[SQL: SELECT payments.id AS payments_id, payments.user_id AS payments_user_id, payments.tx_hash AS payments_tx_hash, payments.amount AS payments_amount, payments.currency AS payments_currency, payments.network AS payments_network, payments.status AS payments_status, payments.error_message AS payments_error_message, payments.verification_method AS payments_verification_method, payments.verification_attempts AS payments_verification_attempts, payments.last_check_at AS payments_last_check_at, payments.created_at AS payments_created_at, payments.verified_at AS payments_verified_at 
FROM payments 
WHERE payments.status = ?]
[parameters: ('pending',)]
(Background on this error at: https://sqlalche.me/e/20/e3q8)
2026-08-17 22:43:10 | ERROR | Periodic check error: (sqlite3.OperationalError) no such column: payments.network
[SQL: SELECT payments.id AS payments_id, payments.user_id AS payments_user_id, payments.tx_hash AS payments_tx_hash, payments.amount AS payments_amount, payments.currency AS payments_currency, payments.network AS payments_network, payments.status AS payments_status, payments.error_message AS payments_error_message, payments.verification_method AS payments_verification_method, payments.verification_attempts AS payments_verification_attempts, payments.last_check_at AS payments_last_check_at, payments.created_at AS payments_created_at, payments.verified_at AS payments_verified_at 
FROM payments 
WHERE payments.status = ?]
[parameters: ('pending',)]
(Background on this error at: https://sqlalche.me/e/20/e3q8)
2026-08-17 22:43:40 | ERROR | Periodic check error: (sqlite3.OperationalError) no such column: payments.network
[SQL: SELECT payments.id AS payments_id, payments.user_id AS payments_user_id, payments.tx_hash AS payments_tx_hash, payments.amount AS payments_amount, payments.currency AS payments_currency, payments.network AS payments_network, payments.status AS payments_status, payments.error_message AS payments_error_message, payments.verification_method AS payments_verification_method, payments.verification_attempts AS payments_verification_attempts, payments.last_check_at AS payments_last_check_at, payments.created_at AS payments_created_at, payments.verified_at AS payments_verified_at 
FROM payments 
WHERE payments.status = ?]
[parameters: ('pending',)]
(Background on this error at: https://sqlalche.me/e/20/e3q8)
2026-08-17 22:44:10 | ERROR | Periodic check error: (sqlite3.OperationalError) no such column: payments.network
[SQL: SELECT payments.id AS payments_id, payments.user_id AS payments_user_id, payments.tx_hash AS payments_tx_hash, payments.amount AS payments_amount, payments.currency AS payments_currency, payments.network AS payments_network, payments.status AS payments_status, payments.error_message AS payments_error_message, payments.verification_method AS payments_verification_method, payments.verification_attempts AS payments_verification_attempts, payments.last_check_at AS payments_last_check_at, payments.created_at AS payments_created_at, payments.verified_at AS payments_verified_at 
FROM payments 
WHERE payments.status = ?]
[parameters: ('pending',)]
(Background on this error at: https://sqlalche.me/e/20/e3q8)
2026-08-17 22:44:40 | ERROR | Periodic check error: (sqlite3.OperationalError) no such column: payments.network
[SQL: SELECT payments.id AS payments_id, payments.user_id AS payments_user_id, payments.tx_hash AS payments_tx_hash, payments.amount AS payments_amount, payments.currency AS payments_currency, payments.network AS payments_network, payments.status AS payments_status, payments.error_message AS payments_error_message, payments.verification_method AS payments_verification_method, payments.verification_attempts AS payments_verification_attempts, payments.last_check_at AS payments_last_check_at, payments.created_at AS payments_created_at, payments.verified_at AS payments_verified_at 
FROM payments 
WHERE payments.status = ?]
[parameters: ('pending',)]
(Background on this error at: https://sqlalche.me/e/20/e3q8)
2026-08-17 22:45:10 | ERROR | Periodic check error: (sqlite3.OperationalError) no such column: payments.network
[SQL: SELECT payments.id AS payments_id, payments.user_id AS payments_user_id, payments.tx_hash AS payments_tx_hash, payments.amount AS payments_amount, payments.currency AS payments_currency, payments.network AS payments_network, payments.status AS payments_status, payments.error_message AS payments_error_message, payments.verification_method AS payments_verification_method, payments.verification_attempts AS payments_verification_attempts, payments.last_check_at AS payments_last_check_at, payments.created_at AS payments_created_at, payments.verified_at AS payments_verified_at 
FROM payments 
WHERE payments.status = ?]
[parameters: ('pending',)]
(Background on this error at: https://sqlalche.me/e/20/e3q8)
2026-08-17 22:45:40 | ERROR | Periodic check error: (sqlite3.OperationalError) no such column: payments.network
[SQL: SELECT payments.id AS payments_id, payments.user_id AS payments_user_id, payments.tx_hash AS payments_tx_hash, payments.amount AS payments_amount, payments.currency AS payments_currency, payments.network AS payments_network, payments.status AS payments_status, payments.error_message AS payments_error_message, payments.verification_method AS payments_verification_method, payments.verification_attempts AS payments_verification_attempts, payments.last_check_at AS payments_last_check_at, payments.created_at AS payments_created_at, payments.verified_at AS payments_verified_at 
FROM payments 
WHERE payments.status = ?]
[parameters: ('pending',)]
(Background on this error at: https://sqlalche.me/e/20/e3q8)
2026-08-17 22:46:10 | ERROR | Periodic check error: (sqlite3.OperationalError) no such column: payments.network
[SQL: SELECT payments.id AS payments_id, payments.user_id AS payments_user_id, payments.tx_hash AS payments_tx_hash, payments.amount AS payments_amount, payments.currency AS payments_currency, payments.network AS payments_network, payments.status AS payments_status, payments.error_message AS payments_error_message, payments.verification_method AS payments_verification_method, payments.verification_attempts AS payments_verification_attempts, payments.last_check_at AS payments_last_check_at, payments.created_at AS payments_created_at, payments.verified_at AS payments_verified_at 
FROM payments 
WHERE payments.status = ?]
[parameters: ('pending',)]
(Background on this error at: https://sqlalche.me/e/20/e3q8)
2026-08-17 22:46:40 | ERROR | Periodic check error: (sqlite3.OperationalError) no such column: payments.network
[SQL: SELECT payments.id AS payments_id, payments.user_id AS payments_user_id, payments.tx_hash AS payments_tx_hash, payments.amount AS payments_amount, payments.currency AS payments_currency, payments.network AS payments_network, payments.status AS payments_status, payments.error_message AS payments_error_message, payments.verification_method AS payments_verification_method, payments.verification_attempts AS payments_verification_attempts, payments.last_check_at AS payments_last_check_at, payments.created_at AS payments_created_at, payments.verified_at AS payments_verified_at 
FROM payments 
WHERE payments.status = ?]
[parameters: ('pending',)]
(Background on this error at: https://sqlalche.me/e/20/e3q8)
2026-08-17 22:47:10 | ERROR | Periodic check error: (sqlite3.OperationalError) no such column: payments.network
[SQL: SELECT payments.id AS payments_id, payments.user_id AS payments_user_id, payments.tx_hash AS payments_tx_hash, payments.amount AS payments_amount, payments.currency AS payments_currency, payments.network AS payments_network, payments.status AS payments_status, payments.error_message AS payments_error_message, payments.verification_method AS payments_verification_method, payments.verification_attempts AS payments_verification_attempts, payments.last_check_at AS payments_last_check_at, payments.created_at AS payments_created_at, payments.verified_at AS payments_verified_at 
FROM payments 
WHERE payments.status = ?]
[parameters: ('pending',)]
(Background on this error at: https://sqlalche.me/e/20/e3q8)
2026-08-17 22:47:40 | ERROR | Periodic check error: (sqlite3.OperationalError) no such column: payments.network
[SQL: SELECT payments.id AS payments_id, payments.user_id AS payments_user_id, payments.tx_hash AS payments_tx_hash, payments.amount AS payments_amount, payments.currency AS payments_currency, payments.network AS payments_network, payments.status AS payments_status, payments.error_message AS payments_error_message, payments.verification_method AS payments_verification_method, payments.verification_attempts AS payments_verification_attempts, payments.last_check_at AS payments_last_check_at, payments.created_at AS payments_created_at, payments.verified_at AS payments_verified_at 
FROM payments 
WHERE payments.status = ?]
[parameters: ('pending',)]
(Background on this error at: https://sqlalche.me/e/20/e3q8)
2026-08-17 22:48:10 | ERROR | Periodic check error: (sqlite3.OperationalError) no such column: payments.network
[SQL: SELECT payments.id AS payments_id, payments.user_id AS payments_user_id, payments.tx_hash AS payments_tx_hash, payments.amount AS payments_amount, payments.currency AS payments_currency, payments.network AS payments_network, payments.status AS payments_status, payments.error_message AS payments_error_message, payments.verification_method AS payments_verification_method, payments.verification_attempts AS payments_verification_attempts, payments.last_check_at AS payments_last_check_at, payments.created_at AS payments_created_at, payments.verified_at AS payments_verified_at 
FROM payments 
WHERE payments.status = ?]
[parameters: ('pending',)]
(Background on this error at: https://sqlalche.me/e/20/e3q8)
2026-08-17 22:48:40 | ERROR | Periodic check error: (sqlite3.OperationalError) no such column: payments.network
[SQL: SELECT payments.id AS payments_id, payments.user_id AS payments_user_id, payments.tx_hash AS payments_tx_hash, payments.amount AS payments_amount, payments.currency AS payments_currency, payments.network AS payments_network, payments.status AS payments_status, payments.error_message AS payments_error_message, payments.verification_method AS payments_verification_method, payments.verification_attempts AS payments_verification_attempts, payments.last_check_at AS payments_last_check_at, payments.created_at AS payments_created_at, payments.verified_at AS payments_verified_at 
FROM payments 
WHERE payments.status = ?]
[parameters: ('pending',)]
(Background on this error at: https://sqlalche.me/e/20/e3q8)
2026-08-17 22:49:11 | ERROR | Periodic check error: (sqlite3.OperationalError) no such column: payments.network
[SQL: SELECT payments.id AS payments_id, payments.user_id AS payments_user_id, payments.tx_hash AS payments_tx_hash, payments.amount AS payments_amount, payments.currency AS payments_currency, payments.network AS payments_network, payments.status AS payments_status, payments.error_message AS payments_error_message, payments.verification_method AS payments_verification_method, payments.verification_attempts AS payments_verification_attempts, payments.last_check_at AS payments_last_check_at, payments.created_at AS payments_created_at, payments.verified_at AS payments_verified_at 
FROM payments 
WHERE payments.status = ?]
[parameters: ('pending',)]
(Background on this error at: https://sqlalche.me/e/20/e3q8)
2026-08-17 22:49:41 | ERROR | Periodic check error: (sqlite3.OperationalError) no such column: payments.network
[SQL: SELECT payments.id AS payments_id, payments.user_id AS payments_user_id, payments.tx_hash AS payments_tx_hash, payments.amount AS payments_amount, payments.currency AS payments_currency, payments.network AS payments_network, payments.status AS payments_status, payments.error_message AS payments_error_message, payments.verification_method AS payments_verification_method, payments.verification_attempts AS payments_verification_attempts, payments.last_check_at AS payments_last_check_at, payments.created_at AS payments_created_at, payments.verified_at AS payments_verified_at 
FROM payments 
WHERE payments.status = ?]
[parameters: ('pending',)]
(Background on this error at: https://sqlalche.me/e/20/e3q8)
2026-08-17 22:50:11 | ERROR | Periodic check error: (sqlite3.OperationalError) no such column: payments.network
[SQL: SELECT payments.id AS payments_id, payments.user_id AS payments_user_id, payments.tx_hash AS payments_tx_hash, payments.amount AS payments_amount, payments.currency AS payments_currency, payments.network AS payments_network, payments.status AS payments_status, payments.error_message AS payments_error_message, payments.verification_method AS payments_verification_method, payments.verification_attempts AS payments_verification_attempts, payments.last_check_at AS payments_last_check_at, payments.created_at AS payments_created_at, payments.verified_at AS payments_verified_at 
FROM payments 
WHERE payments.status = ?]
[parameters: ('pending',)]
(Background on this error at: https://sqlalche.me/e/20/e3q8)
2026-08-17 22:50:41 | ERROR | Periodic check error: (sqlite3.OperationalError) no such column: payments.network
[SQL: SELECT payments.id AS payments_id, payments.user_id AS payments_user_id, payments.tx_hash AS payments_tx_hash, payments.amount AS payments_amount, payments.currency AS payments_currency, payments.network AS payments_network, payments.status AS payments_status, payments.error_message AS payments_error_message, payments.verification_method AS payments_verification_method, payments.verification_attempts AS payments_verification_attempts, payments.last_check_at AS payments_last_check_at, payments.created_at AS payments_created_at, payments.verified_at AS payments_verified_at 
FROM payments 
WHERE payments.status = ?]
[parameters: ('pending',)]
(Background on this error at: https://sqlalche.me/e/20/e3q8)
2026-08-17 22:51:11 | ERROR | Periodic check error: (sqlite3.OperationalError) no such column: payments.network
[SQL: SELECT payments.id AS payments_id, payments.user_id AS payments_user_id, payments.tx_hash AS payments_tx_hash, payments.amount AS payments_amount, payments.currency AS payments_currency, payments.network AS payments_network, payments.status AS payments_status, payments.error_message AS payments_error_message, payments.verification_method AS payments_verification_method, payments.verification_attempts AS payments_verification_attempts, payments.last_check_at AS payments_last_check_at, payments.created_at AS payments_created_at, payments.verified_at AS payments_verified_at 
FROM payments 
WHERE payments.status = ?]
[parameters: ('pending',)]
(Background on this error at: https://sqlalche.me/e/20/e3q8)
2026-08-17 22:51:41 | ERROR | Periodic check error: (sqlite3.OperationalError) no such column: payments.network
[SQL: SELECT payments.id AS payments_id, payments.user_id AS payments_user_id, payments.tx_hash AS payments_tx_hash, payments.amount AS payments_amount, payments.currency AS payments_currency, payments.network AS payments_network, payments.status AS payments_status, payments.error_message AS payments_error_message, payments.verification_method AS payments_verification_method, payments.verification_attempts AS payments_verification_attempts, payments.last_check_at AS payments_last_check_at, payments.created_at AS payments_created_at, payments.verified_at AS payments_verified_at 
FROM payments 
WHERE payments.status = ?]
[parameters: ('pending',)]
(Background on this error at: https://sqlalche.me/e/20/e3q8)
2026-08-17 22:52:11 | ERROR | Periodic check error: (sqlite3.OperationalError) no such column: payments.network
[SQL: SELECT payments.id AS payments_id, payments.user_id AS payments_user_id, payments.tx_hash AS payments_tx_hash, payments.amount AS payments_amount, payments.currency AS payments_currency, payments.network AS payments_network, payments.status AS payments_status, payments.error_message AS payments_error_message, payments.verification_method AS payments_verification_method, payments.verification_attempts AS payments_verification_attempts, payments.last_check_at AS payments_last_check_at, payments.created_at AS payments_created_at, payments.verified_at AS payments_verified_at 
FROM payments 
WHERE payments.status = ?]
[parameters: ('pending',)]
(Background on this error at: https://sqlalche.me/e/20/e3q8)
2026-08-17 22:52:41 | ERROR | Periodic check error: (sqlite3.OperationalError) no such column: payments.network
[SQL: SELECT payments.id AS payments_id, payments.user_id AS payments_user_id, payments.tx_hash AS payments_tx_hash, payments.amount AS payments_amount, payments.currency AS payments_currency, payments.network AS payments_network, payments.status AS payments_status, payments.error_message AS payments_error_message, payments.verification_method AS payments_verification_method, payments.verification_attempts AS payments_verification_attempts, payments.last_check_at AS payments_last_check_at, payments.created_at AS payments_created_at, payments.verified_at AS payments_verified_at 
FROM payments 
WHERE payments.status = ?]
[parameters: ('pending',)]
(Background on this error at: https://sqlalche.me/e/20/e3q8)
2026-08-17 22:53:11 | ERROR | Periodic check error: (sqlite3.OperationalError) no such column: payments.network
[SQL: SELECT payments.id AS payments_id, payments.user_id AS payments_user_id, payments.tx_hash AS payments_tx_hash, payments.amount AS payments_amount, payments.currency AS payments_currency, payments.network AS payments_network, payments.status AS payments_status, payments.error_message AS payments_error_message, payments.verification_method AS payments_verification_method, payments.verification_attempts AS payments_verification_attempts, payments.last_check_at AS payments_last_check_at, payments.created_at AS payments_created_at, payments.verified_at AS payments_verified_at 
FROM payments 
WHERE payments.status = ?]
[parameters: ('pending',)]
(Background on this error at: https://sqlalche.me/e/20/e3q8)
2026-08-17 22:53:41 | ERROR | Periodic check error: (sqlite3.OperationalError) no such column: payments.network
[SQL: SELECT payments.id AS payments_id, payments.user_id AS payments_user_id, payments.tx_hash AS payments_tx_hash, payments.amount AS payments_amount, payments.currency AS payments_currency, payments.network AS payments_network, payments.status AS payments_status, payments.error_message AS payments_error_message, payments.verification_method AS payments_verification_method, payments.verification_attempts AS payments_verification_attempts, payments.last_check_at AS payments_last_check_at, payments.created_at AS payments_created_at, payments.verified_at AS payments_verified_at 
FROM payments 
WHERE payments.status = ?]
[parameters: ('pending',)]
(Background on this error at: https://sqlalche.me/e/20/e3q8)
2026-08-17 22:54:11 | ERROR | Periodic check error: (sqlite3.OperationalError) no such column: payments.network
[SQL: SELECT payments.id AS payments_id, payments.user_id AS payments_user_id, payments.tx_hash AS payments_tx_hash, payments.amount AS payments_amount, payments.currency AS payments_currency, payments.network AS payments_network, payments.status AS payments_status, payments.error_message AS payments_error_message, payments.verification_method AS payments_verification_method, payments.verification_attempts AS payments_verification_attempts, payments.last_check_at AS payments_last_check_at, payments.created_at AS payments_created_at, payments.verified_at AS payments_verified_at 
FROM payments 
WHERE payments.status = ?]
[parameters: ('pending',)]
(Background on this error at: https://sqlalche.me/e/20/e3q8)
2026-08-17 22:54:41 | ERROR | Periodic check error: (sqlite3.OperationalError) no such column: payments.network
[SQL: SELECT payments.id AS payments_id, payments.user_id AS payments_user_id, payments.tx_hash AS payments_tx_hash, payments.amount AS payments_amount, payments.currency AS payments_currency, payments.network AS payments_network, payments.status AS payments_status, payments.error_message AS payments_error_message, payments.verification_method AS payments_verification_method, payments.verification_attempts AS payments_verification_attempts, payments.last_check_at AS payments_last_check_at, payments.created_at AS payments_created_at, payments.verified_at AS payments_verified_at 
FROM payments 
WHERE payments.status = ?]
[parameters: ('pending',)]
(Background on this error at: https://sqlalche.me/e/20/e3q8)
2026-08-17 22:55:04 | INFO | \U0001f6d1 Sweetsnipe server shutting down...
2026-08-17 22:55:04 | INFO | \u2705 Server shutdown complete
2026-08-17 22:55:07 | INFO | Development CORS origins: ['http://localhost:3000', 'http://localhost:8000']
2026-08-17 22:55:07 | INFO | \U0001f680 Sweetsnipe server starting... (Environment: development)
2026-08-17 22:55:07 | INFO | \u2705 Server startup complete
2026-08-17 22:55:07 | ERROR | Periodic check error: (sqlite3.OperationalError) no such column: payments.network
[SQL: SELECT payments.id AS payments_id, payments.user_id AS payments_user_id, payments.tx_hash AS payments_tx_hash, payments.amount AS payments_amount, payments.currency AS payments_currency, payments.network AS payments_network, payments.status AS payments_status, payments.error_message AS payments_error_message, payments.verification_method AS payments_verification_method, payments.verification_attempts AS payments_verification_attempts, payments.last_check_at AS payments_last_check_at, payments.created_at AS payments_created_at, payments.verified_at AS payments_verified_at 
FROM payments 
WHERE payments.status = ?]
[parameters: ('pending',)]
(Background on this error at: https://sqlalche.me/e/20/e3q8)
2026-08-17 22:55:37 | ERROR | Periodic check error: (sqlite3.OperationalError) no such column: payments.network
[SQL: SELECT payments.id AS payments_id, payments.user_id AS payments_user_id, payments.tx_hash AS payments_tx_hash, payments.amount AS payments_amount, payments.currency AS payments_currency, payments.network AS payments_network, payments.status AS payments_status, payments.error_message AS payments_error_message, payments.verification_method AS payments_verification_method, payments.verification_attempts AS payments_verification_attempts, payments.last_check_at AS payments_last_check_at, payments.created_at AS payments_created_at, payments.verified_at AS payments_verified_at 
FROM payments 
WHERE payments.status = ?]
[parameters: ('pending',)]
(Background on this error at: https://sqlalche.me/e/20/e3q8)
2026-08-17 22:56:07 | ERROR | Periodic check error: (sqlite3.OperationalError) no such column: payments.network
[SQL: SELECT payments.id AS payments_id, payments.user_id AS payments_user_id, payments.tx_hash AS payments_tx_hash, payments.amount AS payments_amount, payments.currency AS payments_currency, payments.network AS payments_network, payments.status AS payments_status, payments.error_message AS payments_error_message, payments.verification_method AS payments_verification_method, payments.verification_attempts AS payments_verification_attempts, payments.last_check_at AS payments_last_check_at, payments.created_at AS payments_created_at, payments.verified_at AS payments_verified_at 
FROM payments 
WHERE payments.status = ?]
[parameters: ('pending',)]
(Background on this error at: https://sqlalche.me/e/20/e3q8)
2026-08-17 22:56:37 | ERROR | Periodic check error: (sqlite3.OperationalError) no such column: payments.network
[SQL: SELECT payments.id AS payments_id, payments.user_id AS payments_user_id, payments.tx_hash AS payments_tx_hash, payments.amount AS payments_amount, payments.currency AS payments_currency, payments.network AS payments_network, payments.status AS payments_status, payments.error_message AS payments_error_message, payments.verification_method AS payments_verification_method, payments.verification_attempts AS payments_verification_attempts, payments.last_check_at AS payments_last_check_at, payments.created_at AS payments_created_at, payments.verified_at AS payments_verified_at 
FROM payments 
WHERE payments.status = ?]
[parameters: ('pending',)]
(Background on this error at: https://sqlalche.me/e/20/e3q8)
2026-08-17 22:57:07 | ERROR | Periodic check error: (sqlite3.OperationalError) no such column: payments.network
[SQL: SELECT payments.id AS payments_id, payments.user_id AS payments_user_id, payments.tx_hash AS payments_tx_hash, payments.amount AS payments_amount, payments.currency AS payments_currency, payments.network AS payments_network, payments.status AS payments_status, payments.error_message AS payments_error_message, payments.verification_method AS payments_verification_method, payments.verification_attempts AS payments_verification_attempts, payments.last_check_at AS payments_last_check_at, payments.created_at AS payments_created_at, payments.verified_at AS payments_verified_at 
FROM payments 
WHERE payments.status = ?]
[parameters: ('pending',)]
(Background on this error at: https://sqlalche.me/e/20/e3q8)
2026-08-17 22:57:37 | ERROR | Periodic check error: (sqlite3.OperationalError) no such column: payments.network
[SQL: SELECT payments.id AS payments_id, payments.user_id AS payments_user_id, payments.tx_hash AS payments_tx_hash, payments.amount AS payments_amount, payments.currency AS payments_currency, payments.network AS payments_network, payments.status AS payments_status, payments.error_message AS payments_error_message, payments.verification_method AS payments_verification_method, payments.verification_attempts AS payments_verification_attempts, payments.last_check_at AS payments_last_check_at, payments.created_at AS payments_created_at, payments.verified_at AS payments_verified_at 
FROM payments 
WHERE payments.status = ?]
[parameters: ('pending',)]
(Background on this error at: https://sqlalche.me/e/20/e3q8)
2026-08-17 22:58:07 | ERROR | Periodic check error: (sqlite3.OperationalError) no such column: payments.network
[SQL: SELECT payments.id AS payments_id, payments.user_id AS payments_user_id, payments.tx_hash AS payments_tx_hash, payments.amount AS payments_amount, payments.currency AS payments_currency, payments.network AS payments_network, payments.status AS payments_status, payments.error_message AS payments_error_message, payments.verification_method AS payments_verification_method, payments.verification_attempts AS payments_verification_attempts, payments.last_check_at AS payments_last_check_at, payments.created_at AS payments_created_at, payments.verified_at AS payments_verified_at 
FROM payments 
WHERE payments.status = ?]
[parameters: ('pending',)]
(Background on this error at: https://sqlalche.me/e/20/e3q8)
2026-08-17 22:58:37 | ERROR | Periodic check error: (sqlite3.OperationalError) no such column: payments.network
[SQL: SELECT payments.id AS payments_id, payments.user_id AS payments_user_id, payments.tx_hash AS payments_tx_hash, payments.amount AS payments_amount, payments.currency AS payments_currency, payments.network AS payments_network, payments.status AS payments_status, payments.error_message AS payments_error_message, payments.verification_method AS payments_verification_method, payments.verification_attempts AS payments_verification_attempts, payments.last_check_at AS payments_last_check_at, payments.created_at AS payments_created_at, payments.verified_at AS payments_verified_at 
FROM payments 
WHERE payments.status = ?]
[parameters: ('pending',)]
(Background on this error at: https://sqlalche.me/e/20/e3q8)
2026-08-17 22:59:07 | ERROR | Periodic check error: (sqlite3.OperationalError) no such column: payments.network
[SQL: SELECT payments.id AS payments_id, payments.user_id AS payments_user_id, payments.tx_hash AS payments_tx_hash, payments.amount AS payments_amount, payments.currency AS payments_currency, payments.network AS payments_network, payments.status AS payments_status, payments.error_message AS payments_error_message, payments.verification_method AS payments_verification_method, payments.verification_attempts AS payments_verification_attempts, payments.last_check_at AS payments_last_check_at, payments.created_at AS payments_created_at, payments.verified_at AS payments_verified_at 
FROM payments 
WHERE payments.status = ?]
[parameters: ('pending',)]
(Background on this error at: https://sqlalche.me/e/20/e3q8)
2026-08-17 22:59:08 | INFO | \U0001f6d1 Sweetsnipe server shutting down...
2026-08-17 22:59:08 | INFO | \u2705 Server shutdown complete
2026-08-17 22:59:11 | INFO | Development CORS origins: ['http://localhost:3000', 'http://localhost:8000']
2026-08-18 12:40:31 | INFO | Production CORS origins: ['http://localhost:3000', 'http://localhost:8000']
